>>> [Config:env] Applied experiment overrides
>>> [Config:env] run_setting=tau_scale_15
>>> [Config:planned] model: loss=mse, d_model=64, layers=2, heads=4, context_len=8, num_alphas=158, val_emb=feature_tokenizer, time_emb=on, factor_gate=on, router=learned, feat_sel=off, alibi=off, macro=external(market_state_csi300.pkl, dim=auto, shift=0, strict=True), macro_drop=0.1
>>> [Config:planned] trainer: lr=5e-05, epochs=25, batch=300, accum=1, early_stop=0, warmup=on(ratio=0.05), precision=amp_fp16, seed=43, checkpoint=valid_rank_ic:max, train_stop=off, min_epochs=25, k=999999
>>> [Phase 1] Training Model...
>>> [MarketState] loaded data/market_state_csi300.pkl (dates=3710, dim=102), shift=0, strict=True
>>> [Schema] Packed-label detected on train segment: total_dim=159, feature_dim=158, label_dim=1. Adapter will treat the last 1 channel(s) at the final time step as label.

================================================================================
MODEL ARCHITECTURE SUMMARY
================================================================================
QuantMoEModel(
  (feature_tokenizer): FeatureTokenizer()
  (factor_id_emb): Embedding(158, 64)
  (emb_dropout): Dropout(p=0.1, inplace=False)
  (time_embedding): RegimeAdaptiveTimeEmbedding(
    (tau_norm): LayerNorm((64,), eps=1e-05, elementwise_affine=True)
    (tau_fc1): Linear(in_features=64, out_features=32, bias=True)
    (tau_fc2): Linear(in_features=32, out_features=1, bias=True)
  )
  (factor_gate): RegimeAdaptiveFactorGate(
    (regime_norm): LayerNorm((64,), eps=1e-05, elementwise_affine=True)
    (factor_norm): LayerNorm((64,), eps=1e-05, elementwise_affine=True)
    (proj_gamma): Linear(in_features=64, out_features=64, bias=False)
    (proj_beta): Linear(in_features=64, out_features=64, bias=False)
  )
  (regime_encoder): RegimeContextEncoder(
    (encoder): Sequential(
      (0): Linear(in_features=102, out_features=128, bias=True)
      (1): Tanh()
      (2): Dropout(p=0.1, inplace=False)
      (3): Linear(in_features=128, out_features=64, bias=True)
      (4): LayerNorm((64,), eps=1e-05, elementwise_affine=True)
    )
  )
  (layers): ModuleList(
    (0-1): 2 x RegimeAdaptiveMoEBlock(
      (layer_summary_proj): Linear(in_features=128, out_features=64, bias=False)
      (router): Sequential(
        (0): Linear(in_features=128, out_features=32, bias=True)
        (1): GELU(approximate='none')
        (2): Linear(in_features=32, out_features=2, bias=True)
      )
      (time_expert): ParallelAttention(
        (mha): MultiheadAttention(
          (out_proj): NonDynamicallyQuantizableLinear(in_features=64, out_features=64, bias=False)
        )
      )
      (factor_expert): ParallelAttention(
        (mha): MultiheadAttention(
          (out_proj): NonDynamicallyQuantizableLinear(in_features=64, out_features=64, bias=False)
        )
      )
      (norm1): LayerNorm((64,), eps=1e-05, elementwise_affine=True)
      (norm2): LayerNorm((64,), eps=1e-05, elementwise_affine=True)
      (ffn): Sequential(
        (0): Linear(in_features=64, out_features=128, bias=True)
        (1): GELU(approximate='none')
        (2): Dropout(p=0.1, inplace=False)
        (3): Linear(in_features=128, out_features=64, bias=True)
        (4): Dropout(p=0.1, inplace=False)
      )
    )
  )
  (final_norm): LayerNorm((64,), eps=1e-05, elementwise_affine=True)
  (factor_pooling): AdaptivePooling(
    (attention_pool): AttentionPooling(
      (mha): MultiheadAttention(
        (out_proj): NonDynamicallyQuantizableLinear(in_features=64, out_features=64, bias=False)
      )
      (norm): LayerNorm((64,), eps=1e-05, elementwise_affine=True)
    )
  )
  (head): Linear(in_features=64, out_features=1, bias=True)
)

--------------------------------------------------------------------------------
PARAMETER STATISTICS BY MODULE
--------------------------------------------------------------------------------
Module                    Params          Trainable       %Total    
-----------------------------------------------------------------
layers                    123,972         123,972         60.8      %
regime_encoder            21,568          21,568          10.6      %
feature_tokenizer         20,224          20,224          9.9       %
factor_pooling            16,576          16,576          8.1       %
factor_id_emb             10,112          10,112          5.0       %
factor_gate               8,448           8,448           4.1       %
time_embedding            2,754           2,754           1.4       %
final_norm                128             128             0.1       %
head                      65              65              0.0       %
-----------------------------------------------------------------
TOTAL                     203,847         203,847         100.0     %

--------------------------------------------------------------------------------
DETAILED LAYER BREAKDOWN
--------------------------------------------------------------------------------
Layer Name                                         Shape                     Params      
---------------------------------------------------------------------------------------
feature_tokenizer.weight                           [158, 64]                 10,112      
feature_tokenizer.bias                             [158, 64]                 10,112      
factor_id_emb.weight                               [158, 64]                 10,112      
time_embedding.pos                                 [8, 64]                   512         
time_embedding.tau_base                            []                        1           
time_embedding.tau_norm.weight                     [64]                      64          
time_embedding.tau_norm.bias                       [64]                      64          
time_embedding.tau_fc1.weight                      [32, 64]                  2,048       
time_embedding.tau_fc1.bias                        [32]                      32          
time_embedding.tau_fc2.weight                      [1, 32]                   32          
time_embedding.tau_fc2.bias                        [1]                       1           
factor_gate.regime_norm.weight                     [64]                      64          
factor_gate.regime_norm.bias                       [64]                      64          
factor_gate.factor_norm.weight                     [64]                      64          
factor_gate.factor_norm.bias                       [64]                      64          
factor_gate.proj_gamma.weight                      [64, 64]                  4,096       
factor_gate.proj_beta.weight                       [64, 64]                  4,096       
regime_encoder.encoder.0.weight                    [128, 102]                13,056      
regime_encoder.encoder.0.bias                      [128]                     128         
regime_encoder.encoder.3.weight                    [64, 128]                 8,192       
regime_encoder.encoder.3.bias                      [64]                      64          
regime_encoder.encoder.4.weight                    [64]                      64          
regime_encoder.encoder.4.bias                      [64]                      64          
layers.0.layer_summary_proj.weight                 [64, 128]                 8,192       
layers.0.router.0.weight                           [32, 128]                 4,096       
layers.0.router.0.bias                             [32]                      32          
layers.0.router.2.weight                           [2, 32]                   64          
layers.0.router.2.bias                             [2]                       2           
layers.0.time_expert.mha.in_proj_weight            [192, 64]                 12,288      
layers.0.time_expert.mha.out_proj.weight           [64, 64]                  4,096       
layers.0.factor_expert.mha.in_proj_weight          [192, 64]                 12,288      
layers.0.factor_expert.mha.out_proj.weight         [64, 64]                  4,096       
layers.0.norm1.weight                              [64]                      64          
layers.0.norm1.bias                                [64]                      64          
layers.0.norm2.weight                              [64]                      64          
layers.0.norm2.bias                                [64]                      64          
layers.0.ffn.0.weight                              [128, 64]                 8,192       
layers.0.ffn.0.bias                                [128]                     128         
layers.0.ffn.3.weight                              [64, 128]                 8,192       
layers.0.ffn.3.bias                                [64]                      64          
layers.1.layer_summary_proj.weight                 [64, 128]                 8,192       
layers.1.router.0.weight                           [32, 128]                 4,096       
layers.1.router.0.bias                             [32]                      32          
layers.1.router.2.weight                           [2, 32]                   64          
layers.1.router.2.bias                             [2]                       2           
layers.1.time_expert.mha.in_proj_weight            [192, 64]                 12,288      
layers.1.time_expert.mha.out_proj.weight           [64, 64]                  4,096       
layers.1.factor_expert.mha.in_proj_weight          [192, 64]                 12,288      
layers.1.factor_expert.mha.out_proj.weight         [64, 64]                  4,096       
layers.1.norm1.weight                              [64]                      64          
layers.1.norm1.bias                                [64]                      64          
layers.1.norm2.weight                              [64]                      64          
layers.1.norm2.bias                                [64]                      64          
layers.1.ffn.0.weight                              [128, 64]                 8,192       
layers.1.ffn.0.bias                                [128]                     128         
layers.1.ffn.3.weight                              [64, 128]                 8,192       
layers.1.ffn.3.bias                                [64]                      64          
final_norm.weight                                  [64]                      64          
final_norm.bias                                    [64]                      64          
factor_pooling.attention_pool.query                [1, 1, 64]                64          
factor_pooling.attention_pool.mha.in_proj_weight   [192, 64]                 12,288      
factor_pooling.attention_pool.mha.out_proj.weight  [64, 64]                  4,096       
factor_pooling.attention_pool.norm.weight          [64]                      64          
factor_pooling.attention_pool.norm.bias            [64]                      64          
head.weight                                        [1, 64]                   64          
head.bias                                          [1]                       1           
================================================================================

>>> [Sanity] loss=2.009504 grad_norm=5.877e+01 score_std=4.048e-02 label_std=1.353e+00 x_last_std=8.980e-01

================================================================================
COMPLETE MODEL CONFIGURATION (Resolved)
================================================================================

--- Architecture ---
Parameter                           Value                          Description              
------------------------------------------------------------------------------------------
d_model                             64                             Hidden dimension         
n_heads                             4                              Attention heads          
n_layers                            2                              Number of layers         
d_ff                                128                            FFN dimension            
num_alphas                          158                            Number of factors (N)    
context_len                         8                              Sequence length (T)      
dropout                             0.1                            Dropout rate             
initializer_range                   0.02                           Weight init std          

--- Value Embedding ---
Parameter                           Value                          Description              
------------------------------------------------------------------------------------------
value_embedding_type                feature_tokenizer              Value embedding type     
feature_tokenizer_bias              [+] ON                         FT bias                  
feature_tokenizer_add_factor_id     [-] OFF                        FT add factor ID         
feature_tokenizer_init_std          0.02                           FT init std              

--- Loss & Training ---
Parameter                           Value                          Description              
------------------------------------------------------------------------------------------
main_loss                           mse                            Primary loss function    
loss_weights                        {'listmle': 1.0, 'mse': 1.0, 'ic': 1.0} Loss weight dict         
listmle_tau                         0.8                            ListMLE temperature      
rank_topk                           5                              RankNet top-k            
huber_delta                         1                              Huber delta              
mse_normalize                       [-] OFF                        MSE normalize flag       

--- Regime-Adaptive Time Embedding ---
Parameter                           Value                          Description              
------------------------------------------------------------------------------------------
use_regime_time_embedding           [+] ON                         Enable time embedding    
time_tau_min                        0.5                            Min tau (short memory)   
time_tau_max                        50                             Max tau (long memory)    
time_tau_init                       5                              Initial tau              
time_emb_init_std                   0.02                           Time emb init std        
time_decay_normalize                [+] ON                         Normalize decay weights  

--- Regime-Adaptive Factor Gate ---
Parameter                           Value                          Description              
------------------------------------------------------------------------------------------
use_regime_factor_gate              [+] ON                         Enable factor gate (FiLM)
factor_gate_scale                   1                              Gate scale (gamma range) 
factor_gate_shift_scale             0.2                            Gate shift scale (beta)  

--- MoE Router ---
Parameter                           Value                          Description              
------------------------------------------------------------------------------------------
router_mode                         learned                        Router mode              
router_noise                        0.01                           Logit noise std          
router_temperature                  1                              Softmax temperature      
router_z_loss_coef                  0.01                           Z-loss coefficient       
router_use_layer_summary            [+] ON                         Use layer summary token  

--- Feature Selection ---
Parameter                           Value                          Description              
------------------------------------------------------------------------------------------
use_feature_selection               [-] OFF                        Enable feature selection 
selection_reg_lambda                1e-05                          Sparsity regularization  
selection_temperature               0.1                            Gumbel temperature       
selection_noise_std                 0.5                            Selection noise std      

--- Positional Encoding ---
Parameter                           Value                          Description              
------------------------------------------------------------------------------------------
use_alibi                           [-] OFF                        Use ALiBi bias           

--- Regime Context Encoder ---
Parameter                           Value                          Description              
------------------------------------------------------------------------------------------
use_external_macro                  [+] ON                         Use external macro features
d_macro_input                       102                            Macro input dimension    
regime_macro_dropout                0.1                            Macro dropout            
regime_internal_mode                long                           Internal mode (short/long)
regime_internal_lag                 5                              Internal lag steps       
regime_internal_use_batch_stats     [-] OFF                        Use batch statistics     
regime_internal_tail_threshold      2                              Tail threshold           

--- Pooling ---
Parameter                           Value                          Description              
------------------------------------------------------------------------------------------
pooling_alpha                       0.7                            Attention vs mean weight 

--- Trainer Configuration ---
Parameter                           Value                          Description              
------------------------------------------------------------------------------------------
lr                                  5e-05                          Learning rate            
epochs                              25                             Number of epochs         
batch_size                          300                            Batch size (stocks/day)  
grad_accum_steps                    1                              Accumulate K days/step   
early_stop                          0                              Early stop patience      
train_stop_key                      loss_main                      Train stop metric key    
train_stop_threshold                None                           Train stop threshold     
min_epochs                          25                             Min epochs before stop   
consecutive_k                       999999                         Consecutive epochs to stop
use_warmup                          [+] ON                         Enable LR warmup         
warmup_config                       3723/74475 steps               Warmup steps/ratio       
total_steps                         74475                          Total training steps     
random_seed                         43                             Random seed              
num_workers                         0                              DataLoader workers       
label_dim                           1                              Label dimension          
market_state_path                   market_state_csi300.pkl        Market state file        
market_state_shift                  0                              Market state shift       
market_state_strict                 [+] ON                         Strict market state      
================================================================================

>>> [Train] epochs=25, stop=train_threshold(off, min_epochs=25, k=999999)
>>> [Warn] non-finite gradients detected (tensors=7, values=440); optimizer step skipped and excluded from grad_norm metrics.
| Train 01 | time_embedding_norm:0.159689 | time_embedding_to_value_norm_ratio:1.294735 | time_tau:4.992993 | time_half_life:3.460879 | time_tau_std:0.005069 | time_tau_p10:4.986804 | time_tau_p90:4.999197 | time_tau_range_util:0.000250 | film_gamma_strength:0.002183 | film_beta_strength:0.000549 | factor_gate_mean:1.000018 | factor_gate_std:0.000440 | factor_gate_entropy:0.945317 | factor_gate_topk_mass_5:0.095376 | factor_gate_topk_mass_10:0.172601 | router_layer_0_time_ratio:0.522981 | router_layer_0_factor_ratio:0.477019 | router_layer_0_collapse_ratio:0.000000 | router_layer_0_entropy_norm:0.996121 | router_layer_0_logit_margin:0.096853 | expert_layer_0_time_expert_norm:3.826115 | expert_layer_0_factor_expert_norm:5.213520 | expert_layer_0_time_contrib_norm:2.001199 | expert_layer_0_factor_contrib_norm:2.488176 | expert_layer_0_contrib_norm_ratio:0.821994 | expert_layer_0_expert_cosine:-0.022177 | expert_layer_0_time_winner_ratio:0.163733 | router_layer_1_time_ratio:0.518080 | router_layer_1_factor_ratio:0.481920 | router_layer_1_collapse_ratio:0.000000 | router_layer_1_entropy_norm:0.995650 | router_layer_1_logit_margin:0.087251 | expert_layer_1_time_expert_norm:3.898463 | expert_layer_1_factor_expert_norm:5.078016 | expert_layer_1_time_contrib_norm:2.026566 | expert_layer_1_factor_contrib_norm:2.448743 | expert_layer_1_contrib_norm_ratio:0.853239 | expert_layer_1_expert_cosine:0.035538 | expert_layer_1_time_winner_ratio:0.205112 | loss_total:1.393546 | loss_main:1.391011 | loss_listmle:4.713061 | loss_mse:1.391011 | loss_ic:-0.038853 | loss_aux:0.002535 | loss_sparsity:0.000000 | valid_ratio:1.000000 | score_std:0.036592 | label_std:1.165816 | score_label_std_ratio:0.031641 | ic_pearson_batch:0.038854 | ic_raw:0.038854 | rank_ic_batch:0.041058 | rank_ic:0.041058 | gate_entropy:0.690295 | time_ratio:0.520530 | grad_nonfinite_tensors:3.250000 | grad_nonfinite_values:113.250000 | grad_norm:11.539537 | grad_norm_other:4.961758 | grad_norm_time_embedding:4.753308 | grad_norm_factor_film:0.007220 | grad_norm_regime_encoder:0.060049 | grad_norm_router:0.137936 | grad_norm_time_expert:0.801210 | grad_norm_factor_expert:2.413586 | grad_norm_pooling_head:8.858124 | optimizer_steps:2975.000000 | grad_attempt_steps:2979.000000 | grad_skipped_steps:4.000000 | grad_nonfinite_steps:4.000000 | grad_skipped_rate:0.001343 | grad_nonfinite_rate:0.001343 | lr:0.000040 | sampler_epoch:0.000000 | sampler_num_days:2979.000000 | sampler_num_batches:2979.000000 | sampler_batch_size:300.000000 | sampler_total_source_samples:856246.000000 | sampler_total_draws:893700.000000 | sampler_unique_samples:566603.000000 | sampler_coverage_ratio:0.661729 | sampler_coverage_gap_vs_full:0.338271 | sampler_duplicate_draws:327097.000000 | sampler_duplicate_rate:0.366003 | sampler_downsample_days:0.000000 | sampler_upsample_days:2877.000000 | sampler_exact_days:102.000000 | sampler_downsample_day_ratio:0.000000 | sampler_upsample_day_ratio:0.965760
| Valid 01 | time_embedding_norm:0.158417 | time_embedding_to_value_norm_ratio:1.252991 | time_tau:4.968085 | time_half_life:3.443614 | time_tau_std:0.000000 | time_tau_p10:4.968085 | time_tau_p90:4.968085 | time_tau_range_util:0.000000 | film_gamma_strength:0.010142 | film_beta_strength:0.002429 | factor_gate_mean:1.000540 | factor_gate_std:0.001951 | factor_gate_entropy:0.949560 | factor_gate_topk_mass_5:0.091159 | factor_gate_topk_mass_10:0.164174 | router_layer_0_time_ratio:0.588956 | router_layer_0_factor_ratio:0.411044 | router_layer_0_collapse_ratio:0.000000 | router_layer_0_entropy_norm:0.976715 | router_layer_0_logit_margin:0.359822 | expert_layer_0_time_expert_norm:3.974064 | expert_layer_0_factor_expert_norm:5.341888 | expert_layer_0_time_contrib_norm:2.340281 | expert_layer_0_factor_contrib_norm:2.195617 | expert_layer_0_contrib_norm_ratio:1.079352 | expert_layer_0_expert_cosine:-0.013357 | expert_layer_0_time_winner_ratio:0.588116 | router_layer_1_time_ratio:0.598038 | router_layer_1_factor_ratio:0.401962 | router_layer_1_collapse_ratio:0.000000 | router_layer_1_entropy_norm:0.963616 | router_layer_1_logit_margin:0.409214 | expert_layer_1_time_expert_norm:5.185977 | expert_layer_1_factor_expert_norm:5.455159 | expert_layer_1_time_contrib_norm:3.102754 | expert_layer_1_factor_contrib_norm:2.192610 | expert_layer_1_contrib_norm_ratio:1.463503 | expert_layer_1_expert_cosine:0.042754 | expert_layer_1_time_winner_ratio:0.893954 | loss_total:0.061779 | loss_main:0.061753 | loss_listmle:4.714831 | loss_mse:0.061753 | loss_ic:-0.037676 | loss_aux:0.000026 | loss_sparsity:0.000000 | valid_ratio:1.000000 | score_std:0.052653 | label_std:0.045755 | score_label_std_ratio:1.191970 | gate_entropy:0.672468 | time_ratio:0.593497 | ic_pearson_daily:0.037694 | rank_ic_daily:0.036703 | ic_raw:0.037694 | rank_ic:0.036703
| Train 02 | time_embedding_norm:0.155427 | time_embedding_to_value_norm_ratio:1.187561 | time_tau:4.993331 | time_half_life:3.461114 | time_tau_std:0.005303 | time_tau_p10:4.986869 | time_tau_p90:4.999784 | time_tau_range_util:0.000261 | film_gamma_strength:0.023337 | film_beta_strength:0.003427 | factor_gate_mean:0.999750 | factor_gate_std:0.004817 | factor_gate_entropy:0.947447 | factor_gate_topk_mass_5:0.093851 | factor_gate_topk_mass_10:0.166618 | router_layer_0_time_ratio:0.700918 | router_layer_0_factor_ratio:0.299082 | router_layer_0_collapse_ratio:0.000000 | router_layer_0_entropy_norm:0.869260 | router_layer_0_logit_margin:0.866008 | expert_layer_0_time_expert_norm:4.651628 | expert_layer_0_factor_expert_norm:4.945832 | expert_layer_0_time_contrib_norm:3.285776 | expert_layer_0_factor_contrib_norm:1.481003 | expert_layer_0_contrib_norm_ratio:2.409699 | expert_layer_0_expert_cosine:-0.007979 | expert_layer_0_time_winner_ratio:0.984154 | router_layer_1_time_ratio:0.586851 | router_layer_1_factor_ratio:0.413149 | router_layer_1_collapse_ratio:0.000000 | router_layer_1_entropy_norm:0.955141 | router_layer_1_logit_margin:0.410658 | expert_layer_1_time_expert_norm:7.054475 | expert_layer_1_factor_expert_norm:4.595674 | expert_layer_1_time_contrib_norm:4.178879 | expert_layer_1_factor_contrib_norm:1.905051 | expert_layer_1_contrib_norm_ratio:2.505990 | expert_layer_1_expert_cosine:0.014184 | expert_layer_1_time_winner_ratio:0.929583 | loss_total:1.383746 | loss_main:1.383732 | loss_listmle:4.711499 | loss_mse:1.383732 | loss_ic:-0.081701 | loss_aux:0.000014 | loss_sparsity:0.000000 | valid_ratio:1.000000 | score_std:0.072294 | label_std:1.164664 | score_label_std_ratio:0.062597 | ic_pearson_batch:0.081703 | ic_raw:0.081703 | rank_ic_batch:0.083757 | rank_ic:0.083757 | gate_entropy:0.632289 | time_ratio:0.643884 | grad_norm:6.986323 | grad_norm_other:2.477016 | grad_norm_time_embedding:3.311999 | grad_norm_factor_film:0.023613 | grad_norm_regime_encoder:0.169410 | grad_norm_router:0.285191 | grad_norm_time_expert:0.674261 | grad_norm_factor_expert:0.901593 | grad_norm_pooling_head:5.465228 | optimizer_steps:2979.000000 | grad_attempt_steps:2979.000000 | grad_skipped_steps:0.000000 | grad_nonfinite_steps:0.000000 | grad_skipped_rate:0.000000 | grad_nonfinite_rate:0.000000 | lr:0.000050 | sampler_epoch:1.000000 | sampler_num_days:2979.000000 | sampler_num_batches:2979.000000 | sampler_batch_size:300.000000 | sampler_total_source_samples:856246.000000 | sampler_total_draws:893700.000000 | sampler_unique_samples:566471.000000 | sampler_coverage_ratio:0.661575 | sampler_coverage_gap_vs_full:0.338425 | sampler_duplicate_draws:327229.000000 | sampler_duplicate_rate:0.366151 | sampler_downsample_days:0.000000 | sampler_upsample_days:2877.000000 | sampler_exact_days:102.000000 | sampler_downsample_day_ratio:0.000000 | sampler_upsample_day_ratio:0.965760
| Valid 02 | time_embedding_norm:0.152560 | time_embedding_to_value_norm_ratio:1.114029 | time_tau:4.988888 | time_half_life:3.458034 | time_tau_std:0.000000 | time_tau_p10:4.988888 | time_tau_p90:4.988888 | time_tau_range_util:0.000000 | film_gamma_strength:0.034501 | film_beta_strength:0.004174 | factor_gate_mean:1.001653 | factor_gate_std:0.007569 | factor_gate_entropy:0.943306 | factor_gate_topk_mass_5:0.094968 | factor_gate_topk_mass_10:0.169164 | router_layer_0_time_ratio:0.798681 | router_layer_0_factor_ratio:0.201319 | router_layer_0_collapse_ratio:0.000000 | router_layer_0_entropy_norm:0.724292 | router_layer_0_logit_margin:1.378754 | expert_layer_0_time_expert_norm:5.727301 | expert_layer_0_factor_expert_norm:5.119661 | expert_layer_0_time_contrib_norm:4.573984 | expert_layer_0_factor_contrib_norm:1.030261 | expert_layer_0_contrib_norm_ratio:4.484100 | expert_layer_0_expert_cosine:-0.003020 | expert_layer_0_time_winner_ratio:1.000000 | router_layer_1_time_ratio:0.668156 | router_layer_1_factor_ratio:0.331844 | router_layer_1_collapse_ratio:0.000000 | router_layer_1_entropy_norm:0.895554 | router_layer_1_logit_margin:0.728775 | expert_layer_1_time_expert_norm:11.123149 | expert_layer_1_factor_expert_norm:4.406906 | expert_layer_1_time_contrib_norm:7.453809 | expert_layer_1_factor_contrib_norm:1.463643 | expert_layer_1_contrib_norm_ratio:5.538714 | expert_layer_1_expert_cosine:0.007594 | expert_layer_1_time_winner_ratio:1.000000 | loss_total:0.076839 | loss_main:0.076814 | loss_listmle:4.714419 | loss_mse:0.076814 | loss_ic:-0.046974 | loss_aux:0.000025 | loss_sparsity:0.000000 | valid_ratio:1.000000 | score_std:0.077076 | label_std:0.045755 | score_label_std_ratio:1.749370 | gate_entropy:0.561396 | time_ratio:0.733418 | ic_pearson_daily:0.046989 | rank_ic_daily:0.047761 | ic_raw:0.046989 | rank_ic:0.047761
| Train 03 | time_embedding_norm:0.150919 | time_embedding_to_value_norm_ratio:1.076237 | time_tau:5.019152 | time_half_life:3.479011 | time_tau_std:0.009480 | time_tau_p10:5.007378 | time_tau_p90:5.030895 | time_tau_range_util:0.000475 | film_gamma_strength:0.043582 | film_beta_strength:0.004434 | factor_gate_mean:0.999635 | factor_gate_std:0.009767 | factor_gate_entropy:0.941816 | factor_gate_topk_mass_5:0.097303 | factor_gate_topk_mass_10:0.174134 | router_layer_0_time_ratio:0.807170 | router_layer_0_factor_ratio:0.192830 | router_layer_0_collapse_ratio:0.000000 | router_layer_0_entropy_norm:0.704824 | router_layer_0_logit_margin:1.438670 | expert_layer_0_time_expert_norm:6.240749 | expert_layer_0_factor_expert_norm:4.863242 | expert_layer_0_time_contrib_norm:5.041507 | expert_layer_0_factor_contrib_norm:0.936919 | expert_layer_0_contrib_norm_ratio:5.542468 | expert_layer_0_expert_cosine:-0.001508 | expert_layer_0_time_winner_ratio:1.000000 | router_layer_1_time_ratio:0.631186 | router_layer_1_factor_ratio:0.368814 | router_layer_1_collapse_ratio:0.000000 | router_layer_1_entropy_norm:0.915759 | router_layer_1_logit_margin:0.609050 | expert_layer_1_time_expert_norm:12.040027 | expert_layer_1_factor_expert_norm:3.857149 | expert_layer_1_time_contrib_norm:7.652323 | expert_layer_1_factor_contrib_norm:1.428178 | expert_layer_1_contrib_norm_ratio:6.229695 | expert_layer_1_expert_cosine:0.006741 | expert_layer_1_time_winner_ratio:1.000000 | loss_total:1.380307 | loss_main:1.380294 | loss_listmle:4.709031 | loss_mse:1.380294 | loss_ic:-0.100320 | loss_aux:0.000014 | loss_sparsity:0.000000 | valid_ratio:1.000000 | score_std:0.096713 | label_std:1.166669 | score_label_std_ratio:0.083603 | ic_pearson_batch:0.100322 | ic_raw:0.100322 | rank_ic_batch:0.103033 | rank_ic:0.103033 | gate_entropy:0.561651 | time_ratio:0.719178 | grad_norm:5.124488 | grad_norm_other:1.707841 | grad_norm_time_embedding:3.007726 | grad_norm_factor_film:0.035705 | grad_norm_regime_encoder:0.212673 | grad_norm_router:0.251802 | grad_norm_time_expert:0.588324 | grad_norm_factor_expert:0.449285 | grad_norm_pooling_head:3.635813 | grad_nonfinite_tensors:1.000000 | grad_nonfinite_values:2.000000 | optimizer_steps:2978.000000 | grad_attempt_steps:2979.000000 | grad_skipped_steps:1.000000 | grad_nonfinite_steps:1.000000 | grad_skipped_rate:0.000336 | grad_nonfinite_rate:0.000336 | lr:0.000049 | sampler_epoch:2.000000 | sampler_num_days:2979.000000 | sampler_num_batches:2979.000000 | sampler_batch_size:300.000000 | sampler_total_source_samples:856246.000000 | sampler_total_draws:893700.000000 | sampler_unique_samples:566572.000000 | sampler_coverage_ratio:0.661693 | sampler_coverage_gap_vs_full:0.338307 | sampler_duplicate_draws:327128.000000 | sampler_duplicate_rate:0.366038 | sampler_downsample_days:0.000000 | sampler_upsample_days:2877.000000 | sampler_exact_days:102.000000 | sampler_downsample_day_ratio:0.000000 | sampler_upsample_day_ratio:0.965760
| Valid 03 | time_embedding_norm:0.148720 | time_embedding_to_value_norm_ratio:1.031085 | time_tau:5.098658 | time_half_life:3.534120 | time_tau_std:0.000000 | time_tau_p10:5.098658 | time_tau_p90:5.098658 | time_tau_range_util:0.000000 | film_gamma_strength:0.050324 | film_beta_strength:0.005435 | factor_gate_mean:1.001172 | factor_gate_std:0.011259 | factor_gate_entropy:0.939130 | factor_gate_topk_mass_5:0.100939 | factor_gate_topk_mass_10:0.180165 | router_layer_0_time_ratio:0.829582 | router_layer_0_factor_ratio:0.170418 | router_layer_0_collapse_ratio:0.000000 | router_layer_0_entropy_norm:0.656985 | router_layer_0_logit_margin:1.587947 | expert_layer_0_time_expert_norm:6.856525 | expert_layer_0_factor_expert_norm:5.100014 | expert_layer_0_time_contrib_norm:5.686299 | expert_layer_0_factor_contrib_norm:0.869259 | expert_layer_0_contrib_norm_ratio:6.678738 | expert_layer_0_expert_cosine:-0.002953 | expert_layer_0_time_winner_ratio:1.000000 | router_layer_1_time_ratio:0.715532 | router_layer_1_factor_ratio:0.284468 | router_layer_1_collapse_ratio:0.000000 | router_layer_1_entropy_norm:0.840129 | router_layer_1_logit_margin:0.955068 | expert_layer_1_time_expert_norm:14.374016 | expert_layer_1_factor_expert_norm:3.777115 | expert_layer_1_time_contrib_norm:10.321233 | expert_layer_1_factor_contrib_norm:1.075782 | expert_layer_1_contrib_norm_ratio:10.569607 | expert_layer_1_expert_cosine:0.013308 | expert_layer_1_time_winner_ratio:1.000000 | loss_total:0.055760 | loss_main:0.055744 | loss_listmle:4.722656 | loss_mse:0.055744 | loss_ic:-0.050579 | loss_aux:0.000017 | loss_sparsity:0.000000 | valid_ratio:1.000000 | score_std:0.143141 | label_std:0.045755 | score_label_std_ratio:3.244920 | gate_entropy:0.518860 | time_ratio:0.772557 | ic_pearson_daily:0.050590 | rank_ic_daily:0.049632 | ic_raw:0.050590 | rank_ic:0.049632
| Train 04 | time_embedding_norm:0.147300 | time_embedding_to_value_norm_ratio:1.003092 | time_tau:5.059049 | time_half_life:3.506665 | time_tau_std:0.018910 | time_tau_p10:5.035403 | time_tau_p90:5.082559 | time_tau_range_util:0.000953 | film_gamma_strength:0.056153 | film_beta_strength:0.005708 | factor_gate_mean:0.998833 | factor_gate_std:0.012338 | factor_gate_entropy:0.935969 | factor_gate_topk_mass_5:0.104371 | factor_gate_topk_mass_10:0.185544 | router_layer_0_time_ratio:0.820620 | router_layer_0_factor_ratio:0.179380 | router_layer_0_collapse_ratio:0.000000 | router_layer_0_entropy_norm:0.673500 | router_layer_0_logit_margin:1.535959 | expert_layer_0_time_expert_norm:7.181014 | expert_layer_0_factor_expert_norm:4.861635 | expert_layer_0_time_contrib_norm:5.890895 | expert_layer_0_factor_contrib_norm:0.871819 | expert_layer_0_contrib_norm_ratio:7.079397 | expert_layer_0_expert_cosine:-0.003097 | expert_layer_0_time_winner_ratio:1.000000 | router_layer_1_time_ratio:0.664344 | router_layer_1_factor_ratio:0.335656 | router_layer_1_collapse_ratio:0.000000 | router_layer_1_entropy_norm:0.878036 | router_layer_1_logit_margin:0.764548 | expert_layer_1_time_expert_norm:16.220654 | expert_layer_1_factor_expert_norm:3.847584 | expert_layer_1_time_contrib_norm:10.852245 | expert_layer_1_factor_contrib_norm:1.301260 | expert_layer_1_contrib_norm_ratio:10.228670 | expert_layer_1_expert_cosine:0.018698 | expert_layer_1_time_winner_ratio:1.000000 | loss_total:1.373271 | loss_main:1.373255 | loss_listmle:4.707233 | loss_mse:1.373255 | loss_ic:-0.110121 | loss_aux:0.000016 | loss_sparsity:0.000000 | valid_ratio:1.000000 | score_std:0.112684 | label_std:1.165067 | score_label_std_ratio:0.097577 | ic_pearson_batch:0.110122 | ic_raw:0.110122 | rank_ic_batch:0.113173 | rank_ic:0.113173 | gate_entropy:0.537721 | time_ratio:0.742482 | grad_norm:4.760828 | grad_norm_other:1.672622 | grad_norm_time_embedding:3.052158 | grad_norm_factor_film:0.047126 | grad_norm_regime_encoder:0.288344 | grad_norm_router:0.289392 | grad_norm_time_expert:0.612441 | grad_norm_factor_expert:0.375074 | grad_norm_pooling_head:3.045729 | grad_nonfinite_tensors:1.000000 | grad_nonfinite_values:3.000000 | optimizer_steps:2978.000000 | grad_attempt_steps:2979.000000 | grad_skipped_steps:1.000000 | grad_nonfinite_steps:1.000000 | grad_skipped_rate:0.000336 | grad_nonfinite_rate:0.000336 | lr:0.000048 | sampler_epoch:3.000000 | sampler_num_days:2979.000000 | sampler_num_batches:2979.000000 | sampler_batch_size:300.000000 | sampler_total_source_samples:856246.000000 | sampler_total_draws:893700.000000 | sampler_unique_samples:566781.000000 | sampler_coverage_ratio:0.661937 | sampler_coverage_gap_vs_full:0.338063 | sampler_duplicate_draws:326919.000000 | sampler_duplicate_rate:0.365804 | sampler_downsample_days:0.000000 | sampler_upsample_days:2877.000000 | sampler_exact_days:102.000000 | sampler_downsample_day_ratio:0.000000 | sampler_upsample_day_ratio:0.965760
| Valid 04 | time_embedding_norm:0.145602 | time_embedding_to_value_norm_ratio:0.967974 | time_tau:5.190780 | time_half_life:3.597975 | time_tau_std:0.000000 | time_tau_p10:5.190780 | time_tau_p90:5.190780 | time_tau_range_util:0.000000 | film_gamma_strength:0.052824 | film_beta_strength:0.006299 | factor_gate_mean:0.999912 | factor_gate_std:0.011376 | factor_gate_entropy:0.937832 | factor_gate_topk_mass_5:0.103799 | factor_gate_topk_mass_10:0.185358 | router_layer_0_time_ratio:0.846710 | router_layer_0_factor_ratio:0.153290 | router_layer_0_collapse_ratio:0.000000 | router_layer_0_entropy_norm:0.612995 | router_layer_0_logit_margin:1.727039 | expert_layer_0_time_expert_norm:8.290309 | expert_layer_0_factor_expert_norm:5.030332 | expert_layer_0_time_contrib_norm:7.017296 | expert_layer_0_factor_contrib_norm:0.771376 | expert_layer_0_contrib_norm_ratio:9.567342 | expert_layer_0_expert_cosine:-0.004849 | expert_layer_0_time_winner_ratio:1.000000 | router_layer_1_time_ratio:0.768227 | router_layer_1_factor_ratio:0.231773 | router_layer_1_collapse_ratio:0.000000 | router_layer_1_entropy_norm:0.757198 | router_layer_1_logit_margin:1.244461 | expert_layer_1_time_expert_norm:21.932842 | expert_layer_1_factor_expert_norm:3.655737 | expert_layer_1_time_contrib_norm:16.897233 | expert_layer_1_factor_contrib_norm:0.852327 | expert_layer_1_contrib_norm_ratio:22.601902 | expert_layer_1_expert_cosine:0.039190 | expert_layer_1_time_winner_ratio:1.000000 | loss_total:0.041225 | loss_main:0.041213 | loss_listmle:4.713374 | loss_mse:0.041213 | loss_ic:-0.049165 | loss_aux:0.000012 | loss_sparsity:0.000000 | valid_ratio:1.000000 | score_std:0.111565 | label_std:0.045755 | score_label_std_ratio:2.525641 | gate_entropy:0.474873 | time_ratio:0.807468 | ic_pearson_daily:0.049175 | rank_ic_daily:0.055535 | ic_raw:0.049175 | rank_ic:0.055535
| Train 05 | time_embedding_norm:0.144551 | time_embedding_to_value_norm_ratio:0.950561 | time_tau:5.083335 | time_half_life:3.523500 | time_tau_std:0.025209 | time_tau_p10:5.051685 | time_tau_p90:5.114732 | time_tau_range_util:0.001274 | film_gamma_strength:0.061039 | film_beta_strength:0.006179 | factor_gate_mean:0.998546 | factor_gate_std:0.012893 | factor_gate_entropy:0.937853 | factor_gate_topk_mass_5:0.105426 | factor_gate_topk_mass_10:0.188578 | router_layer_0_time_ratio:0.799283 | router_layer_0_factor_ratio:0.200717 | router_layer_0_collapse_ratio:0.000000 | router_layer_0_entropy_norm:0.710141 | router_layer_0_logit_margin:1.414809 | expert_layer_0_time_expert_norm:8.062554 | expert_layer_0_factor_expert_norm:4.902170 | expert_layer_0_time_contrib_norm:6.439992 | expert_layer_0_factor_contrib_norm:0.984668 | expert_layer_0_contrib_norm_ratio:7.193701 | expert_layer_0_expert_cosine:-0.005732 | expert_layer_0_time_winner_ratio:1.000000 | router_layer_1_time_ratio:0.706976 | router_layer_1_factor_ratio:0.293024 | router_layer_1_collapse_ratio:0.000000 | router_layer_1_entropy_norm:0.826762 | router_layer_1_logit_margin:0.964917 | expert_layer_1_time_expert_norm:19.099121 | expert_layer_1_factor_expert_norm:4.152346 | expert_layer_1_time_contrib_norm:13.573417 | expert_layer_1_factor_contrib_norm:1.224891 | expert_layer_1_contrib_norm_ratio:13.995792 | expert_layer_1_expert_cosine:0.026195 | expert_layer_1_time_winner_ratio:1.000000 | loss_total:1.373614 | loss_main:1.373593 | loss_listmle:4.706581 | loss_mse:1.373593 | loss_ic:-0.117574 | loss_aux:0.000021 | loss_sparsity:0.000000 | valid_ratio:1.000000 | score_std:0.121151 | label_std:1.166656 | score_label_std_ratio:0.104812 | ic_pearson_batch:0.117576 | ic_raw:0.117576 | rank_ic_batch:0.118563 | rank_ic:0.118563 | gate_entropy:0.532650 | time_ratio:0.753129 | grad_norm:4.436270 | grad_norm_other:1.583284 | grad_norm_time_embedding:2.914743 | grad_norm_factor_film:0.049614 | grad_norm_regime_encoder:0.319846 | grad_norm_router:0.315281 | grad_norm_time_expert:0.545193 | grad_norm_factor_expert:0.358016 | grad_norm_pooling_head:2.719414 | grad_nonfinite_tensors:1.000000 | grad_nonfinite_values:4.000000 | optimizer_steps:2978.000000 | grad_attempt_steps:2979.000000 | grad_skipped_steps:1.000000 | grad_nonfinite_steps:1.000000 | grad_skipped_rate:0.000336 | grad_nonfinite_rate:0.000336 | lr:0.000047 | sampler_epoch:4.000000 | sampler_num_days:2979.000000 | sampler_num_batches:2979.000000 | sampler_batch_size:300.000000 | sampler_total_source_samples:856246.000000 | sampler_total_draws:893700.000000 | sampler_unique_samples:566623.000000 | sampler_coverage_ratio:0.661753 | sampler_coverage_gap_vs_full:0.338247 | sampler_duplicate_draws:327077.000000 | sampler_duplicate_rate:0.365981 | sampler_downsample_days:0.000000 | sampler_upsample_days:2877.000000 | sampler_exact_days:102.000000 | sampler_downsample_day_ratio:0.000000 | sampler_upsample_day_ratio:0.965760
| Valid 05 | time_embedding_norm:0.143102 | time_embedding_to_value_norm_ratio:0.922464 | time_tau:5.279726 | time_half_life:3.659627 | time_tau_std:0.000000 | time_tau_p10:5.279726 | time_tau_p90:5.279726 | time_tau_range_util:0.000000 | film_gamma_strength:0.053446 | film_beta_strength:0.006792 | factor_gate_mean:1.000053 | factor_gate_std:0.010904 | factor_gate_entropy:0.937940 | factor_gate_topk_mass_5:0.104755 | factor_gate_topk_mass_10:0.188371 | router_layer_0_time_ratio:0.783677 | router_layer_0_factor_ratio:0.216323 | router_layer_0_collapse_ratio:0.000000 | router_layer_0_entropy_norm:0.740927 | router_layer_0_logit_margin:1.316655 | expert_layer_0_time_expert_norm:8.558022 | expert_layer_0_factor_expert_norm:5.272996 | expert_layer_0_time_contrib_norm:6.703465 | expert_layer_0_factor_contrib_norm:1.142934 | expert_layer_0_contrib_norm_ratio:6.447212 | expert_layer_0_expert_cosine:-0.008521 | expert_layer_0_time_winner_ratio:1.000000 | router_layer_1_time_ratio:0.780569 | router_layer_1_factor_ratio:0.219431 | router_layer_1_collapse_ratio:0.000000 | router_layer_1_entropy_norm:0.733601 | router_layer_1_logit_margin:1.319257 | expert_layer_1_time_expert_norm:20.665485 | expert_layer_1_factor_expert_norm:4.355132 | expert_layer_1_time_contrib_norm:16.168299 | expert_layer_1_factor_contrib_norm:0.959122 | expert_layer_1_contrib_norm_ratio:19.426265 | expert_layer_1_expert_cosine:0.024460 | expert_layer_1_time_winner_ratio:1.000000 | loss_total:0.034960 | loss_main:0.034942 | loss_listmle:4.722060 | loss_mse:0.034942 | loss_ic:-0.050176 | loss_aux:0.000018 | loss_sparsity:0.000000 | valid_ratio:1.000000 | score_std:0.168667 | label_std:0.045755 | score_label_std_ratio:3.803902 | gate_entropy:0.511032 | time_ratio:0.782123 | ic_pearson_daily:0.050184 | rank_ic_daily:0.056459 | ic_raw:0.050184 | rank_ic:0.056459
| Train 06 | time_embedding_norm:0.141529 | time_embedding_to_value_norm_ratio:0.903824 | time_tau:5.089427 | time_half_life:3.527722 | time_tau_std:0.028688 | time_tau_p10:5.053417 | time_tau_p90:5.125119 | time_tau_range_util:0.001449 | film_gamma_strength:0.066363 | film_beta_strength:0.006470 | factor_gate_mean:0.998574 | factor_gate_std:0.013559 | factor_gate_entropy:0.934424 | factor_gate_topk_mass_5:0.108227 | factor_gate_topk_mass_10:0.194411 | router_layer_0_time_ratio:0.777642 | router_layer_0_factor_ratio:0.222358 | router_layer_0_collapse_ratio:0.001666 | router_layer_0_entropy_norm:0.742512 | router_layer_0_logit_margin:1.300490 | expert_layer_0_time_expert_norm:8.738933 | expert_layer_0_factor_expert_norm:4.983258 | expert_layer_0_time_contrib_norm:6.791329 | expert_layer_0_factor_contrib_norm:1.109574 | expert_layer_0_contrib_norm_ratio:7.075820 | expert_layer_0_expert_cosine:-0.011065 | expert_layer_0_time_winner_ratio:1.000000 | router_layer_1_time_ratio:0.723688 | router_layer_1_factor_ratio:0.276312 | router_layer_1_collapse_ratio:0.003040 | router_layer_1_entropy_norm:0.803446 | router_layer_1_logit_margin:1.050694 | expert_layer_1_time_expert_norm:20.233375 | expert_layer_1_factor_expert_norm:4.754714 | expert_layer_1_time_contrib_norm:14.719895 | expert_layer_1_factor_contrib_norm:1.317337 | expert_layer_1_contrib_norm_ratio:14.267151 | expert_layer_1_expert_cosine:0.028516 | expert_layer_1_time_winner_ratio:1.000000 | loss_total:1.370676 | loss_main:1.370648 | loss_listmle:4.705454 | loss_mse:1.370648 | loss_ic:-0.125752 | loss_aux:0.000028 | loss_sparsity:0.000000 | valid_ratio:1.000000 | score_std:0.133476 | label_std:1.167125 | score_label_std_ratio:0.115579 | ic_pearson_batch:0.125754 | ic_raw:0.125754 | rank_ic_batch:0.126533 | rank_ic:0.126533 | gate_entropy:0.535788 | time_ratio:0.750665 | grad_norm:4.297505 | grad_norm_other:1.536403 | grad_norm_time_embedding:2.904125 | grad_norm_factor_film:0.052547 | grad_norm_regime_encoder:0.355113 | grad_norm_router:0.370041 | grad_norm_time_expert:0.536510 | grad_norm_factor_expert:0.383340 | grad_norm_pooling_head:2.489488 | grad_nonfinite_tensors:1.000000 | grad_nonfinite_values:1.000000 | optimizer_steps:2977.000000 | grad_attempt_steps:2979.000000 | grad_skipped_steps:2.000000 | grad_nonfinite_steps:2.000000 | grad_skipped_rate:0.000671 | grad_nonfinite_rate:0.000671 | lr:0.000045 | sampler_epoch:5.000000 | sampler_num_days:2979.000000 | sampler_num_batches:2979.000000 | sampler_batch_size:300.000000 | sampler_total_source_samples:856246.000000 | sampler_total_draws:893700.000000 | sampler_unique_samples:566467.000000 | sampler_coverage_ratio:0.661570 | sampler_coverage_gap_vs_full:0.338430 | sampler_duplicate_draws:327233.000000 | sampler_duplicate_rate:0.366155 | sampler_downsample_days:0.000000 | sampler_upsample_days:2877.000000 | sampler_exact_days:102.000000 | sampler_downsample_day_ratio:0.000000 | sampler_upsample_day_ratio:0.965760
| Valid 06 | time_embedding_norm:0.140154 | time_embedding_to_value_norm_ratio:0.880861 | time_tau:5.136099 | time_half_life:3.560073 | time_tau_std:0.000000 | time_tau_p10:5.136099 | time_tau_p90:5.136099 | time_tau_range_util:0.000000 | film_gamma_strength:0.062697 | film_beta_strength:0.006237 | factor_gate_mean:1.000016 | factor_gate_std:0.012712 | factor_gate_entropy:0.935145 | factor_gate_topk_mass_5:0.109325 | factor_gate_topk_mass_10:0.195463 | router_layer_0_time_ratio:0.807895 | router_layer_0_factor_ratio:0.192105 | router_layer_0_collapse_ratio:0.000000 | router_layer_0_entropy_norm:0.691735 | router_layer_0_logit_margin:1.475186 | expert_layer_0_time_expert_norm:9.483955 | expert_layer_0_factor_expert_norm:5.256839 | expert_layer_0_time_contrib_norm:7.658958 | expert_layer_0_factor_contrib_norm:1.012290 | expert_layer_0_contrib_norm_ratio:8.489921 | expert_layer_0_expert_cosine:-0.014688 | expert_layer_0_time_winner_ratio:1.000000 | router_layer_1_time_ratio:0.773809 | router_layer_1_factor_ratio:0.226191 | router_layer_1_collapse_ratio:0.000000 | router_layer_1_entropy_norm:0.745158 | router_layer_1_logit_margin:1.282372 | expert_layer_1_time_expert_norm:22.285712 | expert_layer_1_factor_expert_norm:4.934550 | expert_layer_1_time_contrib_norm:17.298732 | expert_layer_1_factor_contrib_norm:1.120782 | expert_layer_1_contrib_norm_ratio:17.788667 | expert_layer_1_expert_cosine:0.046504 | expert_layer_1_time_winner_ratio:1.000000 | loss_total:0.027082 | loss_main:0.027064 | loss_listmle:4.716090 | loss_mse:0.027064 | loss_ic:-0.056632 | loss_aux:0.000018 | loss_sparsity:0.000000 | valid_ratio:1.000000 | score_std:0.143800 | label_std:0.045755 | score_label_std_ratio:3.251134 | gate_entropy:0.497989 | time_ratio:0.790852 | ic_pearson_daily:0.056641 | rank_ic_daily:0.063722 | ic_raw:0.056641 | rank_ic:0.063722
| Train 07 | time_embedding_norm:0.138970 | time_embedding_to_value_norm_ratio:0.865098 | time_tau:5.091017 | time_half_life:3.528824 | time_tau_std:0.029433 | time_tau_p10:5.054095 | time_tau_p90:5.127541 | time_tau_range_util:0.001484 | film_gamma_strength:0.070732 | film_beta_strength:0.006952 | factor_gate_mean:0.998430 | factor_gate_std:0.014387 | factor_gate_entropy:0.934417 | factor_gate_topk_mass_5:0.109065 | factor_gate_topk_mass_10:0.195953 | router_layer_0_time_ratio:0.754924 | router_layer_0_factor_ratio:0.245076 | router_layer_0_collapse_ratio:0.000000 | router_layer_0_entropy_norm:0.780627 | router_layer_0_logit_margin:1.168999 | expert_layer_0_time_expert_norm:9.163659 | expert_layer_0_factor_expert_norm:4.990389 | expert_layer_0_time_contrib_norm:6.916333 | expert_layer_0_factor_contrib_norm:1.225079 | expert_layer_0_contrib_norm_ratio:6.513055 | expert_layer_0_expert_cosine:-0.012140 | expert_layer_0_time_winner_ratio:1.000000 | router_layer_1_time_ratio:0.727781 | router_layer_1_factor_ratio:0.272219 | router_layer_1_collapse_ratio:0.002637 | router_layer_1_entropy_norm:0.801806 | router_layer_1_logit_margin:1.062565 | expert_layer_1_time_expert_norm:20.007806 | expert_layer_1_factor_expert_norm:5.512490 | expert_layer_1_time_contrib_norm:14.626257 | expert_layer_1_factor_contrib_norm:1.507088 | expert_layer_1_contrib_norm_ratio:12.202111 | expert_layer_1_expert_cosine:0.052835 | expert_layer_1_time_winner_ratio:1.000000 | loss_total:1.365293 | loss_main:1.365261 | loss_listmle:4.705257 | loss_mse:1.365261 | loss_ic:-0.130015 | loss_aux:0.000032 | loss_sparsity:0.000000 | valid_ratio:1.000000 | score_std:0.137872 | label_std:1.165639 | score_label_std_ratio:0.119452 | ic_pearson_batch:0.130017 | ic_raw:0.130017 | rank_ic_batch:0.130392 | rank_ic:0.130392 | gate_entropy:0.548429 | time_ratio:0.741352 | grad_norm:4.169863 | grad_norm_other:1.517002 | grad_norm_time_embedding:2.826489 | grad_norm_factor_film:0.055417 | grad_norm_regime_encoder:0.390599 | grad_norm_router:0.446082 | grad_norm_time_expert:0.526558 | grad_norm_factor_expert:0.408918 | grad_norm_pooling_head:2.332527 | optimizer_steps:2979.000000 | grad_attempt_steps:2979.000000 | grad_skipped_steps:0.000000 | grad_nonfinite_steps:0.000000 | grad_skipped_rate:0.000000 | grad_nonfinite_rate:0.000000 | lr:0.000043 | sampler_epoch:6.000000 | sampler_num_days:2979.000000 | sampler_num_batches:2979.000000 | sampler_batch_size:300.000000 | sampler_total_source_samples:856246.000000 | sampler_total_draws:893700.000000 | sampler_unique_samples:566345.000000 | sampler_coverage_ratio:0.661428 | sampler_coverage_gap_vs_full:0.338572 | sampler_duplicate_draws:327355.000000 | sampler_duplicate_rate:0.366292 | sampler_downsample_days:0.000000 | sampler_upsample_days:2877.000000 | sampler_exact_days:102.000000 | sampler_downsample_day_ratio:0.000000 | sampler_upsample_day_ratio:0.965760
| Valid 07 | time_embedding_norm:0.137561 | time_embedding_to_value_norm_ratio:0.844033 | time_tau:5.116936 | time_half_life:3.546789 | time_tau_std:0.000000 | time_tau_p10:5.116935 | time_tau_p90:5.116935 | time_tau_range_util:0.000000 | film_gamma_strength:0.064746 | film_beta_strength:0.006631 | factor_gate_mean:1.000683 | factor_gate_std:0.013155 | factor_gate_entropy:0.938055 | factor_gate_topk_mass_5:0.105647 | factor_gate_topk_mass_10:0.189157 | router_layer_0_time_ratio:0.790582 | router_layer_0_factor_ratio:0.209418 | router_layer_0_collapse_ratio:0.000000 | router_layer_0_entropy_norm:0.724757 | router_layer_0_logit_margin:1.366290 | expert_layer_0_time_expert_norm:9.975702 | expert_layer_0_factor_expert_norm:5.308507 | expert_layer_0_time_contrib_norm:7.884592 | expert_layer_0_factor_contrib_norm:1.113753 | expert_layer_0_contrib_norm_ratio:7.939541 | expert_layer_0_expert_cosine:-0.012745 | expert_layer_0_time_winner_ratio:1.000000 | router_layer_1_time_ratio:0.730385 | router_layer_1_factor_ratio:0.269615 | router_layer_1_collapse_ratio:0.000000 | router_layer_1_entropy_norm:0.814116 | router_layer_1_logit_margin:1.049212 | expert_layer_1_time_expert_norm:21.636371 | expert_layer_1_factor_expert_norm:5.353077 | expert_layer_1_time_contrib_norm:15.866595 | expert_layer_1_factor_contrib_norm:1.441698 | expert_layer_1_contrib_norm_ratio:12.431511 | expert_layer_1_expert_cosine:0.088864 | expert_layer_1_time_winner_ratio:1.000000 | loss_total:0.037806 | loss_main:0.037743 | loss_listmle:4.720500 | loss_mse:0.037743 | loss_ic:-0.057367 | loss_aux:0.000063 | loss_sparsity:0.000000 | valid_ratio:1.000000 | score_std:0.172619 | label_std:0.045755 | score_label_std_ratio:3.891136 | gate_entropy:0.533333 | time_ratio:0.760483 | ic_pearson_daily:0.057374 | rank_ic_daily:0.065435 | ic_raw:0.057374 | rank_ic:0.065435
| Train 08 | time_embedding_norm:0.136378 | time_embedding_to_value_norm_ratio:0.831376 | time_tau:5.105712 | time_half_life:3.539010 | time_tau_std:0.029591 | time_tau_p10:5.068638 | time_tau_p90:5.142507 | time_tau_range_util:0.001492 | film_gamma_strength:0.076639 | film_beta_strength:0.007374 | factor_gate_mean:0.998520 | factor_gate_std:0.015690 | factor_gate_entropy:0.935824 | factor_gate_topk_mass_5:0.107327 | factor_gate_topk_mass_10:0.192971 | router_layer_0_time_ratio:0.749322 | router_layer_0_factor_ratio:0.250678 | router_layer_0_collapse_ratio:0.001088 | router_layer_0_entropy_norm:0.786258 | router_layer_0_logit_margin:1.144334 | expert_layer_0_time_expert_norm:9.910884 | expert_layer_0_factor_expert_norm:5.041118 | expert_layer_0_time_contrib_norm:7.426141 | expert_layer_0_factor_contrib_norm:1.265655 | expert_layer_0_contrib_norm_ratio:6.893834 | expert_layer_0_expert_cosine:-0.009524 | expert_layer_0_time_winner_ratio:1.000000 | router_layer_1_time_ratio:0.725273 | router_layer_1_factor_ratio:0.274727 | router_layer_1_collapse_ratio:0.003892 | router_layer_1_entropy_norm:0.806860 | router_layer_1_logit_margin:1.048165 | expert_layer_1_time_expert_norm:20.877977 | expert_layer_1_factor_expert_norm:6.361641 | expert_layer_1_time_contrib_norm:15.231370 | expert_layer_1_factor_contrib_norm:1.743018 | expert_layer_1_contrib_norm_ratio:10.841944 | expert_layer_1_expert_cosine:0.066264 | expert_layer_1_time_winner_ratio:1.000000 | loss_total:1.364913 | loss_main:1.364876 | loss_listmle:4.704183 | loss_mse:1.364876 | loss_ic:-0.133535 | loss_aux:0.000038 | loss_sparsity:0.000000 | valid_ratio:1.000000 | score_std:0.145599 | label_std:1.166157 | score_label_std_ratio:0.126144 | ic_pearson_batch:0.133537 | ic_raw:0.133537 | rank_ic_batch:0.134437 | rank_ic:0.134437 | gate_entropy:0.552133 | time_ratio:0.737297 | grad_norm:4.044878 | grad_norm_other:1.548960 | grad_norm_time_embedding:2.633447 | grad_norm_factor_film:0.059005 | grad_norm_regime_encoder:0.429269 | grad_norm_router:0.515745 | grad_norm_time_expert:0.529826 | grad_norm_factor_expert:0.403037 | grad_norm_pooling_head:2.284108 | grad_nonfinite_tensors:1.000000 | grad_nonfinite_values:1.500000 | optimizer_steps:2977.000000 | grad_attempt_steps:2979.000000 | grad_skipped_steps:2.000000 | grad_nonfinite_steps:2.000000 | grad_skipped_rate:0.000671 | grad_nonfinite_rate:0.000671 | lr:0.000041 | sampler_epoch:7.000000 | sampler_num_days:2979.000000 | sampler_num_batches:2979.000000 | sampler_batch_size:300.000000 | sampler_total_source_samples:856246.000000 | sampler_total_draws:893700.000000 | sampler_unique_samples:566325.000000 | sampler_coverage_ratio:0.661405 | sampler_coverage_gap_vs_full:0.338595 | sampler_duplicate_draws:327375.000000 | sampler_duplicate_rate:0.366314 | sampler_downsample_days:0.000000 | sampler_upsample_days:2877.000000 | sampler_exact_days:102.000000 | sampler_downsample_day_ratio:0.000000 | sampler_upsample_day_ratio:0.965760
| Valid 08 | time_embedding_norm:0.135914 | time_embedding_to_value_norm_ratio:0.818415 | time_tau:5.080310 | time_half_life:3.521402 | time_tau_std:0.000000 | time_tau_p10:5.080310 | time_tau_p90:5.080310 | time_tau_range_util:0.000000 | film_gamma_strength:0.068940 | film_beta_strength:0.006637 | factor_gate_mean:1.001166 | factor_gate_std:0.014122 | factor_gate_entropy:0.937667 | factor_gate_topk_mass_5:0.105560 | factor_gate_topk_mass_10:0.189261 | router_layer_0_time_ratio:0.795881 | router_layer_0_factor_ratio:0.204119 | router_layer_0_collapse_ratio:0.001637 | router_layer_0_entropy_norm:0.709486 | router_layer_0_logit_margin:1.412051 | expert_layer_0_time_expert_norm:10.495183 | expert_layer_0_factor_expert_norm:5.422149 | expert_layer_0_time_contrib_norm:8.352297 | expert_layer_0_factor_contrib_norm:1.107101 | expert_layer_0_contrib_norm_ratio:8.711397 | expert_layer_0_expert_cosine:-0.011166 | expert_layer_0_time_winner_ratio:1.000000 | router_layer_1_time_ratio:0.753499 | router_layer_1_factor_ratio:0.246501 | router_layer_1_collapse_ratio:0.000000 | router_layer_1_entropy_norm:0.782534 | router_layer_1_logit_margin:1.164209 | expert_layer_1_time_expert_norm:20.081202 | expert_layer_1_factor_expert_norm:6.824676 | expert_layer_1_time_contrib_norm:15.190402 | expert_layer_1_factor_contrib_norm:1.680544 | expert_layer_1_contrib_norm_ratio:10.100069 | expert_layer_1_expert_cosine:0.089680 | expert_layer_1_time_winner_ratio:1.000000 | loss_total:0.028845 | loss_main:0.028817 | loss_listmle:4.718035 | loss_mse:0.028817 | loss_ic:-0.055026 | loss_aux:0.000028 | loss_sparsity:0.000000 | valid_ratio:1.000000 | score_std:0.141379 | label_std:0.045755 | score_label_std_ratio:3.196349 | gate_entropy:0.517095 | time_ratio:0.774690 | ic_pearson_daily:0.055036 | rank_ic_daily:0.060518 | ic_raw:0.055036 | rank_ic:0.060518
| Train 09 | time_embedding_norm:0.135137 | time_embedding_to_value_norm_ratio:0.810008 | time_tau:5.108269 | time_half_life:3.540782 | time_tau_std:0.030262 | time_tau_p10:5.070306 | time_tau_p90:5.146032 | time_tau_range_util:0.001530 | film_gamma_strength:0.078850 | film_beta_strength:0.007530 | factor_gate_mean:0.998680 | factor_gate_std:0.016510 | factor_gate_entropy:0.935531 | factor_gate_topk_mass_5:0.106669 | factor_gate_topk_mass_10:0.191662 | router_layer_0_time_ratio:0.746759 | router_layer_0_factor_ratio:0.253241 | router_layer_0_collapse_ratio:0.004439 | router_layer_0_entropy_norm:0.786668 | router_layer_0_logit_margin:1.138290 | expert_layer_0_time_expert_norm:10.360974 | expert_layer_0_factor_expert_norm:5.200573 | expert_layer_0_time_contrib_norm:7.738370 | expert_layer_0_factor_contrib_norm:1.316774 | expert_layer_0_contrib_norm_ratio:7.065545 | expert_layer_0_expert_cosine:-0.010027 | expert_layer_0_time_winner_ratio:1.000000 | router_layer_1_time_ratio:0.702785 | router_layer_1_factor_ratio:0.297215 | router_layer_1_collapse_ratio:0.002895 | router_layer_1_entropy_norm:0.832995 | router_layer_1_logit_margin:0.952438 | expert_layer_1_time_expert_norm:20.067328 | expert_layer_1_factor_expert_norm:7.038406 | expert_layer_1_time_contrib_norm:14.195713 | expert_layer_1_factor_contrib_norm:2.083358 | expert_layer_1_contrib_norm_ratio:8.404651 | expert_layer_1_expert_cosine:0.088895 | expert_layer_1_time_winner_ratio:0.999964 | loss_total:1.361960 | loss_main:1.361900 | loss_listmle:4.704602 | loss_mse:1.361900 | loss_ic:-0.137058 | loss_aux:0.000060 | loss_sparsity:0.000000 | valid_ratio:1.000000 | score_std:0.147411 | label_std:1.165976 | score_label_std_ratio:0.127687 | ic_pearson_batch:0.137060 | ic_raw:0.137060 | rank_ic_batch:0.136845 | rank_ic:0.136845 | gate_entropy:0.561333 | time_ratio:0.724772 | grad_norm:3.853829 | grad_norm_other:1.511889 | grad_norm_time_embedding:2.471863 | grad_norm_factor_film:0.059084 | grad_norm_regime_encoder:0.453632 | grad_norm_router:0.540059 | grad_norm_time_expert:0.536280 | grad_norm_factor_expert:0.417689 | grad_norm_pooling_head:2.146615 | optimizer_steps:2979.000000 | grad_attempt_steps:2979.000000 | grad_skipped_steps:0.000000 | grad_nonfinite_steps:0.000000 | grad_skipped_rate:0.000000 | grad_nonfinite_rate:0.000000 | lr:0.000038 | sampler_epoch:8.000000 | sampler_num_days:2979.000000 | sampler_num_batches:2979.000000 | sampler_batch_size:300.000000 | sampler_total_source_samples:856246.000000 | sampler_total_draws:893700.000000 | sampler_unique_samples:566350.000000 | sampler_coverage_ratio:0.661434 | sampler_coverage_gap_vs_full:0.338566 | sampler_duplicate_draws:327350.000000 | sampler_duplicate_rate:0.366286 | sampler_downsample_days:0.000000 | sampler_upsample_days:2877.000000 | sampler_exact_days:102.000000 | sampler_downsample_day_ratio:0.000000 | sampler_upsample_day_ratio:0.965760
| Valid 09 | time_embedding_norm:0.134429 | time_embedding_to_value_norm_ratio:0.797495 | time_tau:5.054210 | time_half_life:3.503312 | time_tau_std:0.000000 | time_tau_p10:5.054210 | time_tau_p90:5.054210 | time_tau_range_util:0.000000 | film_gamma_strength:0.072560 | film_beta_strength:0.007004 | factor_gate_mean:1.002153 | factor_gate_std:0.015460 | factor_gate_entropy:0.937024 | factor_gate_topk_mass_5:0.104594 | factor_gate_topk_mass_10:0.187149 | router_layer_0_time_ratio:0.808323 | router_layer_0_factor_ratio:0.191677 | router_layer_0_collapse_ratio:0.022913 | router_layer_0_entropy_norm:0.685265 | router_layer_0_logit_margin:1.492397 | expert_layer_0_time_expert_norm:11.205247 | expert_layer_0_factor_expert_norm:5.489446 | expert_layer_0_time_contrib_norm:9.056844 | expert_layer_0_factor_contrib_norm:1.053606 | expert_layer_0_contrib_norm_ratio:9.967253 | expert_layer_0_expert_cosine:-0.008855 | expert_layer_0_time_winner_ratio:1.000000 | router_layer_1_time_ratio:0.749462 | router_layer_1_factor_ratio:0.250538 | router_layer_1_collapse_ratio:0.000000 | router_layer_1_entropy_norm:0.790952 | router_layer_1_logit_margin:1.137758 | expert_layer_1_time_expert_norm:22.878292 | expert_layer_1_factor_expert_norm:7.075162 | expert_layer_1_time_contrib_norm:17.219567 | expert_layer_1_factor_contrib_norm:1.766345 | expert_layer_1_contrib_norm_ratio:10.751199 | expert_layer_1_expert_cosine:0.153143 | expert_layer_1_time_winner_ratio:1.000000 | loss_total:0.028251 | loss_main:0.028227 | loss_listmle:4.719222 | loss_mse:0.028227 | loss_ic:-0.055486 | loss_aux:0.000024 | loss_sparsity:0.000000 | valid_ratio:1.000000 | score_std:0.148671 | label_std:0.045755 | score_label_std_ratio:3.365325 | gate_entropy:0.511618 | time_ratio:0.778893 | ic_pearson_daily:0.055495 | rank_ic_daily:0.060987 | ic_raw:0.055495 | rank_ic:0.060987
| Train 10 | time_embedding_norm:0.133648 | time_embedding_to_value_norm_ratio:0.789624 | time_tau:5.112300 | time_half_life:3.543577 | time_tau_std:0.028861 | time_tau_p10:5.076186 | time_tau_p90:5.148351 | time_tau_range_util:0.001458 | film_gamma_strength:0.082742 | film_beta_strength:0.007861 | factor_gate_mean:0.998740 | factor_gate_std:0.017782 | factor_gate_entropy:0.937965 | factor_gate_topk_mass_5:0.103818 | factor_gate_topk_mass_10:0.186415 | router_layer_0_time_ratio:0.745626 | router_layer_0_factor_ratio:0.254374 | router_layer_0_collapse_ratio:0.011946 | router_layer_0_entropy_norm:0.785738 | router_layer_0_logit_margin:1.138089 | expert_layer_0_time_expert_norm:10.913045 | expert_layer_0_factor_expert_norm:5.282724 | expert_layer_0_time_contrib_norm:8.138601 | expert_layer_0_factor_contrib_norm:1.343957 | expert_layer_0_contrib_norm_ratio:7.429039 | expert_layer_0_expert_cosine:-0.005457 | expert_layer_0_time_winner_ratio:1.000000 | router_layer_1_time_ratio:0.715185 | router_layer_1_factor_ratio:0.284815 | router_layer_1_collapse_ratio:0.005921 | router_layer_1_entropy_norm:0.819347 | router_layer_1_logit_margin:1.004719 | expert_layer_1_time_expert_norm:20.531278 | expert_layer_1_factor_expert_norm:7.752288 | expert_layer_1_time_contrib_norm:14.772090 | expert_layer_1_factor_contrib_norm:2.188557 | expert_layer_1_contrib_norm_ratio:8.234498 | expert_layer_1_expert_cosine:0.116047 | expert_layer_1_time_winner_ratio:0.999996 | loss_total:1.360402 | loss_main:1.360351 | loss_listmle:4.704219 | loss_mse:1.360351 | loss_ic:-0.140432 | loss_aux:0.000051 | loss_sparsity:0.000000 | valid_ratio:1.000000 | score_std:0.154293 | label_std:1.165952 | score_label_std_ratio:0.133732 | ic_pearson_batch:0.140433 | ic_raw:0.140433 | rank_ic_batch:0.141691 | rank_ic:0.141691 | gate_entropy:0.556280 | time_ratio:0.730405 | grad_norm:3.929554 | grad_norm_other:1.620279 | grad_norm_time_embedding:2.481150 | grad_norm_factor_film:0.063855 | grad_norm_regime_encoder:0.496102 | grad_norm_router:0.612977 | grad_norm_time_expert:0.563226 | grad_norm_factor_expert:0.423660 | grad_norm_pooling_head:2.140067 | grad_nonfinite_tensors:1.000000 | grad_nonfinite_values:3.500000 | optimizer_steps:2977.000000 | grad_attempt_steps:2979.000000 | grad_skipped_steps:2.000000 | grad_nonfinite_steps:2.000000 | grad_skipped_rate:0.000671 | grad_nonfinite_rate:0.000671 | lr:0.000035 | sampler_epoch:9.000000 | sampler_num_days:2979.000000 | sampler_num_batches:2979.000000 | sampler_batch_size:300.000000 | sampler_total_source_samples:856246.000000 | sampler_total_draws:893700.000000 | sampler_unique_samples:566695.000000 | sampler_coverage_ratio:0.661837 | sampler_coverage_gap_vs_full:0.338163 | sampler_duplicate_draws:327005.000000 | sampler_duplicate_rate:0.365900 | sampler_downsample_days:0.000000 | sampler_upsample_days:2877.000000 | sampler_exact_days:102.000000 | sampler_downsample_day_ratio:0.000000 | sampler_upsample_day_ratio:0.965760
| Valid 10 | time_embedding_norm:0.132990 | time_embedding_to_value_norm_ratio:0.779346 | time_tau:5.066128 | time_half_life:3.511572 | time_tau_std:0.000000 | time_tau_p10:5.066128 | time_tau_p90:5.066128 | time_tau_range_util:0.000000 | film_gamma_strength:0.078696 | film_beta_strength:0.007742 | factor_gate_mean:1.002693 | factor_gate_std:0.016864 | factor_gate_entropy:0.939551 | factor_gate_topk_mass_5:0.101415 | factor_gate_topk_mass_10:0.182754 | router_layer_0_time_ratio:0.804148 | router_layer_0_factor_ratio:0.195852 | router_layer_0_collapse_ratio:0.052373 | router_layer_0_entropy_norm:0.688509 | router_layer_0_logit_margin:1.478651 | expert_layer_0_time_expert_norm:11.424154 | expert_layer_0_factor_expert_norm:5.672067 | expert_layer_0_time_contrib_norm:9.186404 | expert_layer_0_factor_contrib_norm:1.112755 | expert_layer_0_contrib_norm_ratio:9.940072 | expert_layer_0_expert_cosine:-0.006224 | expert_layer_0_time_winner_ratio:1.000000 | router_layer_1_time_ratio:0.769438 | router_layer_1_factor_ratio:0.230562 | router_layer_1_collapse_ratio:0.000000 | router_layer_1_entropy_norm:0.759197 | router_layer_1_logit_margin:1.245700 | expert_layer_1_time_expert_norm:21.445333 | expert_layer_1_factor_expert_norm:7.697821 | expert_layer_1_time_contrib_norm:16.567886 | expert_layer_1_factor_contrib_norm:1.764013 | expert_layer_1_contrib_norm_ratio:10.378688 | expert_layer_1_expert_cosine:0.150148 | expert_layer_1_time_winner_ratio:1.000000 | loss_total:0.040853 | loss_main:0.040827 | loss_listmle:4.724063 | loss_mse:0.040827 | loss_ic:-0.060285 | loss_aux:0.000026 | loss_sparsity:0.000000 | valid_ratio:1.000000 | score_std:0.186832 | label_std:0.045755 | score_label_std_ratio:4.239169 | gate_entropy:0.501737 | time_ratio:0.786793 | ic_pearson_daily:0.060293 | rank_ic_daily:0.068432 | ic_raw:0.060293 | rank_ic:0.068432
| Train 11 | time_embedding_norm:0.132216 | time_embedding_to_value_norm_ratio:0.772095 | time_tau:5.131371 | time_half_life:3.556795 | time_tau_std:0.029287 | time_tau_p10:5.094679 | time_tau_p90:5.168042 | time_tau_range_util:0.001482 | film_gamma_strength:0.086778 | film_beta_strength:0.008265 | factor_gate_mean:0.999055 | factor_gate_std:0.018829 | factor_gate_entropy:0.939138 | factor_gate_topk_mass_5:0.102158 | factor_gate_topk_mass_10:0.183667 | router_layer_0_time_ratio:0.735216 | router_layer_0_factor_ratio:0.264784 | router_layer_0_collapse_ratio:0.018143 | router_layer_0_entropy_norm:0.799363 | router_layer_0_logit_margin:1.085623 | expert_layer_0_time_expert_norm:11.327111 | expert_layer_0_factor_expert_norm:5.441250 | expert_layer_0_time_contrib_norm:8.330057 | expert_layer_0_factor_contrib_norm:1.440392 | expert_layer_0_contrib_norm_ratio:7.189561 | expert_layer_0_expert_cosine:-0.006766 | expert_layer_0_time_winner_ratio:1.000000 | router_layer_1_time_ratio:0.723212 | router_layer_1_factor_ratio:0.276788 | router_layer_1_collapse_ratio:0.006003 | router_layer_1_entropy_norm:0.814535 | router_layer_1_logit_margin:1.028955 | expert_layer_1_time_expert_norm:20.805375 | expert_layer_1_factor_expert_norm:8.760571 | expert_layer_1_time_contrib_norm:15.126131 | expert_layer_1_factor_contrib_norm:2.415060 | expert_layer_1_contrib_norm_ratio:7.520122 | expert_layer_1_expert_cosine:0.101287 | expert_layer_1_time_winner_ratio:0.998929 | loss_total:1.357559 | loss_main:1.357512 | loss_listmle:4.703210 | loss_mse:1.357512 | loss_ic:-0.146143 | loss_aux:0.000048 | loss_sparsity:0.000000 | valid_ratio:1.000000 | score_std:0.160741 | label_std:1.166138 | score_label_std_ratio:0.139262 | ic_pearson_batch:0.146145 | ic_raw:0.146145 | rank_ic_batch:0.146093 | rank_ic:0.146093 | gate_entropy:0.559334 | time_ratio:0.729214 | grad_norm:3.906676 | grad_norm_other:1.677364 | grad_norm_time_embedding:2.409144 | grad_norm_factor_film:0.068519 | grad_norm_regime_encoder:0.538620 | grad_norm_router:0.683458 | grad_norm_time_expert:0.586808 | grad_norm_factor_expert:0.440706 | grad_norm_pooling_head:2.095095 | grad_nonfinite_tensors:1.000000 | grad_nonfinite_values:2.000000 | optimizer_steps:2978.000000 | grad_attempt_steps:2979.000000 | grad_skipped_steps:1.000000 | grad_nonfinite_steps:1.000000 | grad_skipped_rate:0.000336 | grad_nonfinite_rate:0.000336 | lr:0.000032 | sampler_epoch:10.000000 | sampler_num_days:2979.000000 | sampler_num_batches:2979.000000 | sampler_batch_size:300.000000 | sampler_total_source_samples:856246.000000 | sampler_total_draws:893700.000000 | sampler_unique_samples:566524.000000 | sampler_coverage_ratio:0.661637 | sampler_coverage_gap_vs_full:0.338363 | sampler_duplicate_draws:327176.000000 | sampler_duplicate_rate:0.366092 | sampler_downsample_days:0.000000 | sampler_upsample_days:2877.000000 | sampler_exact_days:102.000000 | sampler_downsample_day_ratio:0.000000 | sampler_upsample_day_ratio:0.965760
| Valid 11 | time_embedding_norm:0.131556 | time_embedding_to_value_norm_ratio:0.763629 | time_tau:5.071179 | time_half_life:3.515074 | time_tau_std:0.000000 | time_tau_p10:5.071179 | time_tau_p90:5.071179 | time_tau_range_util:0.000000 | film_gamma_strength:0.081330 | film_beta_strength:0.008118 | factor_gate_mean:1.002857 | factor_gate_std:0.017510 | factor_gate_entropy:0.940104 | factor_gate_topk_mass_5:0.100534 | factor_gate_topk_mass_10:0.181582 | router_layer_0_time_ratio:0.812748 | router_layer_0_factor_ratio:0.187252 | router_layer_0_collapse_ratio:0.057283 | router_layer_0_entropy_norm:0.674895 | router_layer_0_logit_margin:1.526030 | expert_layer_0_time_expert_norm:12.285148 | expert_layer_0_factor_expert_norm:5.768542 | expert_layer_0_time_contrib_norm:9.983575 | expert_layer_0_factor_contrib_norm:1.078593 | expert_layer_0_contrib_norm_ratio:10.787161 | expert_layer_0_expert_cosine:-0.004635 | expert_layer_0_time_winner_ratio:1.000000 | router_layer_1_time_ratio:0.696911 | router_layer_1_factor_ratio:0.303089 | router_layer_1_collapse_ratio:0.000000 | router_layer_1_entropy_norm:0.866901 | router_layer_1_logit_margin:0.872578 | expert_layer_1_time_expert_norm:23.866531 | expert_layer_1_factor_expert_norm:7.854015 | expert_layer_1_time_contrib_norm:16.712139 | expert_layer_1_factor_contrib_norm:2.384195 | expert_layer_1_contrib_norm_ratio:7.568273 | expert_layer_1_expert_cosine:0.142072 | expert_layer_1_time_winner_ratio:0.999852 | loss_total:0.029407 | loss_main:0.029305 | loss_listmle:4.719706 | loss_mse:0.029305 | loss_ic:-0.061559 | loss_aux:0.000102 | loss_sparsity:0.000000 | valid_ratio:1.000000 | score_std:0.155349 | label_std:0.045755 | score_label_std_ratio:3.527642 | gate_entropy:0.534346 | time_ratio:0.754830 | ic_pearson_daily:0.061568 | rank_ic_daily:0.067916 | ic_raw:0.061568 | rank_ic:0.067916
| Train 12 | time_embedding_norm:0.130947 | time_embedding_to_value_norm_ratio:0.758182 | time_tau:5.129543 | time_half_life:3.555528 | time_tau_std:0.030055 | time_tau_p10:5.091878 | time_tau_p90:5.166998 | time_tau_range_util:0.001518 | film_gamma_strength:0.088529 | film_beta_strength:0.008545 | factor_gate_mean:0.998881 | factor_gate_std:0.019456 | factor_gate_entropy:0.940446 | factor_gate_topk_mass_5:0.101015 | factor_gate_topk_mass_10:0.182000 | router_layer_0_time_ratio:0.735913 | router_layer_0_factor_ratio:0.264087 | router_layer_0_collapse_ratio:0.014905 | router_layer_0_entropy_norm:0.799653 | router_layer_0_logit_margin:1.086747 | expert_layer_0_time_expert_norm:11.627899 | expert_layer_0_factor_expert_norm:5.526928 | expert_layer_0_time_contrib_norm:8.558138 | expert_layer_0_factor_contrib_norm:1.457682 | expert_layer_0_contrib_norm_ratio:7.202379 | expert_layer_0_expert_cosine:-0.007077 | expert_layer_0_time_winner_ratio:1.000000 | router_layer_1_time_ratio:0.710364 | router_layer_1_factor_ratio:0.289636 | router_layer_1_collapse_ratio:0.001621 | router_layer_1_entropy_norm:0.834037 | router_layer_1_logit_margin:0.961805 | expert_layer_1_time_expert_norm:20.977890 | expert_layer_1_factor_expert_norm:8.955210 | expert_layer_1_time_contrib_norm:14.976604 | expert_layer_1_factor_contrib_norm:2.583078 | expert_layer_1_contrib_norm_ratio:6.812555 | expert_layer_1_expert_cosine:0.114441 | expert_layer_1_time_winner_ratio:0.999071 | loss_total:1.356464 | loss_main:1.356406 | loss_listmle:4.703120 | loss_mse:1.356406 | loss_ic:-0.150828 | loss_aux:0.000058 | loss_sparsity:0.000000 | valid_ratio:1.000000 | score_std:0.166349 | label_std:1.166243 | score_label_std_ratio:0.144109 | ic_pearson_batch:0.150830 | ic_raw:0.150830 | rank_ic_batch:0.150381 | rank_ic:0.150381 | gate_entropy:0.566194 | time_ratio:0.723138 | grad_norm:4.077608 | grad_norm_other:1.815872 | grad_norm_time_embedding:2.517228 | grad_norm_factor_film:0.073403 | grad_norm_regime_encoder:0.573592 | grad_norm_router:0.738311 | grad_norm_time_expert:0.628356 | grad_norm_factor_expert:0.475681 | grad_norm_pooling_head:2.112385 | optimizer_steps:2979.000000 | grad_attempt_steps:2979.000000 | grad_skipped_steps:0.000000 | grad_nonfinite_steps:0.000000 | grad_skipped_rate:0.000000 | grad_nonfinite_rate:0.000000 | lr:0.000029 | sampler_epoch:11.000000 | sampler_num_days:2979.000000 | sampler_num_batches:2979.000000 | sampler_batch_size:300.000000 | sampler_total_source_samples:856246.000000 | sampler_total_draws:893700.000000 | sampler_unique_samples:565875.000000 | sampler_coverage_ratio:0.660879 | sampler_coverage_gap_vs_full:0.339121 | sampler_duplicate_draws:327825.000000 | sampler_duplicate_rate:0.366818 | sampler_downsample_days:0.000000 | sampler_upsample_days:2877.000000 | sampler_exact_days:102.000000 | sampler_downsample_day_ratio:0.000000 | sampler_upsample_day_ratio:0.965760
| Valid 12 | time_embedding_norm:0.130521 | time_embedding_to_value_norm_ratio:0.751801 | time_tau:5.067728 | time_half_life:3.512681 | time_tau_std:0.000000 | time_tau_p10:5.067728 | time_tau_p90:5.067728 | time_tau_range_util:0.000000 | film_gamma_strength:0.085850 | film_beta_strength:0.008386 | factor_gate_mean:1.003014 | factor_gate_std:0.018826 | factor_gate_entropy:0.941443 | factor_gate_topk_mass_5:0.099299 | factor_gate_topk_mass_10:0.179499 | router_layer_0_time_ratio:0.813651 | router_layer_0_factor_ratio:0.186349 | router_layer_0_collapse_ratio:0.080196 | router_layer_0_entropy_norm:0.670625 | router_layer_0_logit_margin:1.539512 | expert_layer_0_time_expert_norm:12.269072 | expert_layer_0_factor_expert_norm:5.634713 | expert_layer_0_time_contrib_norm:9.981494 | expert_layer_0_factor_contrib_norm:1.049437 | expert_layer_0_contrib_norm_ratio:11.331430 | expert_layer_0_expert_cosine:-0.011907 | expert_layer_0_time_winner_ratio:1.000000 | router_layer_1_time_ratio:0.792490 | router_layer_1_factor_ratio:0.207510 | router_layer_1_collapse_ratio:0.000000 | router_layer_1_entropy_norm:0.721892 | router_layer_1_logit_margin:1.370871 | expert_layer_1_time_expert_norm:24.712298 | expert_layer_1_factor_expert_norm:9.103700 | expert_layer_1_time_contrib_norm:19.652115 | expert_layer_1_factor_contrib_norm:1.888358 | expert_layer_1_contrib_norm_ratio:11.294643 | expert_layer_1_expert_cosine:0.137198 | expert_layer_1_time_winner_ratio:1.000000 | loss_total:0.029559 | loss_main:0.029534 | loss_listmle:4.718937 | loss_mse:0.029534 | loss_ic:-0.062895 | loss_aux:0.000025 | loss_sparsity:0.000000 | valid_ratio:1.000000 | score_std:0.156600 | label_std:0.045755 | score_label_std_ratio:3.557114 | gate_entropy:0.482610 | time_ratio:0.803071 | ic_pearson_daily:0.062903 | rank_ic_daily:0.070258 | ic_raw:0.062903 | rank_ic:0.070258
| Train 13 | time_embedding_norm:0.130155 | time_embedding_to_value_norm_ratio:0.748348 | time_tau:5.147745 | time_half_life:3.568145 | time_tau_std:0.031795 | time_tau_p10:5.107940 | time_tau_p90:5.187474 | time_tau_range_util:0.001607 | film_gamma_strength:0.092428 | film_beta_strength:0.008859 | factor_gate_mean:0.998972 | factor_gate_std:0.020640 | factor_gate_entropy:0.941152 | factor_gate_topk_mass_5:0.100458 | factor_gate_topk_mass_10:0.181006 | router_layer_0_time_ratio:0.736995 | router_layer_0_factor_ratio:0.263005 | router_layer_0_collapse_ratio:0.023950 | router_layer_0_entropy_norm:0.795391 | router_layer_0_logit_margin:1.098302 | expert_layer_0_time_expert_norm:11.834199 | expert_layer_0_factor_expert_norm:5.533756 | expert_layer_0_time_contrib_norm:8.722184 | expert_layer_0_factor_contrib_norm:1.454203 | expert_layer_0_contrib_norm_ratio:7.505961 | expert_layer_0_expert_cosine:-0.008392 | expert_layer_0_time_winner_ratio:1.000000 | router_layer_1_time_ratio:0.709032 | router_layer_1_factor_ratio:0.290968 | router_layer_1_collapse_ratio:0.000911 | router_layer_1_entropy_norm:0.835576 | router_layer_1_logit_margin:0.956203 | expert_layer_1_time_expert_norm:21.594393 | expert_layer_1_factor_expert_norm:9.472286 | expert_layer_1_time_contrib_norm:15.397142 | expert_layer_1_factor_contrib_norm:2.759143 | expert_layer_1_contrib_norm_ratio:6.615312 | expert_layer_1_expert_cosine:0.088214 | expert_layer_1_time_winner_ratio:0.998540 | loss_total:1.351931 | loss_main:1.351870 | loss_listmle:4.702755 | loss_mse:1.351870 | loss_ic:-0.152600 | loss_aux:0.000060 | loss_sparsity:0.000000 | valid_ratio:1.000000 | score_std:0.169480 | label_std:1.165500 | score_label_std_ratio:0.146898 | ic_pearson_batch:0.152602 | ic_raw:0.152602 | rank_ic_batch:0.151246 | rank_ic:0.151246 | gate_entropy:0.565250 | time_ratio:0.723014 | grad_norm:3.997884 | grad_norm_other:1.851834 | grad_norm_time_embedding:2.426692 | grad_norm_factor_film:0.075336 | grad_norm_regime_encoder:0.590221 | grad_norm_router:0.757990 | grad_norm_time_expert:0.641596 | grad_norm_factor_expert:0.488601 | grad_norm_pooling_head:2.022362 | grad_nonfinite_tensors:1.000000 | grad_nonfinite_values:2.000000 | optimizer_steps:2977.000000 | grad_attempt_steps:2979.000000 | grad_skipped_steps:2.000000 | grad_nonfinite_steps:2.000000 | grad_skipped_rate:0.000671 | grad_nonfinite_rate:0.000671 | lr:0.000025 | sampler_epoch:12.000000 | sampler_num_days:2979.000000 | sampler_num_batches:2979.000000 | sampler_batch_size:300.000000 | sampler_total_source_samples:856246.000000 | sampler_total_draws:893700.000000 | sampler_unique_samples:566008.000000 | sampler_coverage_ratio:0.661034 | sampler_coverage_gap_vs_full:0.338966 | sampler_duplicate_draws:327692.000000 | sampler_duplicate_rate:0.366669 | sampler_downsample_days:0.000000 | sampler_upsample_days:2877.000000 | sampler_exact_days:102.000000 | sampler_downsample_day_ratio:0.000000 | sampler_upsample_day_ratio:0.965760
| Valid 13 | time_embedding_norm:0.129527 | time_embedding_to_value_norm_ratio:0.741394 | time_tau:5.076506 | time_half_life:3.518766 | time_tau_std:0.000000 | time_tau_p10:5.076506 | time_tau_p90:5.076506 | time_tau_range_util:0.000000 | film_gamma_strength:0.084964 | film_beta_strength:0.008724 | factor_gate_mean:1.002847 | factor_gate_std:0.018789 | factor_gate_entropy:0.941648 | factor_gate_topk_mass_5:0.099304 | factor_gate_topk_mass_10:0.179037 | router_layer_0_time_ratio:0.822167 | router_layer_0_factor_ratio:0.177833 | router_layer_0_collapse_ratio:0.096563 | router_layer_0_entropy_norm:0.651491 | router_layer_0_logit_margin:1.600267 | expert_layer_0_time_expert_norm:12.394240 | expert_layer_0_factor_expert_norm:5.852037 | expert_layer_0_time_contrib_norm:10.189451 | expert_layer_0_factor_contrib_norm:1.039816 | expert_layer_0_contrib_norm_ratio:11.709605 | expert_layer_0_expert_cosine:-0.009989 | expert_layer_0_time_winner_ratio:1.000000 | router_layer_1_time_ratio:0.731799 | router_layer_1_factor_ratio:0.268201 | router_layer_1_collapse_ratio:0.000000 | router_layer_1_entropy_norm:0.820203 | router_layer_1_logit_margin:1.043869 | expert_layer_1_time_expert_norm:23.272588 | expert_layer_1_factor_expert_norm:9.028716 | expert_layer_1_time_contrib_norm:17.113223 | expert_layer_1_factor_contrib_norm:2.436217 | expert_layer_1_contrib_norm_ratio:7.710323 | expert_layer_1_expert_cosine:0.138817 | expert_layer_1_time_winner_ratio:0.994723 | loss_total:0.040367 | loss_main:0.040321 | loss_listmle:4.723346 | loss_mse:0.040321 | loss_ic:-0.061473 | loss_aux:0.000045 | loss_sparsity:0.000000 | valid_ratio:1.000000 | score_std:0.180999 | label_std:0.045755 | score_label_std_ratio:4.100268 | gate_entropy:0.510050 | time_ratio:0.776983 | ic_pearson_daily:0.061483 | rank_ic_daily:0.067520 | ic_raw:0.061483 | rank_ic:0.067520
| Train 14 | time_embedding_norm:0.129289 | time_embedding_to_value_norm_ratio:0.739339 | time_tau:5.158413 | time_half_life:3.575539 | time_tau_std:0.032947 | time_tau_p10:5.117204 | time_tau_p90:5.199646 | time_tau_range_util:0.001666 | film_gamma_strength:0.092244 | film_beta_strength:0.009155 | factor_gate_mean:0.999028 | factor_gate_std:0.020760 | factor_gate_entropy:0.942491 | factor_gate_topk_mass_5:0.100124 | factor_gate_topk_mass_10:0.179909 | router_layer_0_time_ratio:0.741138 | router_layer_0_factor_ratio:0.258862 | router_layer_0_collapse_ratio:0.035961 | router_layer_0_entropy_norm:0.786732 | router_layer_0_logit_margin:1.127138 | expert_layer_0_time_expert_norm:12.060159 | expert_layer_0_factor_expert_norm:5.693839 | expert_layer_0_time_contrib_norm:8.939157 | expert_layer_0_factor_contrib_norm:1.472359 | expert_layer_0_contrib_norm_ratio:7.752836 | expert_layer_0_expert_cosine:-0.005564 | expert_layer_0_time_winner_ratio:1.000000 | router_layer_1_time_ratio:0.717647 | router_layer_1_factor_ratio:0.282353 | router_layer_1_collapse_ratio:0.001090 | router_layer_1_entropy_norm:0.827149 | router_layer_1_logit_margin:0.990561 | expert_layer_1_time_expert_norm:21.372226 | expert_layer_1_factor_expert_norm:10.029944 | expert_layer_1_time_contrib_norm:15.433247 | expert_layer_1_factor_contrib_norm:2.839571 | expert_layer_1_contrib_norm_ratio:6.413833 | expert_layer_1_expert_cosine:0.097725 | expert_layer_1_time_winner_ratio:0.997561 | loss_total:1.352824 | loss_main:1.352777 | loss_listmle:4.702353 | loss_mse:1.352777 | loss_ic:-0.156627 | loss_aux:0.000048 | loss_sparsity:0.000000 | valid_ratio:1.000000 | score_std:0.176915 | label_std:1.166237 | score_label_std_ratio:0.153181 | ic_pearson_batch:0.156628 | ic_raw:0.156628 | rank_ic_batch:0.155593 | rank_ic:0.155593 | gate_entropy:0.559328 | time_ratio:0.729392 | grad_norm:4.313192 | grad_norm_other:2.055521 | grad_norm_time_embedding:2.639029 | grad_norm_factor_film:0.081908 | grad_norm_regime_encoder:0.628848 | grad_norm_router:0.851673 | grad_norm_time_expert:0.711415 | grad_norm_factor_expert:0.519277 | grad_norm_pooling_head:2.106251 | optimizer_steps:2979.000000 | grad_attempt_steps:2979.000000 | grad_skipped_steps:0.000000 | grad_nonfinite_steps:0.000000 | grad_skipped_rate:0.000000 | grad_nonfinite_rate:0.000000 | lr:0.000022 | sampler_epoch:13.000000 | sampler_num_days:2979.000000 | sampler_num_batches:2979.000000 | sampler_batch_size:300.000000 | sampler_total_source_samples:856246.000000 | sampler_total_draws:893700.000000 | sampler_unique_samples:566249.000000 | sampler_coverage_ratio:0.661316 | sampler_coverage_gap_vs_full:0.338684 | sampler_duplicate_draws:327451.000000 | sampler_duplicate_rate:0.366399 | sampler_downsample_days:0.000000 | sampler_upsample_days:2877.000000 | sampler_exact_days:102.000000 | sampler_downsample_day_ratio:0.000000 | sampler_upsample_day_ratio:0.965760
| Valid 14 | time_embedding_norm:0.128715 | time_embedding_to_value_norm_ratio:0.733225 | time_tau:5.082009 | time_half_life:3.522580 | time_tau_std:0.000000 | time_tau_p10:5.082009 | time_tau_p90:5.082009 | time_tau_range_util:0.000000 | film_gamma_strength:0.083973 | film_beta_strength:0.008964 | factor_gate_mean:1.002816 | factor_gate_std:0.018593 | factor_gate_entropy:0.943014 | factor_gate_topk_mass_5:0.099273 | factor_gate_topk_mass_10:0.178036 | router_layer_0_time_ratio:0.829575 | router_layer_0_factor_ratio:0.170425 | router_layer_0_collapse_ratio:0.121113 | router_layer_0_entropy_norm:0.635020 | router_layer_0_logit_margin:1.655112 | expert_layer_0_time_expert_norm:12.839835 | expert_layer_0_factor_expert_norm:5.988548 | expert_layer_0_time_contrib_norm:10.650963 | expert_layer_0_factor_contrib_norm:1.019096 | expert_layer_0_contrib_norm_ratio:12.532138 | expert_layer_0_expert_cosine:-0.003474 | expert_layer_0_time_winner_ratio:1.000000 | router_layer_1_time_ratio:0.754221 | router_layer_1_factor_ratio:0.245779 | router_layer_1_collapse_ratio:0.000000 | router_layer_1_entropy_norm:0.790234 | router_layer_1_logit_margin:1.147521 | expert_layer_1_time_expert_norm:23.925987 | expert_layer_1_factor_expert_norm:9.515506 | expert_layer_1_time_contrib_norm:18.111766 | expert_layer_1_factor_contrib_norm:2.348854 | expert_layer_1_contrib_norm_ratio:8.348779 | expert_layer_1_expert_cosine:0.122094 | expert_layer_1_time_winner_ratio:0.999775 | loss_total:0.036062 | loss_main:0.036031 | loss_listmle:4.716580 | loss_mse:0.036031 | loss_ic:-0.064730 | loss_aux:0.000031 | loss_sparsity:0.000000 | valid_ratio:1.000000 | score_std:0.171101 | label_std:0.045755 | score_label_std_ratio:3.879536 | gate_entropy:0.493955 | time_ratio:0.791898 | ic_pearson_daily:0.064739 | rank_ic_daily:0.075012 | ic_raw:0.064739 | rank_ic:0.075012
| Train 15 | time_embedding_norm:0.128547 | time_embedding_to_value_norm_ratio:0.732579 | time_tau:5.180447 | time_half_life:3.590812 | time_tau_std:0.035551 | time_tau_p10:5.135956 | time_tau_p90:5.224908 | time_tau_range_util:0.001797 | film_gamma_strength:0.092267 | film_beta_strength:0.009483 | factor_gate_mean:0.999120 | factor_gate_std:0.020855 | factor_gate_entropy:0.943578 | factor_gate_topk_mass_5:0.099196 | factor_gate_topk_mass_10:0.178223 | router_layer_0_time_ratio:0.737935 | router_layer_0_factor_ratio:0.262065 | router_layer_0_collapse_ratio:0.029955 | router_layer_0_entropy_norm:0.792303 | router_layer_0_logit_margin:1.107627 | expert_layer_0_time_expert_norm:12.237804 | expert_layer_0_factor_expert_norm:5.707446 | expert_layer_0_time_contrib_norm:9.030845 | expert_layer_0_factor_contrib_norm:1.494363 | expert_layer_0_contrib_norm_ratio:7.647557 | expert_layer_0_expert_cosine:-0.003971 | expert_layer_0_time_winner_ratio:1.000000 | router_layer_1_time_ratio:0.720921 | router_layer_1_factor_ratio:0.279079 | router_layer_1_collapse_ratio:0.000696 | router_layer_1_entropy_norm:0.824499 | router_layer_1_logit_margin:1.001626 | expert_layer_1_time_expert_norm:21.435947 | expert_layer_1_factor_expert_norm:10.469898 | expert_layer_1_time_contrib_norm:15.535239 | expert_layer_1_factor_contrib_norm:2.925437 | expert_layer_1_contrib_norm_ratio:6.201370 | expert_layer_1_expert_cosine:0.074093 | expert_layer_1_time_winner_ratio:0.998152 | loss_total:1.348856 | loss_main:1.348809 | loss_listmle:4.702551 | loss_mse:1.348809 | loss_ic:-0.156397 | loss_aux:0.000047 | loss_sparsity:0.000000 | valid_ratio:1.000000 | score_std:0.177171 | label_std:1.165065 | score_label_std_ratio:0.153562 | ic_pearson_batch:0.156398 | ic_raw:0.156398 | rank_ic_batch:0.155013 | rank_ic:0.155013 | gate_entropy:0.560341 | time_ratio:0.729428 | grad_norm:4.273713 | grad_norm_other:2.094225 | grad_norm_time_embedding:2.618924 | grad_norm_factor_film:0.083867 | grad_norm_regime_encoder:0.647556 | grad_norm_router:0.851669 | grad_norm_time_expert:0.711855 | grad_norm_factor_expert:0.527556 | grad_norm_pooling_head:2.003206 | grad_nonfinite_tensors:1.000000 | grad_nonfinite_values:2.000000 | optimizer_steps:2977.000000 | grad_attempt_steps:2979.000000 | grad_skipped_steps:2.000000 | grad_nonfinite_steps:2.000000 | grad_skipped_rate:0.000671 | grad_nonfinite_rate:0.000671 | lr:0.000019 | sampler_epoch:14.000000 | sampler_num_days:2979.000000 | sampler_num_batches:2979.000000 | sampler_batch_size:300.000000 | sampler_total_source_samples:856246.000000 | sampler_total_draws:893700.000000 | sampler_unique_samples:566202.000000 | sampler_coverage_ratio:0.661261 | sampler_coverage_gap_vs_full:0.338739 | sampler_duplicate_draws:327498.000000 | sampler_duplicate_rate:0.366452 | sampler_downsample_days:0.000000 | sampler_upsample_days:2877.000000 | sampler_exact_days:102.000000 | sampler_downsample_day_ratio:0.000000 | sampler_upsample_day_ratio:0.965760
| Valid 15 | time_embedding_norm:0.127840 | time_embedding_to_value_norm_ratio:0.726570 | time_tau:5.098671 | time_half_life:3.534130 | time_tau_std:0.000000 | time_tau_p10:5.098671 | time_tau_p90:5.098671 | time_tau_range_util:0.000000 | film_gamma_strength:0.087674 | film_beta_strength:0.009344 | factor_gate_mean:1.002853 | factor_gate_std:0.019497 | factor_gate_entropy:0.943812 | factor_gate_topk_mass_5:0.098362 | factor_gate_topk_mass_10:0.176991 | router_layer_0_time_ratio:0.829542 | router_layer_0_factor_ratio:0.170458 | router_layer_0_collapse_ratio:0.140753 | router_layer_0_entropy_norm:0.633997 | router_layer_0_logit_margin:1.659077 | expert_layer_0_time_expert_norm:12.978866 | expert_layer_0_factor_expert_norm:5.992837 | expert_layer_0_time_contrib_norm:10.766123 | expert_layer_0_factor_contrib_norm:1.019739 | expert_layer_0_contrib_norm_ratio:12.800193 | expert_layer_0_expert_cosine:-0.006447 | expert_layer_0_time_winner_ratio:1.000000 | router_layer_1_time_ratio:0.782485 | router_layer_1_factor_ratio:0.217515 | router_layer_1_collapse_ratio:0.000000 | router_layer_1_entropy_norm:0.741250 | router_layer_1_logit_margin:1.307849 | expert_layer_1_time_expert_norm:24.680094 | expert_layer_1_factor_expert_norm:9.369382 | expert_layer_1_time_contrib_norm:19.377777 | expert_layer_1_factor_contrib_norm:2.047127 | expert_layer_1_contrib_norm_ratio:10.333545 | expert_layer_1_expert_cosine:0.095985 | expert_layer_1_time_winner_ratio:1.000000 | loss_total:0.050081 | loss_main:0.050052 | loss_listmle:4.720538 | loss_mse:0.050052 | loss_ic:-0.064290 | loss_aux:0.000030 | loss_sparsity:0.000000 | valid_ratio:1.000000 | score_std:0.212963 | label_std:0.045755 | score_label_std_ratio:4.838865 | gate_entropy:0.476624 | time_ratio:0.806014 | ic_pearson_daily:0.064298 | rank_ic_daily:0.078012 | ic_raw:0.064298 | rank_ic:0.078012
| Train 16 | time_embedding_norm:0.127819 | time_embedding_to_value_norm_ratio:0.727075 | time_tau:5.188862 | time_half_life:3.596645 | time_tau_std:0.036903 | time_tau_p10:5.142722 | time_tau_p90:5.234966 | time_tau_range_util:0.001864 | film_gamma_strength:0.093260 | film_beta_strength:0.009770 | factor_gate_mean:0.999101 | factor_gate_std:0.021195 | factor_gate_entropy:0.944405 | factor_gate_topk_mass_5:0.098671 | factor_gate_topk_mass_10:0.177547 | router_layer_0_time_ratio:0.737222 | router_layer_0_factor_ratio:0.262778 | router_layer_0_collapse_ratio:0.037823 | router_layer_0_entropy_norm:0.791269 | router_layer_0_logit_margin:1.108566 | expert_layer_0_time_expert_norm:12.318318 | expert_layer_0_factor_expert_norm:5.886017 | expert_layer_0_time_contrib_norm:9.081457 | expert_layer_0_factor_contrib_norm:1.545156 | expert_layer_0_contrib_norm_ratio:7.546364 | expert_layer_0_expert_cosine:-0.004044 | expert_layer_0_time_winner_ratio:1.000000 | router_layer_1_time_ratio:0.724411 | router_layer_1_factor_ratio:0.275589 | router_layer_1_collapse_ratio:0.002425 | router_layer_1_entropy_norm:0.820787 | router_layer_1_logit_margin:1.016486 | expert_layer_1_time_expert_norm:22.301214 | expert_layer_1_factor_expert_norm:10.847189 | expert_layer_1_time_contrib_norm:16.235158 | expert_layer_1_factor_contrib_norm:2.994969 | expert_layer_1_contrib_norm_ratio:6.346936 | expert_layer_1_expert_cosine:0.071229 | expert_layer_1_time_winner_ratio:0.998663 | loss_total:1.347359 | loss_main:1.347312 | loss_listmle:4.701660 | loss_mse:1.347312 | loss_ic:-0.160784 | loss_aux:0.000047 | loss_sparsity:0.000000 | valid_ratio:1.000000 | score_std:0.182632 | label_std:1.165265 | score_label_std_ratio:0.158281 | ic_pearson_batch:0.160785 | ic_raw:0.160785 | rank_ic_batch:0.159204 | rank_ic:0.159204 | gate_entropy:0.558696 | time_ratio:0.730817 | grad_norm:4.660537 | grad_norm_other:2.299395 | grad_norm_time_embedding:2.951137 | grad_norm_factor_film:0.090969 | grad_norm_regime_encoder:0.704216 | grad_norm_router:0.928809 | grad_norm_time_expert:0.783494 | grad_norm_factor_expert:0.584628 | grad_norm_pooling_head:2.047877 | grad_nonfinite_tensors:2.000000 | grad_nonfinite_values:12.000000 | optimizer_steps:2978.000000 | grad_attempt_steps:2979.000000 | grad_skipped_steps:1.000000 | grad_nonfinite_steps:1.000000 | grad_skipped_rate:0.000336 | grad_nonfinite_rate:0.000336 | lr:0.000016 | sampler_epoch:15.000000 | sampler_num_days:2979.000000 | sampler_num_batches:2979.000000 | sampler_batch_size:300.000000 | sampler_total_source_samples:856246.000000 | sampler_total_draws:893700.000000 | sampler_unique_samples:566264.000000 | sampler_coverage_ratio:0.661333 | sampler_coverage_gap_vs_full:0.338667 | sampler_duplicate_draws:327436.000000 | sampler_duplicate_rate:0.366382 | sampler_downsample_days:0.000000 | sampler_upsample_days:2877.000000 | sampler_exact_days:102.000000 | sampler_downsample_day_ratio:0.000000 | sampler_upsample_day_ratio:0.965760
| Valid 16 | time_embedding_norm:0.127480 | time_embedding_to_value_norm_ratio:0.723049 | time_tau:5.112503 | time_half_life:3.543717 | time_tau_std:0.000000 | time_tau_p10:5.112503 | time_tau_p90:5.112503 | time_tau_range_util:0.000000 | film_gamma_strength:0.088601 | film_beta_strength:0.009627 | factor_gate_mean:1.003036 | factor_gate_std:0.019663 | factor_gate_entropy:0.944420 | factor_gate_topk_mass_5:0.098462 | factor_gate_topk_mass_10:0.176609 | router_layer_0_time_ratio:0.829018 | router_layer_0_factor_ratio:0.170982 | router_layer_0_collapse_ratio:0.139116 | router_layer_0_entropy_norm:0.634892 | router_layer_0_logit_margin:1.654053 | expert_layer_0_time_expert_norm:12.857148 | expert_layer_0_factor_expert_norm:6.240809 | expert_layer_0_time_contrib_norm:10.658140 | expert_layer_0_factor_contrib_norm:1.065466 | expert_layer_0_contrib_norm_ratio:12.059280 | expert_layer_0_expert_cosine:-0.003641 | expert_layer_0_time_winner_ratio:1.000000 | router_layer_1_time_ratio:0.759435 | router_layer_1_factor_ratio:0.240565 | router_layer_1_collapse_ratio:0.000000 | router_layer_1_entropy_norm:0.781738 | router_layer_1_logit_margin:1.177669 | expert_layer_1_time_expert_norm:23.296737 | expert_layer_1_factor_expert_norm:10.535373 | expert_layer_1_time_contrib_norm:17.751737 | expert_layer_1_factor_contrib_norm:2.557741 | expert_layer_1_contrib_norm_ratio:7.571920 | expert_layer_1_expert_cosine:0.088976 | expert_layer_1_time_winner_ratio:0.996361 | loss_total:0.036356 | loss_main:0.036323 | loss_listmle:4.717029 | loss_mse:0.036323 | loss_ic:-0.065071 | loss_aux:0.000033 | loss_sparsity:0.000000 | valid_ratio:1.000000 | score_std:0.165637 | label_std:0.045755 | score_label_std_ratio:3.765957 | gate_entropy:0.490966 | time_ratio:0.794227 | ic_pearson_daily:0.065080 | rank_ic_daily:0.075141 | ic_raw:0.065080 | rank_ic:0.075141
| Train 17 | time_embedding_norm:0.127316 | time_embedding_to_value_norm_ratio:0.722416 | time_tau:5.205030 | time_half_life:3.607852 | time_tau_std:0.038408 | time_tau_p10:5.156982 | time_tau_p90:5.253152 | time_tau_range_util:0.001943 | film_gamma_strength:0.094029 | film_beta_strength:0.010055 | factor_gate_mean:0.999052 | factor_gate_std:0.021349 | factor_gate_entropy:0.944514 | factor_gate_topk_mass_5:0.098941 | factor_gate_topk_mass_10:0.177771 | router_layer_0_time_ratio:0.737179 | router_layer_0_factor_ratio:0.262821 | router_layer_0_collapse_ratio:0.042223 | router_layer_0_entropy_norm:0.789274 | router_layer_0_logit_margin:1.112941 | expert_layer_0_time_expert_norm:12.385066 | expert_layer_0_factor_expert_norm:5.908916 | expert_layer_0_time_contrib_norm:9.131250 | expert_layer_0_factor_contrib_norm:1.552144 | expert_layer_0_contrib_norm_ratio:7.654359 | expert_layer_0_expert_cosine:-0.002424 | expert_layer_0_time_winner_ratio:1.000000 | router_layer_1_time_ratio:0.724043 | router_layer_1_factor_ratio:0.275957 | router_layer_1_collapse_ratio:0.002229 | router_layer_1_entropy_norm:0.823775 | router_layer_1_logit_margin:1.010035 | expert_layer_1_time_expert_norm:21.856655 | expert_layer_1_factor_expert_norm:11.160977 | expert_layer_1_time_contrib_norm:15.899481 | expert_layer_1_factor_contrib_norm:3.101703 | expert_layer_1_contrib_norm_ratio:5.975760 | expert_layer_1_expert_cosine:0.067808 | expert_layer_1_time_winner_ratio:0.996466 | loss_total:1.344881 | loss_main:1.344834 | loss_listmle:4.701606 | loss_mse:1.344834 | loss_ic:-0.163452 | loss_aux:0.000046 | loss_sparsity:0.000000 | valid_ratio:1.000000 | score_std:0.186492 | label_std:1.164713 | score_label_std_ratio:0.161709 | ic_pearson_batch:0.163454 | ic_raw:0.163454 | rank_ic_batch:0.161021 | rank_ic:0.161021 | gate_entropy:0.559040 | time_ratio:0.730611 | grad_norm:4.880853 | grad_norm_other:2.438354 | grad_norm_time_embedding:3.116917 | grad_norm_factor_film:0.094984 | grad_norm_regime_encoder:0.731397 | grad_norm_router:0.976930 | grad_norm_time_expert:0.822904 | grad_norm_factor_expert:0.622090 | grad_norm_pooling_head:2.070776 | grad_nonfinite_tensors:2.000000 | grad_nonfinite_values:3.000000 | optimizer_steps:2978.000000 | grad_attempt_steps:2979.000000 | grad_skipped_steps:1.000000 | grad_nonfinite_steps:1.000000 | grad_skipped_rate:0.000336 | grad_nonfinite_rate:0.000336 | lr:0.000013 | sampler_epoch:16.000000 | sampler_num_days:2979.000000 | sampler_num_batches:2979.000000 | sampler_batch_size:300.000000 | sampler_total_source_samples:856246.000000 | sampler_total_draws:893700.000000 | sampler_unique_samples:566705.000000 | sampler_coverage_ratio:0.661848 | sampler_coverage_gap_vs_full:0.338152 | sampler_duplicate_draws:326995.000000 | sampler_duplicate_rate:0.365889 | sampler_downsample_days:0.000000 | sampler_upsample_days:2877.000000 | sampler_exact_days:102.000000 | sampler_downsample_day_ratio:0.000000 | sampler_upsample_day_ratio:0.965760
| Valid 17 | time_embedding_norm:0.126974 | time_embedding_to_value_norm_ratio:0.718964 | time_tau:5.137693 | time_half_life:3.561177 | time_tau_std:0.000000 | time_tau_p10:5.137693 | time_tau_p90:5.137693 | time_tau_range_util:0.000000 | film_gamma_strength:0.091166 | film_beta_strength:0.010018 | factor_gate_mean:1.003259 | factor_gate_std:0.020345 | factor_gate_entropy:0.944960 | factor_gate_topk_mass_5:0.097931 | factor_gate_topk_mass_10:0.176042 | router_layer_0_time_ratio:0.831490 | router_layer_0_factor_ratio:0.168510 | router_layer_0_collapse_ratio:0.170213 | router_layer_0_entropy_norm:0.627568 | router_layer_0_logit_margin:1.681184 | expert_layer_0_time_expert_norm:13.123335 | expert_layer_0_factor_expert_norm:6.214215 | expert_layer_0_time_contrib_norm:10.911872 | expert_layer_0_factor_contrib_norm:1.045375 | expert_layer_0_contrib_norm_ratio:12.912794 | expert_layer_0_expert_cosine:-0.004092 | expert_layer_0_time_winner_ratio:1.000000 | router_layer_1_time_ratio:0.751775 | router_layer_1_factor_ratio:0.248225 | router_layer_1_collapse_ratio:0.000000 | router_layer_1_entropy_norm:0.792377 | router_layer_1_logit_margin:1.139983 | expert_layer_1_time_expert_norm:24.476351 | expert_layer_1_factor_expert_norm:10.016732 | expert_layer_1_time_contrib_norm:18.473792 | expert_layer_1_factor_contrib_norm:2.507102 | expert_layer_1_contrib_norm_ratio:8.075584 | expert_layer_1_expert_cosine:0.105445 | expert_layer_1_time_winner_ratio:0.996902 | loss_total:0.051832 | loss_main:0.051787 | loss_listmle:4.721822 | loss_mse:0.051787 | loss_ic:-0.063227 | loss_aux:0.000045 | loss_sparsity:0.000000 | valid_ratio:1.000000 | score_std:0.208068 | label_std:0.045755 | score_label_std_ratio:4.720871 | gate_entropy:0.492115 | time_ratio:0.791632 | ic_pearson_daily:0.063236 | rank_ic_daily:0.075114 | ic_raw:0.063236 | rank_ic:0.075114
| Train 18 | time_embedding_norm:0.126851 | time_embedding_to_value_norm_ratio:0.718645 | time_tau:5.213472 | time_half_life:3.613703 | time_tau_std:0.039650 | time_tau_p10:5.163991 | time_tau_p90:5.263154 | time_tau_range_util:0.002003 | film_gamma_strength:0.094250 | film_beta_strength:0.010276 | factor_gate_mean:0.999015 | factor_gate_std:0.021446 | factor_gate_entropy:0.944742 | factor_gate_topk_mass_5:0.098401 | factor_gate_topk_mass_10:0.177357 | router_layer_0_time_ratio:0.740566 | router_layer_0_factor_ratio:0.259434 | router_layer_0_collapse_ratio:0.052688 | router_layer_0_entropy_norm:0.782589 | router_layer_0_logit_margin:1.135712 | expert_layer_0_time_expert_norm:12.494082 | expert_layer_0_factor_expert_norm:5.981838 | expert_layer_0_time_contrib_norm:9.253722 | expert_layer_0_factor_contrib_norm:1.550827 | expert_layer_0_contrib_norm_ratio:7.874842 | expert_layer_0_expert_cosine:-0.003851 | expert_layer_0_time_winner_ratio:1.000000 | router_layer_1_time_ratio:0.723097 | router_layer_1_factor_ratio:0.276903 | router_layer_1_collapse_ratio:0.001826 | router_layer_1_entropy_norm:0.823105 | router_layer_1_logit_margin:1.009763 | expert_layer_1_time_expert_norm:21.915600 | expert_layer_1_factor_expert_norm:11.150750 | expert_layer_1_time_contrib_norm:15.928621 | expert_layer_1_factor_contrib_norm:3.110877 | expert_layer_1_contrib_norm_ratio:6.004150 | expert_layer_1_expert_cosine:0.065608 | expert_layer_1_time_winner_ratio:0.995749 | loss_total:1.343694 | loss_main:1.343645 | loss_listmle:4.701506 | loss_mse:1.343645 | loss_ic:-0.164129 | loss_aux:0.000049 | loss_sparsity:0.000000 | valid_ratio:1.000000 | score_std:0.187799 | label_std:1.164462 | score_label_std_ratio:0.162936 | ic_pearson_batch:0.164131 | ic_raw:0.164131 | rank_ic_batch:0.161831 | rank_ic:0.161831 | gate_entropy:0.556491 | time_ratio:0.731832 | grad_norm:5.036683 | grad_norm_other:2.561198 | grad_norm_time_embedding:3.241501 | grad_norm_factor_film:0.100472 | grad_norm_regime_encoder:0.768702 | grad_norm_router:0.993203 | grad_norm_time_expert:0.851827 | grad_norm_factor_expert:0.645107 | grad_norm_pooling_head:2.047830 | grad_nonfinite_tensors:1.000000 | grad_nonfinite_values:3.000000 | optimizer_steps:2978.000000 | grad_attempt_steps:2979.000000 | grad_skipped_steps:1.000000 | grad_nonfinite_steps:1.000000 | grad_skipped_rate:0.000336 | grad_nonfinite_rate:0.000336 | lr:0.000010 | sampler_epoch:17.000000 | sampler_num_days:2979.000000 | sampler_num_batches:2979.000000 | sampler_batch_size:300.000000 | sampler_total_source_samples:856246.000000 | sampler_total_draws:893700.000000 | sampler_unique_samples:566494.000000 | sampler_coverage_ratio:0.661602 | sampler_coverage_gap_vs_full:0.338398 | sampler_duplicate_draws:327206.000000 | sampler_duplicate_rate:0.366125 | sampler_downsample_days:0.000000 | sampler_upsample_days:2877.000000 | sampler_exact_days:102.000000 | sampler_downsample_day_ratio:0.000000 | sampler_upsample_day_ratio:0.965760
| Valid 18 | time_embedding_norm:0.126495 | time_embedding_to_value_norm_ratio:0.715725 | time_tau:5.126806 | time_half_life:3.553631 | time_tau_std:0.000000 | time_tau_p10:5.126806 | time_tau_p90:5.126806 | time_tau_range_util:0.000000 | film_gamma_strength:0.091094 | film_beta_strength:0.010167 | factor_gate_mean:1.003070 | factor_gate_std:0.020364 | factor_gate_entropy:0.945153 | factor_gate_topk_mass_5:0.097455 | factor_gate_topk_mass_10:0.175497 | router_layer_0_time_ratio:0.835160 | router_layer_0_factor_ratio:0.164840 | router_layer_0_collapse_ratio:0.173486 | router_layer_0_entropy_norm:0.620155 | router_layer_0_logit_margin:1.705504 | expert_layer_0_time_expert_norm:13.047059 | expert_layer_0_factor_expert_norm:6.153519 | expert_layer_0_time_contrib_norm:10.896252 | expert_layer_0_factor_contrib_norm:1.012097 | expert_layer_0_contrib_norm_ratio:13.209843 | expert_layer_0_expert_cosine:-0.002589 | expert_layer_0_time_winner_ratio:1.000000 | router_layer_1_time_ratio:0.775167 | router_layer_1_factor_ratio:0.224833 | router_layer_1_collapse_ratio:0.000000 | router_layer_1_entropy_norm:0.756566 | router_layer_1_logit_margin:1.259637 | expert_layer_1_time_expert_norm:24.958228 | expert_layer_1_factor_expert_norm:10.301885 | expert_layer_1_time_contrib_norm:19.408684 | expert_layer_1_factor_contrib_norm:2.337671 | expert_layer_1_contrib_norm_ratio:9.039200 | expert_layer_1_expert_cosine:0.103916 | expert_layer_1_time_winner_ratio:0.999989 | loss_total:0.056599 | loss_main:0.056566 | loss_listmle:4.726920 | loss_mse:0.056566 | loss_ic:-0.066086 | loss_aux:0.000033 | loss_sparsity:0.000000 | valid_ratio:1.000000 | score_std:0.224839 | label_std:0.045755 | score_label_std_ratio:5.118056 | gate_entropy:0.477135 | time_ratio:0.805164 | ic_pearson_daily:0.066093 | rank_ic_daily:0.077783 | ic_raw:0.066093 | rank_ic:0.077783
| Train 19 | time_embedding_norm:0.126504 | time_embedding_to_value_norm_ratio:0.716363 | time_tau:5.220974 | time_half_life:3.618903 | time_tau_std:0.040586 | time_tau_p10:5.170331 | time_tau_p90:5.271847 | time_tau_range_util:0.002051 | film_gamma_strength:0.094575 | film_beta_strength:0.010392 | factor_gate_mean:0.998997 | factor_gate_std:0.021606 | factor_gate_entropy:0.944933 | factor_gate_topk_mass_5:0.098125 | factor_gate_topk_mass_10:0.177009 | router_layer_0_time_ratio:0.740363 | router_layer_0_factor_ratio:0.259637 | router_layer_0_collapse_ratio:0.047995 | router_layer_0_entropy_norm:0.784182 | router_layer_0_logit_margin:1.131689 | expert_layer_0_time_expert_norm:12.455087 | expert_layer_0_factor_expert_norm:5.889351 | expert_layer_0_time_contrib_norm:9.221553 | expert_layer_0_factor_contrib_norm:1.527685 | expert_layer_0_contrib_norm_ratio:7.887750 | expert_layer_0_expert_cosine:-0.002991 | expert_layer_0_time_winner_ratio:1.000000 | router_layer_1_time_ratio:0.724948 | router_layer_1_factor_ratio:0.275052 | router_layer_1_collapse_ratio:0.002120 | router_layer_1_entropy_norm:0.824756 | router_layer_1_logit_margin:1.008859 | expert_layer_1_time_expert_norm:21.796720 | expert_layer_1_factor_expert_norm:11.440212 | expert_layer_1_time_contrib_norm:15.872758 | expert_layer_1_factor_contrib_norm:3.172108 | expert_layer_1_contrib_norm_ratio:5.788455 | expert_layer_1_expert_cosine:0.059105 | expert_layer_1_time_winner_ratio:0.997467 | loss_total:1.345508 | loss_main:1.345466 | loss_listmle:4.701585 | loss_mse:1.345466 | loss_ic:-0.165383 | loss_aux:0.000042 | loss_sparsity:0.000000 | valid_ratio:1.000000 | score_std:0.191308 | label_std:1.165486 | score_label_std_ratio:0.165766 | ic_pearson_batch:0.165384 | ic_raw:0.165384 | rank_ic_batch:0.163516 | rank_ic:0.163516 | gate_entropy:0.557615 | time_ratio:0.732655 | grad_norm:5.398691 | grad_norm_other:2.771796 | grad_norm_time_embedding:3.545127 | grad_norm_factor_film:0.106439 | grad_norm_regime_encoder:0.801672 | grad_norm_router:1.055098 | grad_norm_time_expert:0.921932 | grad_norm_factor_expert:0.698975 | grad_norm_pooling_head:2.094947 | grad_nonfinite_tensors:4.000000 | grad_nonfinite_values:48.000000 | optimizer_steps:2978.000000 | grad_attempt_steps:2979.000000 | grad_skipped_steps:1.000000 | grad_nonfinite_steps:1.000000 | grad_skipped_rate:0.000336 | grad_nonfinite_rate:0.000336 | lr:0.000007 | sampler_epoch:18.000000 | sampler_num_days:2979.000000 | sampler_num_batches:2979.000000 | sampler_batch_size:300.000000 | sampler_total_source_samples:856246.000000 | sampler_total_draws:893700.000000 | sampler_unique_samples:566266.000000 | sampler_coverage_ratio:0.661336 | sampler_coverage_gap_vs_full:0.338664 | sampler_duplicate_draws:327434.000000 | sampler_duplicate_rate:0.366380 | sampler_downsample_days:0.000000 | sampler_upsample_days:2877.000000 | sampler_exact_days:102.000000 | sampler_downsample_day_ratio:0.000000 | sampler_upsample_day_ratio:0.965760
| Valid 19 | time_embedding_norm:0.126300 | time_embedding_to_value_norm_ratio:0.714054 | time_tau:5.121086 | time_half_life:3.549666 | time_tau_std:0.000000 | time_tau_p10:5.121086 | time_tau_p90:5.121086 | time_tau_range_util:0.000000 | film_gamma_strength:0.090941 | film_beta_strength:0.010233 | factor_gate_mean:1.003114 | factor_gate_std:0.020372 | factor_gate_entropy:0.945454 | factor_gate_topk_mass_5:0.097110 | factor_gate_topk_mass_10:0.174996 | router_layer_0_time_ratio:0.838030 | router_layer_0_factor_ratio:0.161970 | router_layer_0_collapse_ratio:0.176759 | router_layer_0_entropy_norm:0.612902 | router_layer_0_logit_margin:1.728966 | expert_layer_0_time_expert_norm:13.018249 | expert_layer_0_factor_expert_norm:6.209673 | expert_layer_0_time_contrib_norm:10.909614 | expert_layer_0_factor_contrib_norm:1.003222 | expert_layer_0_contrib_norm_ratio:13.381596 | expert_layer_0_expert_cosine:-0.002540 | expert_layer_0_time_winner_ratio:1.000000 | router_layer_1_time_ratio:0.755178 | router_layer_1_factor_ratio:0.244822 | router_layer_1_collapse_ratio:0.000000 | router_layer_1_entropy_norm:0.789241 | router_layer_1_logit_margin:1.152885 | expert_layer_1_time_expert_norm:23.442073 | expert_layer_1_factor_expert_norm:10.579571 | expert_layer_1_time_contrib_norm:17.762724 | expert_layer_1_factor_contrib_norm:2.617000 | expert_layer_1_contrib_norm_ratio:7.397250 | expert_layer_1_expert_cosine:0.094381 | expert_layer_1_time_winner_ratio:0.995781 | loss_total:0.046222 | loss_main:0.046181 | loss_listmle:4.721171 | loss_mse:0.046181 | loss_ic:-0.065033 | loss_aux:0.000041 | loss_sparsity:0.000000 | valid_ratio:1.000000 | score_std:0.187932 | label_std:0.045755 | score_label_std_ratio:4.276024 | gate_entropy:0.485946 | time_ratio:0.796604 | ic_pearson_daily:0.065041 | rank_ic_daily:0.075075 | ic_raw:0.065041 | rank_ic:0.075075
| Train 20 | time_embedding_norm:0.126218 | time_embedding_to_value_norm_ratio:0.714449 | time_tau:5.224189 | time_half_life:3.621132 | time_tau_std:0.041100 | time_tau_p10:5.172939 | time_tau_p90:5.275671 | time_tau_range_util:0.002075 | film_gamma_strength:0.094831 | film_beta_strength:0.010471 | factor_gate_mean:0.998961 | factor_gate_std:0.021689 | factor_gate_entropy:0.944965 | factor_gate_topk_mass_5:0.098169 | factor_gate_topk_mass_10:0.177086 | router_layer_0_time_ratio:0.740683 | router_layer_0_factor_ratio:0.259317 | router_layer_0_collapse_ratio:0.050708 | router_layer_0_entropy_norm:0.782339 | router_layer_0_logit_margin:1.136321 | expert_layer_0_time_expert_norm:12.519120 | expert_layer_0_factor_expert_norm:5.881998 | expert_layer_0_time_contrib_norm:9.273035 | expert_layer_0_factor_contrib_norm:1.524429 | expert_layer_0_contrib_norm_ratio:8.011766 | expert_layer_0_expert_cosine:-0.002051 | expert_layer_0_time_winner_ratio:1.000000 | router_layer_1_time_ratio:0.737396 | router_layer_1_factor_ratio:0.262604 | router_layer_1_collapse_ratio:0.002664 | router_layer_1_entropy_norm:0.806219 | router_layer_1_logit_margin:1.075969 | expert_layer_1_time_expert_norm:21.592922 | expert_layer_1_factor_expert_norm:11.506409 | expert_layer_1_time_contrib_norm:15.996721 | expert_layer_1_factor_contrib_norm:3.047516 | expert_layer_1_contrib_norm_ratio:6.115612 | expert_layer_1_expert_cosine:0.058991 | expert_layer_1_time_winner_ratio:0.996134 | loss_total:1.343329 | loss_main:1.343286 | loss_listmle:4.700892 | loss_mse:1.343286 | loss_ic:-0.168678 | loss_aux:0.000043 | loss_sparsity:0.000000 | valid_ratio:1.000000 | score_std:0.194378 | label_std:1.165369 | score_label_std_ratio:0.168435 | ic_pearson_batch:0.168679 | ic_raw:0.168679 | rank_ic_batch:0.166731 | rank_ic:0.166731 | gate_entropy:0.550552 | time_ratio:0.739040 | grad_norm:5.749124 | grad_norm_other:2.950453 | grad_norm_time_embedding:3.829710 | grad_norm_factor_film:0.109728 | grad_norm_regime_encoder:0.828195 | grad_norm_router:1.160343 | grad_norm_time_expert:0.971422 | grad_norm_factor_expert:0.753781 | grad_norm_pooling_head:2.136558 | grad_nonfinite_tensors:1.500000 | grad_nonfinite_values:9.500000 | optimizer_steps:2977.000000 | grad_attempt_steps:2979.000000 | grad_skipped_steps:2.000000 | grad_nonfinite_steps:2.000000 | grad_skipped_rate:0.000671 | grad_nonfinite_rate:0.000671 | lr:0.000005 | sampler_epoch:19.000000 | sampler_num_days:2979.000000 | sampler_num_batches:2979.000000 | sampler_batch_size:300.000000 | sampler_total_source_samples:856246.000000 | sampler_total_draws:893700.000000 | sampler_unique_samples:566807.000000 | sampler_coverage_ratio:0.661967 | sampler_coverage_gap_vs_full:0.338033 | sampler_duplicate_draws:326893.000000 | sampler_duplicate_rate:0.365775 | sampler_downsample_days:0.000000 | sampler_upsample_days:2877.000000 | sampler_exact_days:102.000000 | sampler_downsample_day_ratio:0.000000 | sampler_upsample_day_ratio:0.965760
| Valid 20 | time_embedding_norm:0.126035 | time_embedding_to_value_norm_ratio:0.712415 | time_tau:5.120153 | time_half_life:3.549019 | time_tau_std:0.000000 | time_tau_p10:5.120153 | time_tau_p90:5.120153 | time_tau_range_util:0.000000 | film_gamma_strength:0.091568 | film_beta_strength:0.010326 | factor_gate_mean:1.003122 | factor_gate_std:0.020547 | factor_gate_entropy:0.945579 | factor_gate_topk_mass_5:0.097141 | factor_gate_topk_mass_10:0.174947 | router_layer_0_time_ratio:0.838239 | router_layer_0_factor_ratio:0.161761 | router_layer_0_collapse_ratio:0.176759 | router_layer_0_entropy_norm:0.613265 | router_layer_0_logit_margin:1.727943 | expert_layer_0_time_expert_norm:13.159614 | expert_layer_0_factor_expert_norm:6.195935 | expert_layer_0_time_contrib_norm:11.030819 | expert_layer_0_factor_contrib_norm:0.999854 | expert_layer_0_contrib_norm_ratio:13.498820 | expert_layer_0_expert_cosine:-0.002402 | expert_layer_0_time_winner_ratio:1.000000 | router_layer_1_time_ratio:0.776600 | router_layer_1_factor_ratio:0.223400 | router_layer_1_collapse_ratio:0.000000 | router_layer_1_entropy_norm:0.753470 | router_layer_1_logit_margin:1.270266 | expert_layer_1_time_expert_norm:23.965788 | expert_layer_1_factor_expert_norm:10.508751 | expert_layer_1_time_contrib_norm:18.672183 | expert_layer_1_factor_contrib_norm:2.372325 | expert_layer_1_contrib_norm_ratio:8.598658 | expert_layer_1_expert_cosine:0.091680 | expert_layer_1_time_winner_ratio:0.999358 | loss_total:0.041170 | loss_main:0.041136 | loss_listmle:4.720424 | loss_mse:0.041136 | loss_ic:-0.065045 | loss_aux:0.000034 | loss_sparsity:0.000000 | valid_ratio:1.000000 | score_std:0.181441 | label_std:0.045755 | score_label_std_ratio:4.127782 | gate_entropy:0.473674 | time_ratio:0.807420 | ic_pearson_daily:0.065053 | rank_ic_daily:0.075000 | ic_raw:0.065053 | rank_ic:0.075000
| Train 21 | time_embedding_norm:0.126029 | time_embedding_to_value_norm_ratio:0.713321 | time_tau:5.225923 | time_half_life:3.622334 | time_tau_std:0.041401 | time_tau_p10:5.174368 | time_tau_p90:5.277785 | time_tau_range_util:0.002089 | film_gamma_strength:0.094871 | film_beta_strength:0.010529 | factor_gate_mean:0.998954 | factor_gate_std:0.021714 | factor_gate_entropy:0.945131 | factor_gate_topk_mass_5:0.098027 | factor_gate_topk_mass_10:0.176815 | router_layer_0_time_ratio:0.742393 | router_layer_0_factor_ratio:0.257607 | router_layer_0_collapse_ratio:0.053492 | router_layer_0_entropy_norm:0.780107 | router_layer_0_logit_margin:1.145275 | expert_layer_0_time_expert_norm:12.590943 | expert_layer_0_factor_expert_norm:5.895321 | expert_layer_0_time_contrib_norm:9.347874 | expert_layer_0_factor_contrib_norm:1.517758 | expert_layer_0_contrib_norm_ratio:8.116736 | expert_layer_0_expert_cosine:-0.001955 | expert_layer_0_time_winner_ratio:1.000000 | router_layer_1_time_ratio:0.736955 | router_layer_1_factor_ratio:0.263045 | router_layer_1_collapse_ratio:0.003249 | router_layer_1_entropy_norm:0.808554 | router_layer_1_logit_margin:1.068842 | expert_layer_1_time_expert_norm:21.496511 | expert_layer_1_factor_expert_norm:11.514645 | expert_layer_1_time_contrib_norm:15.911304 | expert_layer_1_factor_contrib_norm:3.052104 | expert_layer_1_contrib_norm_ratio:6.027530 | expert_layer_1_expert_cosine:0.054668 | expert_layer_1_time_winner_ratio:0.998459 | loss_total:1.341866 | loss_main:1.341827 | loss_listmle:4.700633 | loss_mse:1.341827 | loss_ic:-0.169239 | loss_aux:0.000039 | loss_sparsity:0.000000 | valid_ratio:1.000000 | score_std:0.194406 | label_std:1.165127 | score_label_std_ratio:0.168498 | ic_pearson_batch:0.169241 | ic_raw:0.169241 | rank_ic_batch:0.166838 | rank_ic:0.166838 | gate_entropy:0.550588 | time_ratio:0.739674 | grad_norm:5.763477 | grad_norm_other:2.985396 | grad_norm_time_embedding:3.846286 | grad_norm_factor_film:0.108514 | grad_norm_regime_encoder:0.820714 | grad_norm_router:1.149628 | grad_norm_time_expert:0.984878 | grad_norm_factor_expert:0.745960 | grad_norm_pooling_head:2.117480 | grad_nonfinite_tensors:2.000000 | grad_nonfinite_values:14.000000 | optimizer_steps:2978.000000 | grad_attempt_steps:2979.000000 | grad_skipped_steps:1.000000 | grad_nonfinite_steps:1.000000 | grad_skipped_rate:0.000336 | grad_nonfinite_rate:0.000336 | lr:0.000003 | sampler_epoch:20.000000 | sampler_num_days:2979.000000 | sampler_num_batches:2979.000000 | sampler_batch_size:300.000000 | sampler_total_source_samples:856246.000000 | sampler_total_draws:893700.000000 | sampler_unique_samples:566444.000000 | sampler_coverage_ratio:0.661544 | sampler_coverage_gap_vs_full:0.338456 | sampler_duplicate_draws:327256.000000 | sampler_duplicate_rate:0.366181 | sampler_downsample_days:0.000000 | sampler_upsample_days:2877.000000 | sampler_exact_days:102.000000 | sampler_downsample_day_ratio:0.000000 | sampler_upsample_day_ratio:0.965760
| Valid 21 | time_embedding_norm:0.125847 | time_embedding_to_value_norm_ratio:0.711434 | time_tau:5.121689 | time_half_life:3.550084 | time_tau_std:0.000000 | time_tau_p10:5.121689 | time_tau_p90:5.121689 | time_tau_range_util:0.000000 | film_gamma_strength:0.091689 | film_beta_strength:0.010375 | factor_gate_mean:1.003105 | factor_gate_std:0.020603 | factor_gate_entropy:0.945675 | factor_gate_topk_mass_5:0.097013 | factor_gate_topk_mass_10:0.174796 | router_layer_0_time_ratio:0.838819 | router_layer_0_factor_ratio:0.161181 | router_layer_0_collapse_ratio:0.186579 | router_layer_0_entropy_norm:0.611014 | router_layer_0_logit_margin:1.735531 | expert_layer_0_time_expert_norm:13.169839 | expert_layer_0_factor_expert_norm:6.148540 | expert_layer_0_time_contrib_norm:11.047005 | expert_layer_0_factor_contrib_norm:0.988553 | expert_layer_0_contrib_norm_ratio:13.769923 | expert_layer_0_expert_cosine:-0.001091 | expert_layer_0_time_winner_ratio:1.000000 | router_layer_1_time_ratio:0.767465 | router_layer_1_factor_ratio:0.232535 | router_layer_1_collapse_ratio:0.000000 | router_layer_1_entropy_norm:0.768965 | router_layer_1_logit_margin:1.219458 | expert_layer_1_time_expert_norm:23.693802 | expert_layer_1_factor_expert_norm:10.528894 | expert_layer_1_time_contrib_norm:18.244155 | expert_layer_1_factor_contrib_norm:2.477025 | expert_layer_1_contrib_norm_ratio:8.064870 | expert_layer_1_expert_cosine:0.084154 | expert_layer_1_time_winner_ratio:0.997505 | loss_total:0.051273 | loss_main:0.051234 | loss_listmle:4.723967 | loss_mse:0.051234 | loss_ic:-0.064835 | loss_aux:0.000039 | loss_sparsity:0.000000 | valid_ratio:1.000000 | score_std:0.203055 | label_std:0.045755 | score_label_std_ratio:4.622084 | gate_entropy:0.478264 | time_ratio:0.803142 | ic_pearson_daily:0.064842 | rank_ic_daily:0.074956 | ic_raw:0.064842 | rank_ic:0.074956
| Train 22 | time_embedding_norm:0.125857 | time_embedding_to_value_norm_ratio:0.712331 | time_tau:5.227735 | time_half_life:3.623589 | time_tau_std:0.041643 | time_tau_p10:5.175718 | time_tau_p90:5.279963 | time_tau_range_util:0.002106 | film_gamma_strength:0.095219 | film_beta_strength:0.010579 | factor_gate_mean:0.998967 | factor_gate_std:0.021820 | factor_gate_entropy:0.945091 | factor_gate_topk_mass_5:0.098134 | factor_gate_topk_mass_10:0.176998 | router_layer_0_time_ratio:0.742001 | router_layer_0_factor_ratio:0.257999 | router_layer_0_collapse_ratio:0.054519 | router_layer_0_entropy_norm:0.780188 | router_layer_0_logit_margin:1.144284 | expert_layer_0_time_expert_norm:12.612129 | expert_layer_0_factor_expert_norm:5.904132 | expert_layer_0_time_contrib_norm:9.358677 | expert_layer_0_factor_contrib_norm:1.522378 | expert_layer_0_contrib_norm_ratio:8.126343 | expert_layer_0_expert_cosine:-0.001574 | expert_layer_0_time_winner_ratio:1.000000 | router_layer_1_time_ratio:0.730676 | router_layer_1_factor_ratio:0.269324 | router_layer_1_collapse_ratio:0.002077 | router_layer_1_entropy_norm:0.817591 | router_layer_1_logit_margin:1.036561 | expert_layer_1_time_expert_norm:21.493588 | expert_layer_1_factor_expert_norm:11.531121 | expert_layer_1_time_contrib_norm:15.775301 | expert_layer_1_factor_contrib_norm:3.135083 | expert_layer_1_contrib_norm_ratio:5.824803 | expert_layer_1_expert_cosine:0.054382 | expert_layer_1_time_winner_ratio:0.997409 | loss_total:1.340299 | loss_main:1.340258 | loss_listmle:4.700886 | loss_mse:1.340258 | loss_ic:-0.169601 | loss_aux:0.000041 | loss_sparsity:0.000000 | valid_ratio:1.000000 | score_std:0.196975 | label_std:1.164681 | score_label_std_ratio:0.170760 | ic_pearson_batch:0.169602 | ic_raw:0.169602 | rank_ic_batch:0.168367 | rank_ic:0.168367 | gate_entropy:0.553748 | time_ratio:0.736338 | grad_norm:5.884860 | grad_norm_other:3.064908 | grad_norm_time_embedding:3.957096 | grad_norm_factor_film:0.111700 | grad_norm_regime_encoder:0.835075 | grad_norm_router:1.143349 | grad_norm_time_expert:1.014558 | grad_norm_factor_expert:0.766425 | grad_norm_pooling_head:2.100973 | grad_nonfinite_tensors:2.000000 | grad_nonfinite_values:15.000000 | optimizer_steps:2978.000000 | grad_attempt_steps:2979.000000 | grad_skipped_steps:1.000000 | grad_nonfinite_steps:1.000000 | grad_skipped_rate:0.000336 | grad_nonfinite_rate:0.000336 | lr:0.000002 | sampler_epoch:21.000000 | sampler_num_days:2979.000000 | sampler_num_batches:2979.000000 | sampler_batch_size:300.000000 | sampler_total_source_samples:856246.000000 | sampler_total_draws:893700.000000 | sampler_unique_samples:566802.000000 | sampler_coverage_ratio:0.661962 | sampler_coverage_gap_vs_full:0.338038 | sampler_duplicate_draws:326898.000000 | sampler_duplicate_rate:0.365780 | sampler_downsample_days:0.000000 | sampler_upsample_days:2877.000000 | sampler_exact_days:102.000000 | sampler_downsample_day_ratio:0.000000 | sampler_upsample_day_ratio:0.965760
| Valid 22 | time_embedding_norm:0.125752 | time_embedding_to_value_norm_ratio:0.710782 | time_tau:5.119755 | time_half_life:3.548744 | time_tau_std:0.000000 | time_tau_p10:5.119755 | time_tau_p90:5.119755 | time_tau_range_util:0.000000 | film_gamma_strength:0.091765 | film_beta_strength:0.010405 | factor_gate_mean:1.003072 | factor_gate_std:0.020634 | factor_gate_entropy:0.945724 | factor_gate_topk_mass_5:0.096997 | factor_gate_topk_mass_10:0.174761 | router_layer_0_time_ratio:0.838841 | router_layer_0_factor_ratio:0.161159 | router_layer_0_collapse_ratio:0.188216 | router_layer_0_entropy_norm:0.610866 | router_layer_0_logit_margin:1.735831 | expert_layer_0_time_expert_norm:13.162417 | expert_layer_0_factor_expert_norm:6.161156 | expert_layer_0_time_contrib_norm:11.041068 | expert_layer_0_factor_contrib_norm:0.990375 | expert_layer_0_contrib_norm_ratio:13.737566 | expert_layer_0_expert_cosine:-0.000678 | expert_layer_0_time_winner_ratio:1.000000 | router_layer_1_time_ratio:0.769060 | router_layer_1_factor_ratio:0.230940 | router_layer_1_collapse_ratio:0.000000 | router_layer_1_entropy_norm:0.766543 | router_layer_1_logit_margin:1.227373 | expert_layer_1_time_expert_norm:23.707638 | expert_layer_1_factor_expert_norm:10.576733 | expert_layer_1_time_contrib_norm:18.292434 | expert_layer_1_factor_contrib_norm:2.472122 | expert_layer_1_contrib_norm_ratio:8.104355 | expert_layer_1_expert_cosine:0.086976 | expert_layer_1_time_winner_ratio:0.998118 | loss_total:0.050827 | loss_main:0.050789 | loss_listmle:4.724399 | loss_mse:0.050789 | loss_ic:-0.065025 | loss_aux:0.000038 | loss_sparsity:0.000000 | valid_ratio:1.000000 | score_std:0.207613 | label_std:0.045755 | score_label_std_ratio:4.727042 | gate_entropy:0.477374 | time_ratio:0.803951 | ic_pearson_daily:0.065035 | rank_ic_daily:0.075893 | ic_raw:0.065035 | rank_ic:0.075893
| Train 23 | time_embedding_norm:0.125837 | time_embedding_to_value_norm_ratio:0.711929 | time_tau:5.226603 | time_half_life:3.622805 | time_tau_std:0.041579 | time_tau_p10:5.174833 | time_tau_p90:5.278732 | time_tau_range_util:0.002099 | film_gamma_strength:0.095296 | film_beta_strength:0.010610 | factor_gate_mean:0.998940 | factor_gate_std:0.021841 | factor_gate_entropy:0.945146 | factor_gate_topk_mass_5:0.098062 | factor_gate_topk_mass_10:0.176904 | router_layer_0_time_ratio:0.741832 | router_layer_0_factor_ratio:0.258168 | router_layer_0_collapse_ratio:0.053895 | router_layer_0_entropy_norm:0.780691 | router_layer_0_logit_margin:1.142830 | expert_layer_0_time_expert_norm:12.584471 | expert_layer_0_factor_expert_norm:5.890004 | expert_layer_0_time_contrib_norm:9.335986 | expert_layer_0_factor_contrib_norm:1.519737 | expert_layer_0_contrib_norm_ratio:8.107559 | expert_layer_0_expert_cosine:-0.001320 | expert_layer_0_time_winner_ratio:1.000000 | router_layer_1_time_ratio:0.733950 | router_layer_1_factor_ratio:0.266050 | router_layer_1_collapse_ratio:0.002246 | router_layer_1_entropy_norm:0.813214 | router_layer_1_logit_margin:1.052542 | expert_layer_1_time_expert_norm:21.510074 | expert_layer_1_factor_expert_norm:11.626347 | expert_layer_1_time_contrib_norm:15.857697 | expert_layer_1_factor_contrib_norm:3.122318 | expert_layer_1_contrib_norm_ratio:5.875355 | expert_layer_1_expert_cosine:0.056043 | expert_layer_1_time_winner_ratio:0.997689 | loss_total:1.342712 | loss_main:1.342672 | loss_listmle:4.701051 | loss_mse:1.342672 | loss_ic:-0.169798 | loss_aux:0.000040 | loss_sparsity:0.000000 | valid_ratio:1.000000 | score_std:0.196269 | label_std:1.165963 | score_label_std_ratio:0.170003 | ic_pearson_batch:0.169799 | ic_raw:0.169799 | rank_ic_batch:0.168065 | rank_ic:0.168065 | gate_entropy:0.552405 | time_ratio:0.737891 | grad_norm:5.984048 | grad_norm_other:3.105819 | grad_norm_time_embedding:4.057104 | grad_norm_factor_film:0.112980 | grad_norm_regime_encoder:0.841198 | grad_norm_router:1.159970 | grad_norm_time_expert:1.032114 | grad_norm_factor_expert:0.783704 | grad_norm_pooling_head:2.091577 | grad_nonfinite_tensors:2.000000 | grad_nonfinite_values:12.000000 | optimizer_steps:2978.000000 | grad_attempt_steps:2979.000000 | grad_skipped_steps:1.000000 | grad_nonfinite_steps:1.000000 | grad_skipped_rate:0.000336 | grad_nonfinite_rate:0.000336 | lr:0.000001 | sampler_epoch:22.000000 | sampler_num_days:2979.000000 | sampler_num_batches:2979.000000 | sampler_batch_size:300.000000 | sampler_total_source_samples:856246.000000 | sampler_total_draws:893700.000000 | sampler_unique_samples:566712.000000 | sampler_coverage_ratio:0.661857 | sampler_coverage_gap_vs_full:0.338143 | sampler_duplicate_draws:326988.000000 | sampler_duplicate_rate:0.365881 | sampler_downsample_days:0.000000 | sampler_upsample_days:2877.000000 | sampler_exact_days:102.000000 | sampler_downsample_day_ratio:0.000000 | sampler_upsample_day_ratio:0.965760
| Valid 23 | time_embedding_norm:0.125727 | time_embedding_to_value_norm_ratio:0.710595 | time_tau:5.118682 | time_half_life:3.548000 | time_tau_std:0.000000 | time_tau_p10:5.118682 | time_tau_p90:5.118682 | time_tau_range_util:0.000000 | film_gamma_strength:0.091843 | film_beta_strength:0.010425 | factor_gate_mean:1.003078 | factor_gate_std:0.020649 | factor_gate_entropy:0.945731 | factor_gate_topk_mass_5:0.096940 | factor_gate_topk_mass_10:0.174725 | router_layer_0_time_ratio:0.838225 | router_layer_0_factor_ratio:0.161775 | router_layer_0_collapse_ratio:0.180033 | router_layer_0_entropy_norm:0.612465 | router_layer_0_logit_margin:1.730345 | expert_layer_0_time_expert_norm:13.144994 | expert_layer_0_factor_expert_norm:6.173631 | expert_layer_0_time_contrib_norm:11.018354 | expert_layer_0_factor_contrib_norm:0.996190 | expert_layer_0_contrib_norm_ratio:13.599958 | expert_layer_0_expert_cosine:-0.000827 | expert_layer_0_time_winner_ratio:1.000000 | router_layer_1_time_ratio:0.768968 | router_layer_1_factor_ratio:0.231032 | router_layer_1_collapse_ratio:0.000000 | router_layer_1_entropy_norm:0.766622 | router_layer_1_logit_margin:1.227115 | expert_layer_1_time_expert_norm:23.649327 | expert_layer_1_factor_expert_norm:10.593106 | expert_layer_1_time_contrib_norm:18.245314 | expert_layer_1_factor_contrib_norm:2.477845 | expert_layer_1_contrib_norm_ratio:8.071195 | expert_layer_1_expert_cosine:0.087103 | expert_layer_1_time_winner_ratio:0.997877 | loss_total:0.049486 | loss_main:0.049448 | loss_listmle:4.724963 | loss_mse:0.049448 | loss_ic:-0.064861 | loss_aux:0.000038 | loss_sparsity:0.000000 | valid_ratio:1.000000 | score_std:0.206213 | label_std:0.045755 | score_label_std_ratio:4.695296 | gate_entropy:0.477955 | time_ratio:0.803597 | ic_pearson_daily:0.064868 | rank_ic_daily:0.074945 | ic_raw:0.064868 | rank_ic:0.074945
| Train 24 | time_embedding_norm:0.125804 | time_embedding_to_value_norm_ratio:0.711777 | time_tau:5.227515 | time_half_life:3.623437 | time_tau_std:0.041735 | time_tau_p10:5.175409 | time_tau_p90:5.279847 | time_tau_range_util:0.002110 | film_gamma_strength:0.095227 | film_beta_strength:0.010630 | factor_gate_mean:0.998943 | factor_gate_std:0.021823 | factor_gate_entropy:0.945163 | factor_gate_topk_mass_5:0.098024 | factor_gate_topk_mass_10:0.176854 | router_layer_0_time_ratio:0.741259 | router_layer_0_factor_ratio:0.258741 | router_layer_0_collapse_ratio:0.052718 | router_layer_0_entropy_norm:0.781582 | router_layer_0_logit_margin:1.139494 | expert_layer_0_time_expert_norm:12.588382 | expert_layer_0_factor_expert_norm:5.899240 | expert_layer_0_time_contrib_norm:9.331553 | expert_layer_0_factor_contrib_norm:1.525408 | expert_layer_0_contrib_norm_ratio:8.065340 | expert_layer_0_expert_cosine:-0.001305 | expert_layer_0_time_winner_ratio:1.000000 | router_layer_1_time_ratio:0.730081 | router_layer_1_factor_ratio:0.269919 | router_layer_1_collapse_ratio:0.001546 | router_layer_1_entropy_norm:0.818239 | router_layer_1_logit_margin:1.033900 | expert_layer_1_time_expert_norm:21.407547 | expert_layer_1_factor_expert_norm:11.587573 | expert_layer_1_time_contrib_norm:15.700166 | expert_layer_1_factor_contrib_norm:3.159225 | expert_layer_1_contrib_norm_ratio:5.764968 | expert_layer_1_expert_cosine:0.056891 | expert_layer_1_time_winner_ratio:0.996874 | loss_total:1.340081 | loss_main:1.340040 | loss_listmle:4.700697 | loss_mse:1.340040 | loss_ic:-0.173016 | loss_aux:0.000041 | loss_sparsity:0.000000 | valid_ratio:1.000000 | score_std:0.201372 | label_std:1.165414 | score_label_std_ratio:0.174528 | ic_pearson_batch:0.173017 | ic_raw:0.173017 | rank_ic_batch:0.170488 | rank_ic:0.170488 | gate_entropy:0.554456 | time_ratio:0.735670 | grad_norm:6.221150 | grad_norm_other:3.220457 | grad_norm_time_embedding:4.268393 | grad_norm_factor_film:0.116123 | grad_norm_regime_encoder:0.863183 | grad_norm_router:1.189124 | grad_norm_time_expert:1.067695 | grad_norm_factor_expert:0.821330 | grad_norm_pooling_head:2.111060 | grad_nonfinite_tensors:2.000000 | grad_nonfinite_values:16.000000 | optimizer_steps:2978.000000 | grad_attempt_steps:2979.000000 | grad_skipped_steps:1.000000 | grad_nonfinite_steps:1.000000 | grad_skipped_rate:0.000336 | grad_nonfinite_rate:0.000336 | lr:0.000000 | sampler_epoch:23.000000 | sampler_num_days:2979.000000 | sampler_num_batches:2979.000000 | sampler_batch_size:300.000000 | sampler_total_source_samples:856246.000000 | sampler_total_draws:893700.000000 | sampler_unique_samples:566419.000000 | sampler_coverage_ratio:0.661514 | sampler_coverage_gap_vs_full:0.338486 | sampler_duplicate_draws:327281.000000 | sampler_duplicate_rate:0.366209 | sampler_downsample_days:0.000000 | sampler_upsample_days:2877.000000 | sampler_exact_days:102.000000 | sampler_downsample_day_ratio:0.000000 | sampler_upsample_day_ratio:0.965760
| Valid 24 | time_embedding_norm:0.125704 | time_embedding_to_value_norm_ratio:0.710458 | time_tau:5.119153 | time_half_life:3.548326 | time_tau_std:0.000000 | time_tau_p10:5.119153 | time_tau_p90:5.119153 | time_tau_range_util:0.000000 | film_gamma_strength:0.091869 | film_beta_strength:0.010435 | factor_gate_mean:1.003090 | factor_gate_std:0.020656 | factor_gate_entropy:0.945738 | factor_gate_topk_mass_5:0.096932 | factor_gate_topk_mass_10:0.174715 | router_layer_0_time_ratio:0.838005 | router_layer_0_factor_ratio:0.161995 | router_layer_0_collapse_ratio:0.181669 | router_layer_0_entropy_norm:0.612938 | router_layer_0_logit_margin:1.728801 | expert_layer_0_time_expert_norm:13.149530 | expert_layer_0_factor_expert_norm:6.181747 | expert_layer_0_time_contrib_norm:11.019264 | expert_layer_0_factor_contrib_norm:0.998826 | expert_layer_0_contrib_norm_ratio:13.569832 | expert_layer_0_expert_cosine:-0.000788 | expert_layer_0_time_winner_ratio:1.000000 | router_layer_1_time_ratio:0.768030 | router_layer_1_factor_ratio:0.231970 | router_layer_1_collapse_ratio:0.000000 | router_layer_1_entropy_norm:0.768149 | router_layer_1_logit_margin:1.221986 | expert_layer_1_time_expert_norm:23.602899 | expert_layer_1_factor_expert_norm:10.570071 | expert_layer_1_time_contrib_norm:18.187649 | expert_layer_1_factor_contrib_norm:2.482892 | expert_layer_1_contrib_norm_ratio:8.033514 | expert_layer_1_expert_cosine:0.087494 | expert_layer_1_time_winner_ratio:0.997724 | loss_total:0.052766 | loss_main:0.052728 | loss_listmle:4.726101 | loss_mse:0.052728 | loss_ic:-0.064747 | loss_aux:0.000038 | loss_sparsity:0.000000 | valid_ratio:1.000000 | score_std:0.212173 | label_std:0.045755 | score_label_std_ratio:4.830682 | gate_entropy:0.478648 | time_ratio:0.803018 | ic_pearson_daily:0.064753 | rank_ic_daily:0.074983 | ic_raw:0.064753 | rank_ic:0.074983
| Train 25 | time_embedding_norm:0.125799 | time_embedding_to_value_norm_ratio:0.711828 | time_tau:5.227534 | time_half_life:3.623450 | time_tau_std:0.041681 | time_tau_p10:5.175542 | time_tau_p90:5.279850 | time_tau_range_util:0.002107 | film_gamma_strength:0.095259 | film_beta_strength:0.010633 | factor_gate_mean:0.998946 | factor_gate_std:0.021829 | factor_gate_entropy:0.945168 | factor_gate_topk_mass_5:0.098026 | factor_gate_topk_mass_10:0.176849 | router_layer_0_time_ratio:0.740867 | router_layer_0_factor_ratio:0.259133 | router_layer_0_collapse_ratio:0.052429 | router_layer_0_entropy_norm:0.782150 | router_layer_0_logit_margin:1.137356 | expert_layer_0_time_expert_norm:12.586920 | expert_layer_0_factor_expert_norm:5.901205 | expert_layer_0_time_contrib_norm:9.325673 | expert_layer_0_factor_contrib_norm:1.528233 | expert_layer_0_contrib_norm_ratio:8.044584 | expert_layer_0_expert_cosine:-0.001319 | expert_layer_0_time_winner_ratio:1.000000 | router_layer_1_time_ratio:0.730604 | router_layer_1_factor_ratio:0.269396 | router_layer_1_collapse_ratio:0.001860 | router_layer_1_entropy_norm:0.817491 | router_layer_1_logit_margin:1.036452 | expert_layer_1_time_expert_norm:21.409566 | expert_layer_1_factor_expert_norm:11.608762 | expert_layer_1_time_contrib_norm:15.712992 | expert_layer_1_factor_contrib_norm:3.158921 | expert_layer_1_contrib_norm_ratio:5.771292 | expert_layer_1_expert_cosine:0.056574 | expert_layer_1_time_winner_ratio:0.996954 | loss_total:1.339719 | loss_main:1.339678 | loss_listmle:4.700623 | loss_mse:1.339678 | loss_ic:-0.172356 | loss_aux:0.000041 | loss_sparsity:0.000000 | valid_ratio:1.000000 | score_std:0.200482 | label_std:1.165395 | score_label_std_ratio:0.173658 | ic_pearson_batch:0.172357 | ic_raw:0.172357 | rank_ic_batch:0.170032 | rank_ic:0.170032 | gate_entropy:0.554393 | time_ratio:0.735736 | grad_norm:6.172128 | grad_norm_other:3.205722 | grad_norm_time_embedding:4.214346 | grad_norm_factor_film:0.116128 | grad_norm_regime_encoder:0.864572 | grad_norm_router:1.178925 | grad_norm_time_expert:1.064375 | grad_norm_factor_expert:0.813594 | grad_norm_pooling_head:2.121474 | grad_nonfinite_tensors:2.000000 | grad_nonfinite_values:16.000000 | optimizer_steps:2978.000000 | grad_attempt_steps:2979.000000 | grad_skipped_steps:1.000000 | grad_nonfinite_steps:1.000000 | grad_skipped_rate:0.000336 | grad_nonfinite_rate:0.000336 | lr:0.000000 | sampler_epoch:24.000000 | sampler_num_days:2979.000000 | sampler_num_batches:2979.000000 | sampler_batch_size:300.000000 | sampler_total_source_samples:856246.000000 | sampler_total_draws:893700.000000 | sampler_unique_samples:566498.000000 | sampler_coverage_ratio:0.661607 | sampler_coverage_gap_vs_full:0.338393 | sampler_duplicate_draws:327202.000000 | sampler_duplicate_rate:0.366121 | sampler_downsample_days:0.000000 | sampler_upsample_days:2877.000000 | sampler_exact_days:102.000000 | sampler_downsample_day_ratio:0.000000 | sampler_upsample_day_ratio:0.965760
| Valid 25 | time_embedding_norm:0.125702 | time_embedding_to_value_norm_ratio:0.710447 | time_tau:5.119229 | time_half_life:3.548379 | time_tau_std:0.000000 | time_tau_p10:5.119229 | time_tau_p90:5.119229 | time_tau_range_util:0.000000 | film_gamma_strength:0.091879 | film_beta_strength:0.010436 | factor_gate_mean:1.003090 | factor_gate_std:0.020658 | factor_gate_entropy:0.945741 | factor_gate_topk_mass_5:0.096930 | factor_gate_topk_mass_10:0.174710 | router_layer_0_time_ratio:0.837821 | router_layer_0_factor_ratio:0.162179 | router_layer_0_collapse_ratio:0.181669 | router_layer_0_entropy_norm:0.613375 | router_layer_0_logit_margin:1.727332 | expert_layer_0_time_expert_norm:13.149918 | expert_layer_0_factor_expert_norm:6.184292 | expert_layer_0_time_contrib_norm:11.017174 | expert_layer_0_factor_contrib_norm:1.000371 | expert_layer_0_contrib_norm_ratio:13.542934 | expert_layer_0_expert_cosine:-0.000799 | expert_layer_0_time_winner_ratio:1.000000 | router_layer_1_time_ratio:0.767798 | router_layer_1_factor_ratio:0.232202 | router_layer_1_collapse_ratio:0.000000 | router_layer_1_entropy_norm:0.768542 | router_layer_1_logit_margin:1.220737 | expert_layer_1_time_expert_norm:23.601907 | expert_layer_1_factor_expert_norm:10.569059 | expert_layer_1_time_contrib_norm:18.181425 | expert_layer_1_factor_contrib_norm:2.485218 | expert_layer_1_contrib_norm_ratio:8.023505 | expert_layer_1_expert_cosine:0.087677 | expert_layer_1_time_winner_ratio:0.997680 | loss_total:0.052356 | loss_main:0.052318 | loss_listmle:4.726213 | loss_mse:0.052318 | loss_ic:-0.064714 | loss_aux:0.000038 | loss_sparsity:0.000000 | valid_ratio:1.000000 | score_std:0.211973 | label_std:0.045755 | score_label_std_ratio:4.826082 | gate_entropy:0.478936 | time_ratio:0.802810 | ic_pearson_daily:0.064721 | rank_ic_daily:0.074789 | ic_raw:0.064721 | rank_ic:0.074789
>>> [Train] restored best checkpoint (valid_rank_ic=0.078012, epoch=15)
>>> [Phase 1.1] Export Spatio-Temporal Visuals...
>>> [Phase 2] Signal Analysis...
'The following are prediction results of the QlibQuantMoE model.'
                          score
datetime   instrument          
2020-07-01 SH600000    0.180176
           SH600004   -0.162720
           SH600009    0.076782
           SH600010   -0.068359
           SH600011    0.308594
{'IC': np.float64(0.0643032737002556),
 'ICIR': np.float64(0.4530510005284779),
 'Rank IC': np.float64(0.07801245149716567),
 'Rank ICIR': np.float64(0.5670883190648928)}
>>> [Config] Clip backtest window (pred.pkl datetime range): 2020-07-01~2022-12-31 -> 2020-07-01~2022-12-30
>>> [Phase 3] Backtesting...
'The following are analysis results of benchmark return(1day).'
                       risk
mean              -0.000040
std                0.012572
annualized_return -0.009549
information_ratio -0.049231
max_drawdown      -0.473380
'The following are analysis results of the excess return without cost(1day).'
                       risk
mean               0.001337
std                0.006587
annualized_return  0.318171
information_ratio  3.131046
max_drawdown      -0.069229
'The following are analysis results of the excess return with cost(1day).'
                       risk
mean               0.000686
std                0.006588
annualized_return  0.163352
information_ratio  1.607320
max_drawdown      -0.081338
'The following are analysis results of indicators(1day).'
     value
ffr    1.0
pa     0.0
pos    0.0
>>> [Phase 3.1] Export Qlib Official Graphs...

================================================================================
>>> [Metrics Summary] SignalRecord + PortAnaRecord
================================================================================

[Signal Analysis Metrics]
  IC mean=0.064303, std=0.141934, IR=0.453051
  RankIC mean=0.078012, std=0.137567, IR=0.567088

[Portfolio Analysis Metrics]
                                                  risk
excess_return_without_cost mean               0.001337
                           std                0.006587
                           annualized_return  0.318171
                           information_ratio  3.131046
                           max_drawdown      -0.069229
excess_return_with_cost    mean               0.000686
                           std                0.006588
                           annualized_return  0.163352
                           information_ratio  1.607320
                           max_drawdown      -0.081338

[Indicator Analysis Metrics]
     value
ffr    1.0
pa     0.0
pos    0.0

[Generated Graphs]
  - analysis_position.report_graph: C:\Users\60585\PycharmProjects\qibMacV2\mlruns\690786402904200180\f937ac6fb9354248afd9df94e7a13ad8/qlib_analysis_position_report_graph.html
  - analysis_position.score_ic_graph: C:\Users\60585\PycharmProjects\qibMacV2\mlruns\690786402904200180\f937ac6fb9354248afd9df94e7a13ad8/qlib_analysis_position_score_ic_graph.html
  - analysis_position.cumulative_return_graph: C:\Users\60585\PycharmProjects\qibMacV2\mlruns\690786402904200180\f937ac6fb9354248afd9df94e7a13ad8/qlib_analysis_position_cumulative_return_graph_1.html
  - analysis_position.cumulative_return_graph: C:\Users\60585\PycharmProjects\qibMacV2\mlruns\690786402904200180\f937ac6fb9354248afd9df94e7a13ad8/qlib_analysis_position_cumulative_return_graph_2.html
  - analysis_position.cumulative_return_graph: C:\Users\60585\PycharmProjects\qibMacV2\mlruns\690786402904200180\f937ac6fb9354248afd9df94e7a13ad8/qlib_analysis_position_cumulative_return_graph_3.html
  - analysis_position.cumulative_return_graph: C:\Users\60585\PycharmProjects\qibMacV2\mlruns\690786402904200180\f937ac6fb9354248afd9df94e7a13ad8/qlib_analysis_position_cumulative_return_graph_4.html
  - analysis_position.risk_analysis_graph: C:\Users\60585\PycharmProjects\qibMacV2\mlruns\690786402904200180\f937ac6fb9354248afd9df94e7a13ad8/qlib_analysis_position_risk_analysis_graph_1.html
  - analysis_position.risk_analysis_graph: C:\Users\60585\PycharmProjects\qibMacV2\mlruns\690786402904200180\f937ac6fb9354248afd9df94e7a13ad8/qlib_analysis_position_risk_analysis_graph_2.html
  - analysis_position.risk_analysis_graph: C:\Users\60585\PycharmProjects\qibMacV2\mlruns\690786402904200180\f937ac6fb9354248afd9df94e7a13ad8/qlib_analysis_position_risk_analysis_graph_3.html
  - analysis_position.risk_analysis_graph: C:\Users\60585\PycharmProjects\qibMacV2\mlruns\690786402904200180\f937ac6fb9354248afd9df94e7a13ad8/qlib_analysis_position_risk_analysis_graph_4.html
  - analysis_position.risk_analysis_graph: C:\Users\60585\PycharmProjects\qibMacV2\mlruns\690786402904200180\f937ac6fb9354248afd9df94e7a13ad8/qlib_analysis_position_risk_analysis_graph_5.html
  - analysis_position.rank_label_graph: C:\Users\60585\PycharmProjects\qibMacV2\mlruns\690786402904200180\f937ac6fb9354248afd9df94e7a13ad8/qlib_analysis_position_rank_label_graph_1.html
  - analysis_position.rank_label_graph: C:\Users\60585\PycharmProjects\qibMacV2\mlruns\690786402904200180\f937ac6fb9354248afd9df94e7a13ad8/qlib_analysis_position_rank_label_graph_2.html
  - analysis_position.rank_label_graph: C:\Users\60585\PycharmProjects\qibMacV2\mlruns\690786402904200180\f937ac6fb9354248afd9df94e7a13ad8/qlib_analysis_position_rank_label_graph_3.html
  - analysis_model.model_performance_graph: C:\Users\60585\PycharmProjects\qibMacV2\mlruns\690786402904200180\f937ac6fb9354248afd9df94e7a13ad8/qlib_analysis_model_model_performance_graph_1.html
  - analysis_model.model_performance_graph: C:\Users\60585\PycharmProjects\qibMacV2\mlruns\690786402904200180\f937ac6fb9354248afd9df94e7a13ad8/qlib_analysis_model_model_performance_graph_2.html
  - analysis_model.model_performance_graph: C:\Users\60585\PycharmProjects\qibMacV2\mlruns\690786402904200180\f937ac6fb9354248afd9df94e7a13ad8/qlib_analysis_model_model_performance_graph_3.html
  - analysis_model.model_performance_graph: C:\Users\60585\PycharmProjects\qibMacV2\mlruns\690786402904200180\f937ac6fb9354248afd9df94e7a13ad8/qlib_analysis_model_model_performance_graph_4.html
  - analysis_model.model_performance_graph: C:\Users\60585\PycharmProjects\qibMacV2\mlruns\690786402904200180\f937ac6fb9354248afd9df94e7a13ad8/qlib_analysis_model_model_performance_graph_5.html
  - analysis_model.model_performance_graph: C:\Users\60585\PycharmProjects\qibMacV2\mlruns\690786402904200180\f937ac6fb9354248afd9df94e7a13ad8/qlib_analysis_model_model_performance_graph_6.html

[Recorder Objects]
================================================================================

>>> [Diagnostics] Generate minimum required diagnostic matrix...
>>> [Diagnostics] Saved diagnostic_matrix.csv and diagnostic_summary.md
>>> [Phase 4] Generate Paper-level Report...

================================================================================
EXPERIMENT REPORT SUMMARY (f937ac6fb9354248afd9df94e7a13ad8)
================================================================================
| Model   | Dataset                                   |   IC (mean) |   ICIR |   IC HAC t-stat |   RankIC (mean) |   RankIC IR |   RankIC HAC t-stat | Ann. Return   |   Info Ratio | Max Drawdown   | Turnover   | Gate time_ratio stats                       |
|:--------|:------------------------------------------|------------:|-------:|----------------:|----------------:|------------:|--------------------:|:--------------|-------------:|:---------------|:-----------|:--------------------------------------------|
| RST-MoE | Alpha158 / csi300 / 2008-01-01~2022-12-31 |      0.0643 |   0.45 |             7.3 |           0.078 |        0.57 |                 9.5 | 16.34%        |         1.61 | -8.13%         | 32.55%     | mean=0.806, std=0.054, p10=0.752, p90=0.854 |
--------------------------------------------------------------------------------
Full Markdown report written to: C:\Users\60585\PycharmProjects\qibMacV2\mlruns\690786402904200180\f937ac6fb9354248afd9df94e7a13ad8\kdd_report.md
--------------------------------------------------------------------------------
# RST-MoE on Alpha158 / CSI300

## 1. Experimental Setup

- **Data**:
  - Handler: Alpha158
  - Instruments: csi300
  - Train: 2008-01-01 ~ 2020-03-31
  - Valid: 2020-07-01 ~ 2022-12-31
  - Test: 2020-07-01 ~ 2022-12-31
- **Label**: ['Ref($close, -5) / Ref($close, -1) - 1']
  - **Model**:
    - class: QlibQuantMoE
    - d_model=64, n_layers=2, n_heads=4
    - main_loss=mse
    - value_embedding_type=feature_tokenizer
    - feature_tokenizer_add_factor_id=False
    - feature_tokenizer_bias=True
    - feature_tokenizer_init_std=0.02
    - use_feature_selection=False
    - use_alibi=False
- **Training**:
  - lr=5e-05, epochs=25, batch_size=300
  - seed=43
- **Backtest**:
  - strategy: TopkDropoutStrategy, topk=30, n_drop=5
  - benchmark=SH000300, deal_price=close, cost(open/close)=None/None

### 1.1 Full Config (Resolved)

```python
data_conf = {'class': 'TSDatasetH',
 'module_path': 'qlib.data.dataset',
 'kwargs': {'step_len': 8,
            'handler': {'class': 'Alpha158',
                        'module_path': 'qlib.contrib.data.handler',
                        'kwargs': {'start_time': '2008-01-01',
                                   'end_time': '2022-12-31',
                                   'fit_start_time': '2008-01-01',
                                   'fit_end_time': '2020-03-31',
                                   'instruments': 'csi300',
                                   'infer_processors': [{'class': 'RobustZScoreNorm',
                                                         'kwargs': {'fields_group': 'feature',
                                                                    'clip_outlier': True,
                                                                    'fit_start_time': '2008-01-01',
                                                                    'fit_end_time': '2020-03-31'}},
                                                        {'class': 'Fillna', 'kwargs': {'fields_group': 'feature'}}],
                                   'learn_processors': [{'class': 'DropnaLabel'},
                                                        {'class': 'CSZScoreNorm',
                                                         'kwargs': {'fields_group': 'label', 'method': 'robust'}}],
                                   'label': ['Ref($close, -5) / Ref($close, -1) - 1']}},
            'segments': {'train': ('2008-01-01', '2020-03-31'),
                         'valid': ('2020-07-01', '2022-12-31'),
                         'test': ('2020-07-01', '2022-12-31')}}}

model_config = {'d_model': 64,
 'n_heads': 4,
 'n_layers': 2,
 'd_ff': 128,
 'dropout': 0.1,
 'initializer_range': 0.02,
 'num_alphas': 158,
 'context_len': 8,
 'value_embedding_type': 'feature_tokenizer',
 'feature_tokenizer_bias': True,
 'feature_tokenizer_add_factor_id': False,
 'feature_tokenizer_init_std': 0.02,
 'use_regime_time_embedding': True,
 'time_tau_min': 0.5,
 'time_tau_max': 50.0,
 'time_tau_init': 5.0,
 'time_emb_init_std': 0.02,
 'time_decay_normalize': True,
 'use_regime_factor_gate': True,
 'factor_gate_scale': 1.0,
 'factor_gate_shift_scale': 0.2,
 'router_noise': 0.01,
 'router_temperature': 1.0,
 'router_z_loss_coef': 0.01,
 'router_use_layer_summary': True,
 'router_mode': 'learned',
 'use_alibi': False,
 'use_feature_selection': False,
 'selection_reg_lambda': 1e-05,
 'selection_temperature': 0.1,
 'selection_noise_std': 0.5,
 'main_loss': 'mse',
 'loss_weights': {'listmle': 1.0, 'mse': 1.0, 'ic': 1.0, 'rank': 0.0, 'huber': 0.0},
 'mse_normalize': False,
 'rank_topk': 5,
 'huber_delta': 1.0,
 'listmle_tau': 0.8,
 'use_external_macro': True,
 'd_macro_input': 102,
 'regime_macro_dropout': 0.1,
 'regime_internal_mode': 'long',
 'regime_internal_lag': 5,
 'regime_internal_use_batch_stats': False,
 'regime_internal_tail_threshold': 2.0,
 'pooling_alpha': 0.7}

trainer_config = {'lr': 5e-05,
 'n_epochs': 25,
 'batch_size': 300,
 'precision': 'amp_fp16',
 'grad_accum_steps': 1,
 'seed': 43,
 'device': 'auto',
 'deterministic_mode': 'warn',
 'seed_workers': True,
 'train_sampler_mode': 'sampled_daily',
 'sampler_diag': True,
 'train_stop_key': 'loss_main',
 'train_stop_threshold': None,
 'min_epochs': 25,
 'consecutive_k': 999999,
 'num_workers': 0,
 'market_state_path': 'data/market_state_csi300.pkl',
 'market_state_shift': 0,
 'market_state_strict': True,
 'use_warmup': True,
 'warmup_ratio': 0.05,
 'warmup_steps': 0,
 'debug_sanity_check': True,
 'strict_valid_data_key': True,
 'early_stop': 0,
 'min_delta': 0.001,
 'checkpoint_metric': 'valid_rank_ic',
 'checkpoint_mode': 'max',
 'checkpoint_min_delta': 0.0,
 'use_tqdm': False,
 'run_setting': 'tau_scale_15'}

port_conf = {'strategy': {'class': 'TopkDropoutStrategy',
              'module_path': 'qlib.contrib.strategy.signal_strategy',
              'kwargs': {'signal': '<PRED>', 'topk': 30, 'n_drop': 5}},
 'backtest': {'start_time': '2020-07-01',
              'end_time': '2022-12-30',
              'account': 100000000,
              'benchmark': 'SH000300',
              'exchange_kwargs': {'freq': 'day', 'deal_price': 'close'}}}
```

## 2. Cross-sectional Forecasting Performance

- **IC (test)**:
  - mean = 0.0643, std = 0.1419, ICIR = 0.45, HAC t-stat = 7.3 (lags=5)
- **RankIC (test)**:
  - mean = 0.0780, std = 0.1376, IR = 0.57, HAC t-stat = 9.5 (lags=5)
- 注：采用 Newey–West(HAC) t-stat 以处理日度序列的自相关/异方差。

### 2.X Regime Bucket Evaluation (test segment)

基于 `market_state`（与训练时相同的宏观状态文件）对 test 交易日做分桶，观察不同市场状态下的预测质量与路由行为差异。

- market_state: `market_state_csi300.pkl`, shift=0, fit_segments=['train'] (fit_days=2979, test_days=611)

- 2×2 分桶（median@fit）：`market_state_corr_pc1_ratio`=0.004828, `market_state_tail_2sigma`=-2.783e-05

| Regime               |   Days |   RankIC_mean |   RankIC_IR |   IC_mean |    IC_IR |   time_ratio_mean |   time_ratio_p10 |   time_ratio_p50 |   time_ratio_p90 |   gate_entropy_mean |   gate_entropy_p10 |   gate_entropy_p50 |   gate_entropy_p90 |   time_tau_mean |   time_tau_p10 |   time_tau_p50 |   time_tau_p90 |   time_half_life_mean |   time_half_life_p10 |   time_half_life_p50 |   time_half_life_p90 |   factor_gate_mean_mean |   factor_gate_mean_p10 |   factor_gate_mean_p50 |   factor_gate_mean_p90 |   factor_gate_std_mean |   factor_gate_std_p10 |   factor_gate_std_p50 |   factor_gate_std_p90 |   factor_gate_entropy_mean |   factor_gate_entropy_p10 |   factor_gate_entropy_p50 |   factor_gate_entropy_p90 |   factor_gate_topk_mass_5_mean |   factor_gate_topk_mass_5_p10 |   factor_gate_topk_mass_5_p50 |   factor_gate_topk_mass_5_p90 |   factor_gate_topk_mass_10_mean |   factor_gate_topk_mass_10_p10 |   factor_gate_topk_mass_10_p50 |   factor_gate_topk_mass_10_p90 |
|:---------------------|-------:|--------------:|------------:|----------:|---------:|------------------:|-----------------:|-----------------:|-----------------:|--------------------:|-------------------:|-------------------:|-------------------:|----------------:|---------------:|---------------:|---------------:|----------------------:|---------------------:|---------------------:|---------------------:|------------------------:|-----------------------:|-----------------------:|-----------------------:|-----------------------:|----------------------:|----------------------:|----------------------:|---------------------------:|--------------------------:|--------------------------:|--------------------------:|-------------------------------:|------------------------------:|------------------------------:|------------------------------:|--------------------------------:|-------------------------------:|-------------------------------:|-------------------------------:|
| High-PC1 / High-Tail |     56 |     0.104514  |    0.785674 | 0.0991511 | 0.760104 |          0.748476 |         0.656592 |         0.776226 |         0.81961  |            0.542655 |           0.470425 |           0.527919 |           0.631879 |         5.18538 |        4.83352 |        5.18893 |        5.50672 |               3.59423 |              3.35034 |              3.59669 |              3.81696 |                 1.00193 |               0.991281 |                1.00341 |                1.01018 |              0.0209326 |            0.0116512  |             0.0197462 |             0.0304387 |                   0.944587 |                  0.938641 |                  0.944701 |                  0.95053  |                      0.098665  |                     0.0928764 |                     0.099186  |                      0.104374 |                        0.177125 |                       0.166824 |                       0.175301 |                       0.187783 |
| High-PC1 / Low-Tail  |    356 |     0.0770045 |    0.53427  | 0.0653087 | 0.431522 |          0.804873 |         0.756743 |         0.813353 |         0.848708 |            0.479994 |           0.416522 |           0.47772  |           0.550138 |         5.13966 |        4.81039 |        5.09608 |        5.53388 |               3.56254 |              3.33431 |              3.53233 |              3.83579 |                 1.00232 |               0.991549 |                1.00394 |                1.01006 |              0.0200989 |            0.0102129  |             0.0200814 |             0.030591  |                   0.944392 |                  0.937623 |                  0.944779 |                  0.950437 |                      0.0980354 |                     0.0907578 |                     0.098     |                      0.105021 |                        0.176224 |                       0.166217 |                       0.175572 |                       0.188578 |
| Low-PC1 / High-Tail  |     46 |     0.0842865 |    0.719507 | 0.072258  | 0.609203 |          0.795793 |         0.740151 |         0.817433 |         0.849276 |            0.486157 |           0.416872 |           0.470453 |           0.560078 |         5.0358  |        4.74876 |        4.97822 |        5.50673 |               3.49055 |              3.29159 |              3.45064 |              3.81697 |                 1.0036  |               0.99473  |                1.0052  |                1.01026 |              0.0188383 |            0.0102805  |             0.0173595 |             0.0283135 |                   0.942174 |                  0.932874 |                  0.944019 |                  0.950407 |                      0.0986474 |                     0.0899252 |                     0.0988633 |                      0.106731 |                        0.178561 |                       0.165354 |                       0.178175 |                       0.193271 |
| Low-PC1 / Low-Tail   |    153 |     0.0687715 |    0.533681 | 0.0468174 | 0.367253 |          0.832778 |         0.797883 |         0.837914 |         0.863251 |            0.441791 |           0.385107 |           0.440282 |           0.496957 |         4.99047 |        4.70334 |        4.9261  |        5.38958 |               3.45913 |              3.26011 |              3.41451 |              3.73577 |                 1.0042  |               0.996991 |                1.00482 |                1.01029 |              0.017769  |            0.00933435 |             0.0168387 |             0.0274747 |                   0.942672 |                  0.934188 |                  0.943062 |                  0.949809 |                      0.0989257 |                     0.0905531 |                     0.0989716 |                      0.106868 |                        0.178255 |                       0.165337 |                       0.177534 |                       0.193031 |

- Terciles by `market_state_corr_pc1_ratio` (Market-mode strength (PC1 ratio)), edges@fit=[-0.4096, 0.4701]

| Bucket   |   Days |   RankIC_mean |   RankIC_IR |   IC_mean |    IC_IR |   time_ratio_mean |   time_ratio_p10 |   time_ratio_p50 |   time_ratio_p90 |   gate_entropy_mean |   gate_entropy_p10 |   gate_entropy_p50 |   gate_entropy_p90 |   time_tau_mean |   time_tau_p10 |   time_tau_p50 |   time_tau_p90 |   time_half_life_mean |   time_half_life_p10 |   time_half_life_p50 |   time_half_life_p90 |   factor_gate_mean_mean |   factor_gate_mean_p10 |   factor_gate_mean_p50 |   factor_gate_mean_p90 |   factor_gate_std_mean |   factor_gate_std_p10 |   factor_gate_std_p50 |   factor_gate_std_p90 |   factor_gate_entropy_mean |   factor_gate_entropy_p10 |   factor_gate_entropy_p50 |   factor_gate_entropy_p90 |   factor_gate_topk_mass_5_mean |   factor_gate_topk_mass_5_p10 |   factor_gate_topk_mass_5_p50 |   factor_gate_topk_mass_5_p90 |   factor_gate_topk_mass_10_mean |   factor_gate_topk_mass_10_p10 |   factor_gate_topk_mass_10_p50 |   factor_gate_topk_mass_10_p90 |
|:---------|-------:|--------------:|------------:|----------:|---------:|------------------:|-----------------:|-----------------:|-----------------:|--------------------:|-------------------:|-------------------:|-------------------:|----------------:|---------------:|---------------:|---------------:|----------------------:|---------------------:|---------------------:|---------------------:|------------------------:|-----------------------:|-----------------------:|-----------------------:|-----------------------:|----------------------:|----------------------:|----------------------:|---------------------------:|--------------------------:|--------------------------:|--------------------------:|-------------------------------:|------------------------------:|------------------------------:|------------------------------:|--------------------------------:|-------------------------------:|-------------------------------:|-------------------------------:|
| Low      |    113 |     0.0695955 |    0.56152  | 0.0465417 | 0.381868 |          0.827739 |         0.791665 |         0.838384 |         0.86219  |            0.445472 |           0.386689 |           0.436403 |           0.504802 |         4.94141 |        4.67641 |        4.89523 |        5.28495 |               3.42513 |              3.24144 |              3.39311 |              3.66325 |                 1.00374 |               0.996506 |                1.00431 |                1.01018 |              0.016654  |            0.00933435 |             0.0159457 |             0.0258483 |                   0.942321 |                  0.934188 |                  0.943097 |                  0.949437 |                      0.0987255 |                     0.0898021 |                     0.0984112 |                      0.107045 |                        0.178507 |                       0.165094 |                       0.177983 |                       0.193195 |
| Mid      |    194 |     0.0806186 |    0.590196 | 0.064463  | 0.471914 |          0.81352  |         0.769107 |         0.818816 |         0.852088 |            0.470041 |           0.407163 |           0.469935 |           0.534093 |         5.10003 |        4.78342 |        5.04969 |        5.50943 |               3.53507 |              3.31562 |              3.50018 |              3.81885 |                 1.00403 |               0.993925 |                1.00516 |                1.01071 |              0.0203602 |            0.0103749  |             0.0201904 |             0.0303006 |                   0.94364  |                  0.935394 |                  0.944006 |                  0.950383 |                      0.0986418 |                     0.0905604 |                     0.0990767 |                      0.105984 |                        0.177434 |                       0.165916 |                       0.176743 |                       0.191053 |
| High     |    304 |     0.079478  |    0.555056 | 0.0708035 | 0.466659 |          0.793137 |         0.731683 |         0.807426 |         0.845956 |            0.492427 |           0.419747 |           0.483817 |           0.572648 |         5.15626 |        4.81926 |        5.10962 |        5.52534 |               3.57405 |              3.34046 |              3.54172 |              3.82987 |                 1.00177 |               0.991099 |                1.00351 |                1.00969 |              0.0200029 |            0.0103071  |             0.0197111 |             0.0305246 |                   0.944477 |                  0.937884 |                  0.944857 |                  0.950446 |                      0.0980485 |                     0.0915126 |                     0.0980461 |                      0.104409 |                        0.176145 |                       0.166378 |                       0.175526 |                       0.187521 |

- Terciles by `market_state_tail_2sigma` (Tail intensity (|x|>2)), edges@fit=[-0.4283, 0.5003]

| Bucket   |   Days |   RankIC_mean |   RankIC_IR |   IC_mean |    IC_IR |   time_ratio_mean |   time_ratio_p10 |   time_ratio_p50 |   time_ratio_p90 |   gate_entropy_mean |   gate_entropy_p10 |   gate_entropy_p50 |   gate_entropy_p90 |   time_tau_mean |   time_tau_p10 |   time_tau_p50 |   time_tau_p90 |   time_half_life_mean |   time_half_life_p10 |   time_half_life_p50 |   time_half_life_p90 |   factor_gate_mean_mean |   factor_gate_mean_p10 |   factor_gate_mean_p50 |   factor_gate_mean_p90 |   factor_gate_std_mean |   factor_gate_std_p10 |   factor_gate_std_p50 |   factor_gate_std_p90 |   factor_gate_entropy_mean |   factor_gate_entropy_p10 |   factor_gate_entropy_p50 |   factor_gate_entropy_p90 |   factor_gate_topk_mass_5_mean |   factor_gate_topk_mass_5_p10 |   factor_gate_topk_mass_5_p50 |   factor_gate_topk_mass_5_p90 |   factor_gate_topk_mass_10_mean |   factor_gate_topk_mass_10_p10 |   factor_gate_topk_mass_10_p50 |   factor_gate_topk_mass_10_p90 |
|:---------|-------:|--------------:|------------:|----------:|---------:|------------------:|-----------------:|-----------------:|-----------------:|--------------------:|-------------------:|-------------------:|-------------------:|----------------:|---------------:|---------------:|---------------:|----------------------:|---------------------:|---------------------:|---------------------:|------------------------:|-----------------------:|-----------------------:|-----------------------:|-----------------------:|----------------------:|----------------------:|----------------------:|---------------------------:|--------------------------:|--------------------------:|--------------------------:|-------------------------------:|------------------------------:|------------------------------:|------------------------------:|--------------------------------:|-------------------------------:|-------------------------------:|-------------------------------:|
| Low      |    357 |     0.0727529 |    0.50468  | 0.0585897 | 0.392054 |          0.816167 |         0.775653 |         0.8216   |         0.857237 |            0.464795 |           0.400855 |           0.465325 |           0.524903 |         5.10095 |        4.76416 |        5.04969 |        5.50672 |               3.53571 |              3.30227 |              3.50018 |              3.81696 |                 1.00285 |               0.993303 |                1.00398 |                1.01024 |              0.0192502 |            0.00960291 |             0.0187067 |             0.0302153 |                   0.943973 |                  0.936672 |                  0.94415  |                  0.950314 |                      0.0981809 |                     0.0905822 |                     0.0982508 |                      0.10586  |                        0.176429 |                       0.165538 |                       0.175706 |                       0.189464 |
| Mid      |    215 |     0.0799451 |    0.62469  | 0.0667933 | 0.508737 |          0.801514 |         0.751294 |         0.815526 |         0.849346 |            0.483684 |           0.413062 |           0.475133 |           0.556333 |         5.08885 |        4.7788  |        5.04196 |        5.45085 |               3.52732 |              3.31241 |              3.49482 |              3.77824 |                 1.00303 |               0.992051 |                1.00465 |                1.01006 |              0.0200461 |            0.0104225  |             0.0195948 |             0.029908  |                   0.943584 |                  0.935579 |                  0.944425 |                  0.950253 |                      0.0985348 |                     0.0912034 |                     0.0987273 |                      0.105271 |                        0.17769  |                       0.16677  |                       0.177138 |                       0.190977 |
| High     |     39 |     0.115503  |    0.938483 | 0.102878  | 0.834103 |          0.73779  |         0.536575 |         0.752372 |         0.836051 |            0.546151 |           0.438775 |           0.544437 |           0.686896 |         5.13194 |        4.81271 |        5.09608 |        5.57502 |               3.55719 |              3.33591 |              3.53233 |              3.86431 |                 1.00191 |               0.994174 |                1.0023  |                1.01009 |              0.0187294 |            0.0113409  |             0.0175072 |             0.0279962 |                   0.943599 |                  0.935436 |                  0.943952 |                  0.950972 |                      0.0990693 |                     0.092896  |                     0.0991819 |                      0.106879 |                        0.178284 |                       0.166508 |                       0.178367 |                       0.191193 |

- Terciles by `market_state_corr_mean_abs` (Crowding (mean abs corr)), edges@fit=[-0.4076, 0.4851]

| Bucket   |   Days |   RankIC_mean |   RankIC_IR |   IC_mean |    IC_IR |   time_ratio_mean |   time_ratio_p10 |   time_ratio_p50 |   time_ratio_p90 |   gate_entropy_mean |   gate_entropy_p10 |   gate_entropy_p50 |   gate_entropy_p90 |   time_tau_mean |   time_tau_p10 |   time_tau_p50 |   time_tau_p90 |   time_half_life_mean |   time_half_life_p10 |   time_half_life_p50 |   time_half_life_p90 |   factor_gate_mean_mean |   factor_gate_mean_p10 |   factor_gate_mean_p50 |   factor_gate_mean_p90 |   factor_gate_std_mean |   factor_gate_std_p10 |   factor_gate_std_p50 |   factor_gate_std_p90 |   factor_gate_entropy_mean |   factor_gate_entropy_p10 |   factor_gate_entropy_p50 |   factor_gate_entropy_p90 |   factor_gate_topk_mass_5_mean |   factor_gate_topk_mass_5_p10 |   factor_gate_topk_mass_5_p50 |   factor_gate_topk_mass_5_p90 |   factor_gate_topk_mass_10_mean |   factor_gate_topk_mass_10_p10 |   factor_gate_topk_mass_10_p50 |   factor_gate_topk_mass_10_p90 |
|:---------|-------:|--------------:|------------:|----------:|---------:|------------------:|-----------------:|-----------------:|-----------------:|--------------------:|-------------------:|-------------------:|-------------------:|----------------:|---------------:|---------------:|---------------:|----------------------:|---------------------:|---------------------:|---------------------:|------------------------:|-----------------------:|-----------------------:|-----------------------:|-----------------------:|----------------------:|----------------------:|----------------------:|---------------------------:|--------------------------:|--------------------------:|--------------------------:|-------------------------------:|------------------------------:|------------------------------:|------------------------------:|--------------------------------:|-------------------------------:|-------------------------------:|-------------------------------:|
| Low      |     84 |     0.063557  |    0.56004  | 0.041919  | 0.389403 |          0.83397  |         0.798076 |         0.840465 |         0.865003 |            0.440357 |           0.384408 |           0.432682 |           0.501667 |         4.99366 |        4.6791  |        4.92224 |        5.37757 |               3.46134 |              3.24331 |              3.41183 |              3.72745 |                 1.00451 |               0.997134 |                1.00521 |                1.01004 |              0.0170076 |            0.00962266 |             0.0162539 |             0.0268963 |                   0.941764 |                  0.933436 |                  0.941054 |                  0.950581 |                      0.0991005 |                     0.0899737 |                     0.0999442 |                      0.107073 |                        0.179467 |                       0.165163 |                       0.178675 |                       0.193567 |
| Mid      |    194 |     0.0793316 |    0.570498 | 0.0635827 | 0.455958 |          0.816594 |         0.775414 |         0.821558 |         0.855524 |            0.464571 |           0.402901 |           0.465632 |           0.523549 |         5.05512 |        4.74221 |        4.9956  |        5.45706 |               3.50394 |              3.28705 |              3.46268 |              3.78255 |                 1.00435 |               0.995077 |                1.0053  |                1.01071 |              0.019862  |            0.010293   |             0.019195  |             0.0304882 |                   0.943758 |                  0.935559 |                  0.944107 |                  0.950289 |                      0.0983998 |                     0.0902629 |                     0.0985676 |                      0.105656 |                        0.177001 |                       0.165552 |                       0.176326 |                       0.190088 |
| High     |    333 |     0.0808903 |    0.568466 | 0.0703696 | 0.467591 |          0.792787 |         0.732363 |         0.806919 |         0.846674 |            0.492814 |           0.419104 |           0.483667 |           0.572151 |         5.15053 |        4.81039 |        5.09995 |        5.53    |               3.57008 |              3.33431 |              3.53501 |              3.8331  |                 1.00156 |               0.991091 |                1.00304 |                1.00966 |              0.0199123 |            0.0100165  |             0.0197172 |             0.0301485 |                   0.944361 |                  0.937875 |                  0.944723 |                  0.95041  |                      0.0981539 |                     0.0913801 |                     0.0981638 |                      0.105138 |                        0.17636  |                       0.166377 |                       0.175595 |                       0.188359 |

- Terciles by `market_vol_20` (Benchmark vol (20d)), edges@fit=[-0.3549, 0.4864]

| Bucket   |   Days |   RankIC_mean |   RankIC_IR |   IC_mean |    IC_IR |   time_ratio_mean |   time_ratio_p10 |   time_ratio_p50 |   time_ratio_p90 |   gate_entropy_mean |   gate_entropy_p10 |   gate_entropy_p50 |   gate_entropy_p90 |   time_tau_mean |   time_tau_p10 |   time_tau_p50 |   time_tau_p90 |   time_half_life_mean |   time_half_life_p10 |   time_half_life_p50 |   time_half_life_p90 |   factor_gate_mean_mean |   factor_gate_mean_p10 |   factor_gate_mean_p50 |   factor_gate_mean_p90 |   factor_gate_std_mean |   factor_gate_std_p10 |   factor_gate_std_p50 |   factor_gate_std_p90 |   factor_gate_entropy_mean |   factor_gate_entropy_p10 |   factor_gate_entropy_p50 |   factor_gate_entropy_p90 |   factor_gate_topk_mass_5_mean |   factor_gate_topk_mass_5_p10 |   factor_gate_topk_mass_5_p50 |   factor_gate_topk_mass_5_p90 |   factor_gate_topk_mass_10_mean |   factor_gate_topk_mass_10_p10 |   factor_gate_topk_mass_10_p50 |   factor_gate_topk_mass_10_p90 |
|:---------|-------:|--------------:|------------:|----------:|---------:|------------------:|-----------------:|-----------------:|-----------------:|--------------------:|-------------------:|-------------------:|-------------------:|----------------:|---------------:|---------------:|---------------:|----------------------:|---------------------:|---------------------:|---------------------:|------------------------:|-----------------------:|-----------------------:|-----------------------:|-----------------------:|----------------------:|----------------------:|----------------------:|---------------------------:|--------------------------:|--------------------------:|--------------------------:|-------------------------------:|------------------------------:|------------------------------:|------------------------------:|--------------------------------:|-------------------------------:|-------------------------------:|-------------------------------:|
| Low      |    305 |     0.067967  |    0.510409 | 0.0589032 | 0.423769 |          0.811928 |         0.775066 |         0.816249 |         0.847687 |            0.473597 |           0.417397 |           0.473562 |           0.528728 |         5.11018 |        4.78111 |        5.09608 |        5.45706 |               3.54211 |              3.31401 |              3.53233 |              3.78254 |                 1.00443 |               0.995187 |                1.0058  |                1.01021 |              0.0198874 |            0.0109761  |             0.0199398 |             0.0293777 |                   0.943669 |                  0.935347 |                  0.94465  |                  0.950643 |                      0.0987502 |                     0.0906895 |                     0.0992354 |                      0.106153 |                        0.177465 |                       0.166349 |                       0.176998 |                       0.190742 |
| Mid      |    208 |     0.0879339 |    0.63886  | 0.0694592 | 0.488659 |          0.796436 |         0.734446 |         0.811918 |         0.851673 |            0.485665 |           0.408081 |           0.474948 |           0.564116 |         5.11356 |        4.78882 |        5.04003 |        5.56105 |               3.54445 |              3.31935 |              3.49348 |              3.85462 |                 1.00128 |               0.991097 |                1.00187 |                1.01001 |              0.019638  |            0.0097048  |             0.0185191 |             0.0298725 |                   0.943975 |                  0.937213 |                  0.944038 |                  0.950426 |                      0.0982951 |                     0.0917869 |                     0.0981768 |                      0.105704 |                        0.176947 |                       0.166354 |                       0.176344 |                       0.189716 |
| High     |     98 |     0.0882188 |    0.589774 | 0.0701664 | 0.46433  |          0.8079   |         0.685626 |         0.833901 |         0.863393 |            0.466925 |           0.38754  |           0.44759  |           0.597369 |         5.03124 |        4.71181 |        4.9956  |        5.4334  |               3.48739 |              3.26597 |              3.46268 |              3.76615 |                 1.00129 |               0.99215  |                1.00206 |                1.01025 |              0.0179828 |            0.00910858 |             0.0154837 |             0.0314832 |                   0.943913 |                  0.938479 |                  0.943722 |                  0.949825 |                      0.0972966 |                     0.0894654 |                     0.0974075 |                      0.104601 |                        0.175609 |                       0.164781 |                       0.175177 |                       0.1872   |

- Spearman correlations (market_state vs metrics), top 12 by |ρ|:

| Feature                     | Metric              |   N |   SpearmanR |   t_stat |     p_value |
|:----------------------------|:--------------------|----:|------------:|---------:|------------:|
| market_state_corr_mean_abs  | time_ratio          | 611 |   -0.362125 | -9.58719 | 2.27513e-20 |
| market_state_corr_mean_abs  | gate_entropy        | 611 |    0.346474 |  9.11485 | 1.12978e-18 |
| market_state_corr_pc1_ratio | time_ratio          | 611 |   -0.307208 | -7.96651 | 8.05286e-15 |
| market_state_corr_pc1_ratio | gate_entropy        | 611 |    0.295615 |  7.63646 | 8.68367e-14 |
| market_state_tail_2sigma    | gate_entropy        | 611 |    0.291367 |  7.51647 | 2.02105e-13 |
| market_state_corr_pc1_ratio | time_tau            | 611 |    0.289303 |  7.45834 | 3.03149e-13 |
| market_state_corr_pc1_ratio | time_half_life      | 611 |    0.289303 |  7.45834 | 3.03149e-13 |
| market_state_tail_2sigma    | time_ratio          | 611 |   -0.274461 | -7.04361 | 5.07907e-12 |
| market_state_corr_mean_abs  | time_tau            | 611 |    0.255186 |  6.51309 | 1.54212e-10 |
| market_state_corr_mean_abs  | time_half_life      | 611 |    0.255186 |  6.51309 | 1.54212e-10 |
| market_state_corr_mean_abs  | factor_gate_entropy | 611 |    0.141761 |  3.53406 | 0.000440251 |
| market_state_corr_pc1_ratio | factor_gate_entropy | 611 |    0.140147 |  3.493   | 0.000512245 |

- Full table: `regime_corr_spearman.csv`

![Regime scatter (performance)](regime_scatter_perf.png)

![Regime scatter (routing)](regime_scatter_router.png)

#### 2.X.1 指标释义（读表指南）

- `market_state_corr_pc1_ratio`：市场“单一主导因子/同涨同跌”强度（越高越像单一市场因子驱动）。
- `market_state_tail_2sigma`：尾部/冲击强度（越高表示极端波动占比越高）。
- `market_state_corr_mean_abs`：拥挤度/相关性水平（越高越拥挤，alpha 更难独立发挥）。
- `market_vol_20`：基准 20 日波动（通常已标准化，解读为相对高/低波动）。
- `RankIC/IC`：预测排序/线性相关质量；`IR` 为日度均值/标准差（样本少时不稳定）。
- `time_ratio`：路由对 time-expert 的权重（高→更偏时序专家，低→更偏截面因子专家）。
- `gate_entropy`：路由不确定性（接近 0.693，约等于两专家均匀；越低越“果断”）。
- `time_tau/time_half_life`：时间记忆尺度（越大→更长记忆/更慢衰减）。
- `factor_gate_entropy/topk_mass`：因子重加权是否集中（topk_mass 高/entropy 低→更集中）。



#### 2.X.2 观测到的差异（test）

- RankIC daily range: -0.3151~0.4823

- IC daily range: -0.3047~0.4620

- time_ratio daily range: 0.4896~0.8881

- gate_entropy daily range: 0.3453~0.6928

- time_tau daily range: 4.5872~6.3622

- 2×2 regimes: RankIC_mean: best=High-PC1 / High-Tail(0.1045), worst=Low-PC1 / Low-Tail(0.0688), spread=0.0357

- 2×2 routing: time_ratio_mean: best=Low-PC1 / Low-Tail(0.8328), worst=High-PC1 / High-Tail(0.7485), spread=0.0843

- `market_state_corr_pc1_ratio` terciles: RankIC_mean Δ(High-Low)=0.0099, time_ratio_mean Δ(High-Low)=-0.0346

- `market_state_tail_2sigma` terciles: RankIC_mean Δ(High-Low)=0.0427, time_ratio_mean Δ(High-Low)=-0.0784

- `market_state_corr_mean_abs` terciles: RankIC_mean Δ(High-Low)=0.0173, time_ratio_mean Δ(High-Low)=-0.0412

- `market_vol_20` terciles: RankIC_mean Δ(High-Low)=0.0203, time_ratio_mean Δ(High-Low)=-0.0040

- Routing ↔ quality coupling (Spearman, test): time_ratio↔rank_ic: ρ=-0.14 (n=611); gate_entropy↔rank_ic: ρ=0.13 (n=611); time_tau↔rank_ic: ρ=-0.00 (n=611); factor_gate_entropy↔rank_ic: ρ=0.08 (n=611)

- Strongest state↔performance: `market_state_corr_pc1_ratio` vs `ic` ρ=0.06 (n=611).

- Strongest state↔routing: `market_state_corr_mean_abs` vs `time_ratio` ρ=-0.36 (n=611).


- 解释建议：若“预测质量差异”显著但 `time_ratio/gate_entropy/time_tau` 基本不变，说明路由/时间尺度未随宏观状态自适应；反之若路由显著变化但 RankIC 不变，可能是“在动但没带来收益”。
- 注意：test 天数通常较少，分桶后的 `IR` 与相关性更偏诊断用途；建议在更长窗口/多次 run 上复核。 


## 3. Training Dynamics & Portfolio Backtest

### 3.1 Training Dynamics (MSE vs. RankIC)

训练阶段采用 **MSE 主 loss**（基于 rank-label），这里展示 train/mse 与 valid/rank_ic 随 epoch 的演化，并粗略量化二者的相关性：

- Peak valid RankIC approx 0.0780 at epoch 15
- Corr(-train MSE, valid RankIC) approx 0.954

![Training dynamics (MSE vs RankIC)](train_curves_mse_rankic.png)

### 3.2 Portfolio Backtest (2020-07-01~2022-12-30, csi300 universe)

- 年化收益 (excess return with cost): 16.34% (如果为 nan 请检查 portfolio_analysis/port_analysis_1day.pkl)
- 信息比 (Information Ratio): 1.61
- 最大回撤: -8.13%
- 成交换手率 (Turnover): 32.55%

## 3.3 Qlib Official Graphs

使用 Qlib 官方 report 模块生成的图表：

### analysis_position.report_graph

- [analysis_position.report_graph](qlib_analysis_position_report_graph.html)

### analysis_position.risk_analysis_graph

- [analysis_position.risk_analysis_graph](qlib_analysis_position_risk_analysis_graph_1.html)

- [analysis_position.risk_analysis_graph](qlib_analysis_position_risk_analysis_graph_2.html)

- [analysis_position.risk_analysis_graph](qlib_analysis_position_risk_analysis_graph_3.html)

- [analysis_position.risk_analysis_graph](qlib_analysis_position_risk_analysis_graph_4.html)

- [analysis_position.risk_analysis_graph](qlib_analysis_position_risk_analysis_graph_5.html)

### analysis_position.score_ic_graph

- [analysis_position.score_ic_graph](qlib_analysis_position_score_ic_graph.html)

### analysis_model.model_performance_graph

- [analysis_model.model_performance_graph](qlib_analysis_model_model_performance_graph_1.html)

- [analysis_model.model_performance_graph](qlib_analysis_model_model_performance_graph_2.html)

- [analysis_model.model_performance_graph](qlib_analysis_model_model_performance_graph_3.html)

- [analysis_model.model_performance_graph](qlib_analysis_model_model_performance_graph_4.html)

- [analysis_model.model_performance_graph](qlib_analysis_model_model_performance_graph_5.html)

- [analysis_model.model_performance_graph](qlib_analysis_model_model_performance_graph_6.html)

### analysis_position.cumulative_return_graph

- [analysis_position.cumulative_return_graph](qlib_analysis_position_cumulative_return_graph_1.html)

- [analysis_position.cumulative_return_graph](qlib_analysis_position_cumulative_return_graph_2.html)

- [analysis_position.cumulative_return_graph](qlib_analysis_position_cumulative_return_graph_3.html)

- [analysis_position.cumulative_return_graph](qlib_analysis_position_cumulative_return_graph_4.html)

### analysis_position.rank_label_graph

- [analysis_position.rank_label_graph](qlib_analysis_position_rank_label_graph_1.html)

- [analysis_position.rank_label_graph](qlib_analysis_position_rank_label_graph_2.html)

- [analysis_position.rank_label_graph](qlib_analysis_position_rank_label_graph_3.html)

## 4. Spatio-Temporal Disentanglement Diagnostics

### 4.1 Router Gate over Time (time vs. cross-sectional experts)

- Gate time_ratio (time-expert weight) stats on test set: mean=0.806, std=0.054, p10=0.752, p90=0.854

- Gate entropy stats on test set: mean=0.477, std=0.061, p10=0.406, p90=0.552

- time_ratio 接近 1 表示更信任「时间 expert」，接近 0 表示更信任「截面 expert」。
- 若 mean 在 (0.3, 0.7) 且 std > 0，说明路由器确实在不同阶段做非平凡决策；
  若长期贴近 0 或 1，则 MoE 退化为单专家模型。

![Gate time_ratio series](st_disentangle_gate_series_test.png)

![Gate entropy series](st_disentangle_gate_entropy_series_test.png)

### 4.1.1 Regime-Adaptive Time Scale (tau / half-life)

- time_tau stats on test set: mean=5.099, std=0.283, p10=4.772, p90=5.495

- time_half_life stats on test set: mean=3.534, std=0.196, p10=3.308, p90=3.809

![time_tau series](st_disentangle_time_tau_series_test.png)

![time_half_life series](st_disentangle_time_half_life_series_test.png)

- `time_tau` 来自 regime-adaptive time embedding 的时间尺度参数（越大越偏长记忆，越小越偏短记忆）。
- `time_half_life = time_tau * ln(2)`（单位为窗口时间步，若 1 步=1 天则可视作“天数半衰期”）。

### 4.1.1.1 tau vs time_ratio (same-day overlay)

![tau vs time_ratio](st_disentangle_tau_vs_time_ratio_test.png)

### 4.1.2 Regime-Adaptive Factor Gate (concentration)

- factor_gate_mean stats on test set: mean=1.003, std=0.007, p10=0.992, p90=1.010

- factor_gate_std stats on test set: mean=0.019, std=0.007, p10=0.010, p90=0.030

- factor_gate_entropy stats on test set: mean=0.944, std=0.005, p10=0.936, p90=0.950

- factor_gate_topk_mass_5 stats on test set: mean=0.098, std=0.006, p10=0.091, p90=0.106

- factor_gate_topk_mass_10 stats on test set: mean=0.177, std=0.009, p10=0.166, p90=0.190

![factor_gate_mean series](st_disentangle_factor_gate_mean_series_test.png)

![factor_gate_std series](st_disentangle_factor_gate_std_series_test.png)

![factor_gate_entropy series](st_disentangle_factor_gate_entropy_series_test.png)

![factor_gate_topk_mass_5 series](st_disentangle_factor_gate_topk_mass_5_series_test.png)

![factor_gate_topk_mass_10 series](st_disentangle_factor_gate_topk_mass_10_series_test.png)

- `factor_gate_mean` / `factor_gate_std`：regime-adaptive factor gate 权重的日均值/标准差，反映因子重加权的整体幅度和波动。
- `factor_gate_entropy` 是把 per-sample 的 factor gate 归一化后得到的分布熵（再除以 log(N) 做归一化到 0~1）。
  越低表示 gate 越“集中”，即 regime 对因子组合的重加权更强、更具结构性。
- `factor_gate_topk_mass_5` / `factor_gate_topk_mass_10` 表示前 5 / 10 个因子（按 gate 权重排序）的累计质量占比；越高说明越稀疏/越集中。

### 4.2 Temporal Attention (Heatmap + Locality)

基于若干代表性交易日的 **time-attention heatmap**，统计对角/邻近对角的注意力质量：

- 2020-07-01: diag_mass=0.116, local_band_mass=0.328
- 2021-02-09: diag_mass=0.118, local_band_mass=0.331
- 2021-09-28: diag_mass=0.117, local_band_mass=0.329
- 2022-12-30: diag_mass=0.116, local_band_mass=0.328

![Time attention (2020-07-01)](st_disentangle_attn_time_2020-07-01.png)

![Time attention (2021-02-09)](st_disentangle_attn_time_2021-02-09.png)

![Time attention (2021-09-28)](st_disentangle_attn_time_2021-09-28.png)

![Time attention (2022-12-30)](st_disentangle_attn_time_2022-12-30.png)

- diag_mass 衡量注意力在完全对齐的时间步 (i=j) 上的质量；
- local_band_mass 衡量注意力在 |i-j| ≤ 1 的近邻时间步上的质量。
- 越高说明模型更偏向「局部时序模式」（类似 AR / 局部卷积），
  越低说明模型依赖更长程的时序依赖。

### 4.3 Factor Attention (Heatmap + Concentration)

基于同一批交易日的 **factor-attention heatmap**（默认取窗口最后一个时间步），统计注意力的集中度：

- 2020-07-01: diag_mass=0.006, top5_mass=0.051, entropy=0.997
- 2021-02-09: diag_mass=0.006, top5_mass=0.049, entropy=0.997
- 2021-09-28: diag_mass=0.006, top5_mass=0.047, entropy=0.997
- 2022-12-30: diag_mass=0.006, top5_mass=0.050, entropy=0.996

#### 4.3.1 Factor Attention Top-K (ids)

- 2020-07-01: top10 ids=[92, 50, 23, 39, 49, 9, 109, 12, 59, 57]
- 2021-02-09: top10 ids=[92, 71, 70, 50, 12, 41, 5, 27, 52, 9]
- 2021-09-28: top10 ids=[50, 71, 41, 23, 70, 38, 107, 45, 69, 12]
- 2022-12-30: top10 ids=[50, 23, 71, 41, 70, 38, 92, 107, 39, 69]

![Factor attention (2020-07-01)](st_disentangle_attn_factor_2020-07-01.png)

![Factor attention (2021-02-09)](st_disentangle_attn_factor_2021-02-09.png)

![Factor attention (2021-09-28)](st_disentangle_attn_factor_2021-09-28.png)

![Factor attention (2022-12-30)](st_disentangle_attn_factor_2022-12-30.png)

- diag_mass：因子对自身的注意力质量（越高说明更“自回归/自保留”）；
- top5_mass：每个因子行向量中 Top-5 权重质量的均值（越高说明更稀疏、更“专家化”）；
- entropy：归一化熵 (0~1)，越低越尖锐，越高越均匀。
- 注意：因子维度没有天然顺序，因此不像时间维那样用“邻近对角带”解释；我们更关心“是否稀疏/是否可解释地集中在少数因子交互上”。

### 4.4 Factor Pooling Attention (Heatmap + Top-K)

来自 attention pooling 的 `factor_attention_weights`（模型输出 `factor_pool_weights`），按日对 batch 做均值后导出 heatmap 与 Top-K：

#### 4.4.1 Factor Pooling Top-K (ids)

- 2020-07-01: top10 ids=[57, 55, 19, 14, 38, 112, 22, 117, 109, 18]
- 2021-02-09: top10 ids=[57, 109, 19, 112, 22, 18, 10, 117, 9, 38]
- 2021-09-28: top10 ids=[57, 109, 19, 9, 45, 112, 47, 55, 83, 18]
- 2022-12-30: top10 ids=[57, 9, 109, 18, 19, 22, 112, 55, 117, 38]

![Factor pooling attention (2020-07-01)](st_disentangle_attn_pool_factor_2020-07-01.png)

![Factor pooling attention (2021-02-09)](st_disentangle_attn_pool_factor_2021-02-09.png)

![Factor pooling attention (2021-09-28)](st_disentangle_attn_pool_factor_2021-09-28.png)

![Factor pooling attention (2022-12-30)](st_disentangle_attn_pool_factor_2022-12-30.png)

## 5. Summary

RST-MoE 在官方 Alpha158 / CSI300 框架下，兼顾了稳健的日频预测性能 （IC / RankIC / 信息比）和可解释的时空解耦结构（gate 曲线 + attention 局部性），同时通过 MSE 训练曲线与 RankIC 的联动，展示了从 rank-label → MSE 优化 → 截面预测 → 组合收益的一条清晰传导链。

================================================================================
