>>> [Config:env] Applied experiment overrides
>>> [Config:env] run_setting=full_135
>>> [Config:planned] model: loss=mse, d_model=64, layers=2, heads=4, context_len=8, num_alphas=158, val_emb=feature_tokenizer, time_emb=on, factor_gate=on, router=learned, feat_sel=off, alibi=off, macro=external(market_state_csi300.pkl, dim=auto, shift=0, strict=True), macro_drop=0.1
>>> [Config:planned] trainer: lr=5e-05, epochs=15, batch=300, accum=1, early_stop=0, warmup=on(ratio=0.05), precision=amp_fp16, seed=42, checkpoint=valid_rank_ic:max, train_stop=off, min_epochs=15, k=999999
>>> [Phase 1] Training Model...
>>> [MarketState] loaded data/market_state_csi300.pkl (dates=3710, dim=102), shift=0, strict=True
>>> [Schema] Packed-label detected on train segment: total_dim=159, feature_dim=158, label_dim=1. Adapter will treat the last 1 channel(s) at the final time step as label.

================================================================================
MODEL ARCHITECTURE SUMMARY
================================================================================
QuantMoEModel(
  (feature_tokenizer): FeatureTokenizer()
  (factor_id_emb): Embedding(158, 64)
  (emb_dropout): Dropout(p=0.1, inplace=False)
  (time_embedding): RegimeAdaptiveTimeEmbedding(
    (tau_norm): LayerNorm((64,), eps=1e-05, elementwise_affine=True)
    (tau_fc1): Linear(in_features=64, out_features=32, bias=True)
    (tau_fc2): Linear(in_features=32, out_features=1, bias=True)
  )
  (factor_gate): RegimeAdaptiveFactorGate(
    (regime_norm): LayerNorm((64,), eps=1e-05, elementwise_affine=True)
    (factor_norm): LayerNorm((64,), eps=1e-05, elementwise_affine=True)
    (proj_gamma): Linear(in_features=64, out_features=64, bias=False)
    (proj_beta): Linear(in_features=64, out_features=64, bias=False)
  )
  (regime_encoder): RegimeContextEncoder(
    (encoder): Sequential(
      (0): Linear(in_features=102, out_features=128, bias=True)
      (1): Tanh()
      (2): Dropout(p=0.1, inplace=False)
      (3): Linear(in_features=128, out_features=64, bias=True)
      (4): LayerNorm((64,), eps=1e-05, elementwise_affine=True)
    )
  )
  (layers): ModuleList(
    (0-1): 2 x RegimeAdaptiveMoEBlock(
      (layer_summary_proj): Linear(in_features=128, out_features=64, bias=False)
      (router): Sequential(
        (0): Linear(in_features=128, out_features=32, bias=True)
        (1): GELU(approximate='none')
        (2): Linear(in_features=32, out_features=2, bias=True)
      )
      (time_expert): ParallelAttention(
        (mha): MultiheadAttention(
          (out_proj): NonDynamicallyQuantizableLinear(in_features=64, out_features=64, bias=False)
        )
      )
      (factor_expert): ParallelAttention(
        (mha): MultiheadAttention(
          (out_proj): NonDynamicallyQuantizableLinear(in_features=64, out_features=64, bias=False)
        )
      )
      (norm1): LayerNorm((64,), eps=1e-05, elementwise_affine=True)
      (norm2): LayerNorm((64,), eps=1e-05, elementwise_affine=True)
      (ffn): Sequential(
        (0): Linear(in_features=64, out_features=128, bias=True)
        (1): GELU(approximate='none')
        (2): Dropout(p=0.1, inplace=False)
        (3): Linear(in_features=128, out_features=64, bias=True)
        (4): Dropout(p=0.1, inplace=False)
      )
    )
  )
  (final_norm): LayerNorm((64,), eps=1e-05, elementwise_affine=True)
  (factor_pooling): AdaptivePooling(
    (attention_pool): AttentionPooling(
      (mha): MultiheadAttention(
        (out_proj): NonDynamicallyQuantizableLinear(in_features=64, out_features=64, bias=False)
      )
      (norm): LayerNorm((64,), eps=1e-05, elementwise_affine=True)
    )
  )
  (head): Linear(in_features=64, out_features=1, bias=True)
)

--------------------------------------------------------------------------------
PARAMETER STATISTICS BY MODULE
--------------------------------------------------------------------------------
Module                    Params          Trainable       %Total    
-----------------------------------------------------------------
layers                    123,972         123,972         60.8      %
regime_encoder            21,568          21,568          10.6      %
feature_tokenizer         20,224          20,224          9.9       %
factor_pooling            16,576          16,576          8.1       %
factor_id_emb             10,112          10,112          5.0       %
factor_gate               8,448           8,448           4.1       %
time_embedding            2,754           2,754           1.4       %
final_norm                128             128             0.1       %
head                      65              65              0.0       %
-----------------------------------------------------------------
TOTAL                     203,847         203,847         100.0     %

--------------------------------------------------------------------------------
DETAILED LAYER BREAKDOWN
--------------------------------------------------------------------------------
Layer Name                                         Shape                     Params      
---------------------------------------------------------------------------------------
feature_tokenizer.weight                           [158, 64]                 10,112      
feature_tokenizer.bias                             [158, 64]                 10,112      
factor_id_emb.weight                               [158, 64]                 10,112      
time_embedding.pos                                 [8, 64]                   512         
time_embedding.tau_base                            []                        1           
time_embedding.tau_norm.weight                     [64]                      64          
time_embedding.tau_norm.bias                       [64]                      64          
time_embedding.tau_fc1.weight                      [32, 64]                  2,048       
time_embedding.tau_fc1.bias                        [32]                      32          
time_embedding.tau_fc2.weight                      [1, 32]                   32          
time_embedding.tau_fc2.bias                        [1]                       1           
factor_gate.regime_norm.weight                     [64]                      64          
factor_gate.regime_norm.bias                       [64]                      64          
factor_gate.factor_norm.weight                     [64]                      64          
factor_gate.factor_norm.bias                       [64]                      64          
factor_gate.proj_gamma.weight                      [64, 64]                  4,096       
factor_gate.proj_beta.weight                       [64, 64]                  4,096       
regime_encoder.encoder.0.weight                    [128, 102]                13,056      
regime_encoder.encoder.0.bias                      [128]                     128         
regime_encoder.encoder.3.weight                    [64, 128]                 8,192       
regime_encoder.encoder.3.bias                      [64]                      64          
regime_encoder.encoder.4.weight                    [64]                      64          
regime_encoder.encoder.4.bias                      [64]                      64          
layers.0.layer_summary_proj.weight                 [64, 128]                 8,192       
layers.0.router.0.weight                           [32, 128]                 4,096       
layers.0.router.0.bias                             [32]                      32          
layers.0.router.2.weight                           [2, 32]                   64          
layers.0.router.2.bias                             [2]                       2           
layers.0.time_expert.mha.in_proj_weight            [192, 64]                 12,288      
layers.0.time_expert.mha.out_proj.weight           [64, 64]                  4,096       
layers.0.factor_expert.mha.in_proj_weight          [192, 64]                 12,288      
layers.0.factor_expert.mha.out_proj.weight         [64, 64]                  4,096       
layers.0.norm1.weight                              [64]                      64          
layers.0.norm1.bias                                [64]                      64          
layers.0.norm2.weight                              [64]                      64          
layers.0.norm2.bias                                [64]                      64          
layers.0.ffn.0.weight                              [128, 64]                 8,192       
layers.0.ffn.0.bias                                [128]                     128         
layers.0.ffn.3.weight                              [64, 128]                 8,192       
layers.0.ffn.3.bias                                [64]                      64          
layers.1.layer_summary_proj.weight                 [64, 128]                 8,192       
layers.1.router.0.weight                           [32, 128]                 4,096       
layers.1.router.0.bias                             [32]                      32          
layers.1.router.2.weight                           [2, 32]                   64          
layers.1.router.2.bias                             [2]                       2           
layers.1.time_expert.mha.in_proj_weight            [192, 64]                 12,288      
layers.1.time_expert.mha.out_proj.weight           [64, 64]                  4,096       
layers.1.factor_expert.mha.in_proj_weight          [192, 64]                 12,288      
layers.1.factor_expert.mha.out_proj.weight         [64, 64]                  4,096       
layers.1.norm1.weight                              [64]                      64          
layers.1.norm1.bias                                [64]                      64          
layers.1.norm2.weight                              [64]                      64          
layers.1.norm2.bias                                [64]                      64          
layers.1.ffn.0.weight                              [128, 64]                 8,192       
layers.1.ffn.0.bias                                [128]                     128         
layers.1.ffn.3.weight                              [64, 128]                 8,192       
layers.1.ffn.3.bias                                [64]                      64          
final_norm.weight                                  [64]                      64          
final_norm.bias                                    [64]                      64          
factor_pooling.attention_pool.query                [1, 1, 64]                64          
factor_pooling.attention_pool.mha.in_proj_weight   [192, 64]                 12,288      
factor_pooling.attention_pool.mha.out_proj.weight  [64, 64]                  4,096       
factor_pooling.attention_pool.norm.weight          [64]                      64          
factor_pooling.attention_pool.norm.bias            [64]                      64          
head.weight                                        [1, 64]                   64          
head.bias                                          [1]                       1           
================================================================================

>>> [Sanity] loss=2.829015 grad_norm=1.494e+02 score_std=3.752e-02 label_std=1.301e+00 x_last_std=1.034e+00

================================================================================
COMPLETE MODEL CONFIGURATION (Resolved)
================================================================================

--- Architecture ---
Parameter                           Value                          Description              
------------------------------------------------------------------------------------------
d_model                             64                             Hidden dimension         
n_heads                             4                              Attention heads          
n_layers                            2                              Number of layers         
d_ff                                128                            FFN dimension            
num_alphas                          158                            Number of factors (N)    
context_len                         8                              Sequence length (T)      
dropout                             0.1                            Dropout rate             
initializer_range                   0.02                           Weight init std          

--- Value Embedding ---
Parameter                           Value                          Description              
------------------------------------------------------------------------------------------
value_embedding_type                feature_tokenizer              Value embedding type     
feature_tokenizer_bias              [+] ON                         FT bias                  
feature_tokenizer_add_factor_id     [-] OFF                        FT add factor ID         
feature_tokenizer_init_std          0.02                           FT init std              

--- Loss & Training ---
Parameter                           Value                          Description              
------------------------------------------------------------------------------------------
main_loss                           mse                            Primary loss function    
loss_weights                        {'listmle': 1.0, 'mse': 1.0, 'ic': 1.0} Loss weight dict         
listmle_tau                         0.8                            ListMLE temperature      
rank_topk                           5                              RankNet top-k            
huber_delta                         1                              Huber delta              
mse_normalize                       [-] OFF                        MSE normalize flag       

--- Regime-Adaptive Time Embedding ---
Parameter                           Value                          Description              
------------------------------------------------------------------------------------------
use_regime_time_embedding           [+] ON                         Enable time embedding    
time_tau_min                        0.5                            Min tau (short memory)   
time_tau_max                        50                             Max tau (long memory)    
time_tau_init                       5                              Initial tau              
time_emb_init_std                   0.02                           Time emb init std        
time_decay_normalize                [+] ON                         Normalize decay weights  

--- Regime-Adaptive Factor Gate ---
Parameter                           Value                          Description              
------------------------------------------------------------------------------------------
use_regime_factor_gate              [+] ON                         Enable factor gate (FiLM)
factor_gate_scale                   1                              Gate scale (gamma range) 
factor_gate_shift_scale             0.2                            Gate shift scale (beta)  

--- MoE Router ---
Parameter                           Value                          Description              
------------------------------------------------------------------------------------------
router_mode                         learned                        Router mode              
router_noise                        0.01                           Logit noise std          
router_temperature                  1                              Softmax temperature      
router_z_loss_coef                  0.01                           Z-loss coefficient       
router_use_layer_summary            [+] ON                         Use layer summary token  

--- Feature Selection ---
Parameter                           Value                          Description              
------------------------------------------------------------------------------------------
use_feature_selection               [-] OFF                        Enable feature selection 
selection_reg_lambda                1e-05                          Sparsity regularization  
selection_temperature               0.1                            Gumbel temperature       
selection_noise_std                 0.5                            Selection noise std      

--- Positional Encoding ---
Parameter                           Value                          Description              
------------------------------------------------------------------------------------------
use_alibi                           [-] OFF                        Use ALiBi bias           

--- Regime Context Encoder ---
Parameter                           Value                          Description              
------------------------------------------------------------------------------------------
use_external_macro                  [+] ON                         Use external macro features
d_macro_input                       102                            Macro input dimension    
regime_macro_dropout                0.1                            Macro dropout            
regime_internal_mode                long                           Internal mode (short/long)
regime_internal_lag                 5                              Internal lag steps       
regime_internal_use_batch_stats     [-] OFF                        Use batch statistics     
regime_internal_tail_threshold      2                              Tail threshold           

--- Pooling ---
Parameter                           Value                          Description              
------------------------------------------------------------------------------------------
pooling_alpha                       0.7                            Attention vs mean weight 

--- Trainer Configuration ---
Parameter                           Value                          Description              
------------------------------------------------------------------------------------------
lr                                  5e-05                          Learning rate            
epochs                              15                             Number of epochs         
batch_size                          300                            Batch size (stocks/day)  
grad_accum_steps                    1                              Accumulate K days/step   
early_stop                          0                              Early stop patience      
train_stop_key                      loss_main                      Train stop metric key    
train_stop_threshold                None                           Train stop threshold     
min_epochs                          15                             Min epochs before stop   
consecutive_k                       999999                         Consecutive epochs to stop
use_warmup                          [+] ON                         Enable LR warmup         
warmup_config                       2234/44685 steps               Warmup steps/ratio       
total_steps                         44685                          Total training steps     
random_seed                         42                             Random seed              
num_workers                         0                              DataLoader workers       
label_dim                           1                              Label dimension          
market_state_path                   market_state_csi300.pkl        Market state file        
market_state_shift                  0                              Market state shift       
market_state_strict                 [+] ON                         Strict market state      
================================================================================

>>> [Train] epochs=15, stop=train_threshold(off, min_epochs=15, k=999999)
>>> [Warn] non-finite gradients detected (tensors=15, values=2505); optimizer step skipped and excluded from grad_norm metrics.
| Train 01 | time_embedding_norm:0.160179 | time_embedding_to_value_norm_ratio:1.272403 | time_tau:4.997574 | time_half_life:3.464055 | time_tau_std:0.000000 | time_tau_p10:4.997574 | time_tau_p90:4.997574 | time_tau_range_util:0.000000 | film_gamma_strength:0.004060 | film_beta_strength:0.000902 | factor_gate_mean:1.000002 | factor_gate_std:0.000758 | factor_gate_entropy:0.945035 | factor_gate_topk_mass_5:0.094518 | factor_gate_topk_mass_10:0.170937 | router_layer_0_time_ratio:0.535003 | router_layer_0_factor_ratio:0.464997 | router_layer_0_collapse_ratio:0.000000 | router_layer_0_entropy_norm:0.991152 | router_layer_0_logit_margin:0.147374 | expert_layer_0_time_expert_norm:3.904573 | expert_layer_0_factor_expert_norm:5.281555 | expert_layer_0_time_contrib_norm:2.095055 | expert_layer_0_factor_contrib_norm:2.456456 | expert_layer_0_contrib_norm_ratio:0.882390 | expert_layer_0_expert_cosine:-0.023314 | expert_layer_0_time_winner_ratio:0.278713 | router_layer_1_time_ratio:0.528441 | router_layer_1_factor_ratio:0.471559 | router_layer_1_collapse_ratio:0.000000 | router_layer_1_entropy_norm:0.989131 | router_layer_1_logit_margin:0.153643 | expert_layer_1_time_expert_norm:4.238076 | expert_layer_1_factor_expert_norm:4.975722 | expert_layer_1_time_contrib_norm:2.256603 | expert_layer_1_factor_contrib_norm:2.347053 | expert_layer_1_contrib_norm_ratio:1.015348 | expert_layer_1_expert_cosine:-0.008593 | expert_layer_1_time_winner_ratio:0.341300 | loss_total:1.402600 | loss_main:1.400696 | loss_listmle:4.712837 | loss_mse:1.400696 | loss_ic:-0.042384 | loss_aux:0.001904 | loss_sparsity:0.000000 | valid_ratio:1.000000 | score_std:0.042425 | label_std:1.164894 | score_label_std_ratio:0.036741 | ic_pearson_batch:0.042385 | ic_raw:0.042385 | rank_ic_batch:0.044752 | rank_ic:0.044752 | gate_entropy:0.686314 | time_ratio:0.531722 | grad_nonfinite_tensors:6.500000 | grad_nonfinite_values:680.500000 | grad_norm:12.345007 | grad_norm_other:5.789167 | grad_norm_time_embedding:6.377669 | grad_norm_factor_film:0.008086 | grad_norm_regime_encoder:0.058364 | grad_norm_router:0.148815 | grad_norm_time_expert:0.971559 | grad_norm_factor_expert:3.070146 | grad_norm_pooling_head:8.039166 | optimizer_steps:2975.000000 | grad_attempt_steps:2979.000000 | grad_skipped_steps:4.000000 | grad_nonfinite_steps:4.000000 | grad_skipped_rate:0.001343 | grad_nonfinite_rate:0.001343 | lr:0.000050 | sampler_epoch:0.000000 | sampler_num_days:2979.000000 | sampler_num_batches:2979.000000 | sampler_batch_size:300.000000 | sampler_total_source_samples:856246.000000 | sampler_total_draws:893700.000000 | sampler_unique_samples:566539.000000 | sampler_coverage_ratio:0.661654 | sampler_coverage_gap_vs_full:0.338346 | sampler_duplicate_draws:327161.000000 | sampler_duplicate_rate:0.366075 | sampler_downsample_days:0.000000 | sampler_upsample_days:2877.000000 | sampler_exact_days:102.000000 | sampler_downsample_day_ratio:0.000000 | sampler_upsample_day_ratio:0.965760
| Valid 01 | time_embedding_norm:0.157918 | time_embedding_to_value_norm_ratio:1.201394 | time_tau:4.995596 | time_half_life:3.462683 | time_tau_std:0.000000 | time_tau_p10:4.995596 | time_tau_p90:4.995596 | time_tau_range_util:0.000000 | film_gamma_strength:0.013713 | film_beta_strength:0.003051 | factor_gate_mean:1.000164 | factor_gate_std:0.002579 | factor_gate_entropy:0.948373 | factor_gate_topk_mass_5:0.101983 | factor_gate_topk_mass_10:0.175244 | router_layer_0_time_ratio:0.641326 | router_layer_0_factor_ratio:0.358674 | router_layer_0_collapse_ratio:0.000000 | router_layer_0_entropy_norm:0.941297 | router_layer_0_logit_margin:0.581357 | expert_layer_0_time_expert_norm:4.502312 | expert_layer_0_factor_expert_norm:5.376182 | expert_layer_0_time_contrib_norm:2.887149 | expert_layer_0_factor_contrib_norm:1.927867 | expert_layer_0_contrib_norm_ratio:1.513585 | expert_layer_0_expert_cosine:-0.017221 | expert_layer_0_time_winner_ratio:0.996122 | router_layer_1_time_ratio:0.602671 | router_layer_1_factor_ratio:0.397329 | router_layer_1_collapse_ratio:0.000000 | router_layer_1_entropy_norm:0.950442 | router_layer_1_logit_margin:0.482195 | expert_layer_1_time_expert_norm:5.900207 | expert_layer_1_factor_expert_norm:4.973306 | expert_layer_1_time_contrib_norm:3.560437 | expert_layer_1_factor_contrib_norm:1.974990 | expert_layer_1_contrib_norm_ratio:1.921658 | expert_layer_1_expert_cosine:0.000977 | expert_layer_1_time_winner_ratio:0.904054 | loss_total:0.045552 | loss_main:0.045534 | loss_listmle:4.712512 | loss_mse:0.045534 | loss_ic:-0.039650 | loss_aux:0.000018 | loss_sparsity:0.000000 | valid_ratio:1.000000 | score_std:0.058092 | label_std:0.045755 | score_label_std_ratio:1.313284 | gate_entropy:0.655627 | time_ratio:0.621998 | ic_pearson_daily:0.039667 | rank_ic_daily:0.041651 | ic_raw:0.039667 | rank_ic:0.041651
| Train 02 | time_embedding_norm:0.155242 | time_embedding_to_value_norm_ratio:1.136772 | time_tau:4.993556 | time_half_life:3.461269 | time_tau_std:0.000000 | time_tau_p10:4.993556 | time_tau_p90:4.993556 | time_tau_range_util:0.000000 | film_gamma_strength:0.025153 | film_beta_strength:0.003716 | factor_gate_mean:1.000063 | factor_gate_std:0.005234 | factor_gate_entropy:0.946952 | factor_gate_topk_mass_5:0.107799 | factor_gate_topk_mass_10:0.181318 | router_layer_0_time_ratio:0.714731 | router_layer_0_factor_ratio:0.285269 | router_layer_0_collapse_ratio:0.000000 | router_layer_0_entropy_norm:0.856203 | router_layer_0_logit_margin:0.927842 | expert_layer_0_time_expert_norm:5.774904 | expert_layer_0_factor_expert_norm:4.978728 | expert_layer_0_time_contrib_norm:4.154813 | expert_layer_0_factor_contrib_norm:1.421949 | expert_layer_0_contrib_norm_ratio:3.109014 | expert_layer_0_expert_cosine:-0.007278 | expert_layer_0_time_winner_ratio:0.999736 | router_layer_1_time_ratio:0.583125 | router_layer_1_factor_ratio:0.416876 | router_layer_1_collapse_ratio:0.000000 | router_layer_1_entropy_norm:0.946191 | router_layer_1_logit_margin:0.483228 | expert_layer_1_time_expert_norm:9.832450 | expert_layer_1_factor_expert_norm:4.054799 | expert_layer_1_time_contrib_norm:5.777740 | expert_layer_1_factor_contrib_norm:1.693283 | expert_layer_1_contrib_norm_ratio:4.010229 | expert_layer_1_expert_cosine:0.004396 | expert_layer_1_time_winner_ratio:0.993983 | loss_total:1.383396 | loss_main:1.383383 | loss_listmle:4.709904 | loss_mse:1.383383 | loss_ic:-0.086608 | loss_aux:0.000013 | loss_sparsity:0.000000 | valid_ratio:1.000000 | score_std:0.081569 | label_std:1.165816 | score_label_std_ratio:0.070539 | ic_pearson_batch:0.086609 | ic_raw:0.086609 | rank_ic_batch:0.089318 | rank_ic:0.089318 | gate_entropy:0.624662 | time_ratio:0.648928 | grad_norm:5.649030 | grad_norm_other:2.061307 | grad_norm_time_embedding:3.253522 | grad_norm_factor_film:0.020762 | grad_norm_regime_encoder:0.156058 | grad_norm_router:0.268208 | grad_norm_time_expert:0.620015 | grad_norm_factor_expert:0.732283 | grad_norm_pooling_head:3.961134 | optimizer_steps:2979.000000 | grad_attempt_steps:2979.000000 | grad_skipped_steps:0.000000 | grad_nonfinite_steps:0.000000 | grad_skipped_rate:0.000000 | grad_nonfinite_rate:0.000000 | lr:0.000049 | sampler_epoch:1.000000 | sampler_num_days:2979.000000 | sampler_num_batches:2979.000000 | sampler_batch_size:300.000000 | sampler_total_source_samples:856246.000000 | sampler_total_draws:893700.000000 | sampler_unique_samples:566603.000000 | sampler_coverage_ratio:0.661729 | sampler_coverage_gap_vs_full:0.338271 | sampler_duplicate_draws:327097.000000 | sampler_duplicate_rate:0.366003 | sampler_downsample_days:0.000000 | sampler_upsample_days:2877.000000 | sampler_exact_days:102.000000 | sampler_downsample_day_ratio:0.000000 | sampler_upsample_day_ratio:0.965760
| Valid 02 | time_embedding_norm:0.152702 | time_embedding_to_value_norm_ratio:1.074953 | time_tau:4.991733 | time_half_life:3.460006 | time_tau_std:0.000000 | time_tau_p10:4.991733 | time_tau_p90:4.991733 | time_tau_range_util:0.000000 | film_gamma_strength:0.037030 | film_beta_strength:0.004393 | factor_gate_mean:1.000539 | factor_gate_std:0.008222 | factor_gate_entropy:0.949963 | factor_gate_topk_mass_5:0.104760 | factor_gate_topk_mass_10:0.176287 | router_layer_0_time_ratio:0.791646 | router_layer_0_factor_ratio:0.208354 | router_layer_0_collapse_ratio:0.000000 | router_layer_0_entropy_norm:0.737759 | router_layer_0_logit_margin:1.336240 | expert_layer_0_time_expert_norm:7.476127 | expert_layer_0_factor_expert_norm:5.128011 | expert_layer_0_time_contrib_norm:5.918074 | expert_layer_0_factor_contrib_norm:1.067840 | expert_layer_0_contrib_norm_ratio:5.594231 | expert_layer_0_expert_cosine:-0.000576 | expert_layer_0_time_winner_ratio:1.000000 | router_layer_1_time_ratio:0.661011 | router_layer_1_factor_ratio:0.338989 | router_layer_1_collapse_ratio:0.000000 | router_layer_1_entropy_norm:0.897571 | router_layer_1_logit_margin:0.720879 | expert_layer_1_time_expert_norm:17.996706 | expert_layer_1_factor_expert_norm:3.645902 | expert_layer_1_time_contrib_norm:11.916859 | expert_layer_1_factor_contrib_norm:1.235320 | expert_layer_1_contrib_norm_ratio:10.590149 | expert_layer_1_expert_cosine:0.007559 | expert_layer_1_time_winner_ratio:1.000000 | loss_total:0.032919 | loss_main:0.032905 | loss_listmle:4.712888 | loss_mse:0.032905 | loss_ic:-0.055477 | loss_aux:0.000014 | loss_sparsity:0.000000 | valid_ratio:1.000000 | score_std:0.091484 | label_std:0.045755 | score_label_std_ratio:2.078086 | gate_entropy:0.566762 | time_ratio:0.726328 | ic_pearson_daily:0.055492 | rank_ic_daily:0.062095 | ic_raw:0.055492 | rank_ic:0.062095
| Train 03 | time_embedding_norm:0.151174 | time_embedding_to_value_norm_ratio:1.046002 | time_tau:4.991733 | time_half_life:3.460006 | time_tau_std:0.000000 | time_tau_p10:4.991733 | time_tau_p90:4.991733 | time_tau_range_util:0.000000 | film_gamma_strength:0.045132 | film_beta_strength:0.004566 | factor_gate_mean:0.999991 | factor_gate_std:0.010023 | factor_gate_entropy:0.949248 | factor_gate_topk_mass_5:0.099301 | factor_gate_topk_mass_10:0.173416 | router_layer_0_time_ratio:0.762270 | router_layer_0_factor_ratio:0.237730 | router_layer_0_collapse_ratio:0.000000 | router_layer_0_entropy_norm:0.788771 | router_layer_0_logit_margin:1.170095 | expert_layer_0_time_expert_norm:7.345771 | expert_layer_0_factor_expert_norm:4.826885 | expert_layer_0_time_contrib_norm:5.602045 | expert_layer_0_factor_contrib_norm:1.146702 | expert_layer_0_contrib_norm_ratio:5.001287 | expert_layer_0_expert_cosine:-0.000548 | expert_layer_0_time_winner_ratio:1.000000 | router_layer_1_time_ratio:0.604672 | router_layer_1_factor_ratio:0.395328 | router_layer_1_collapse_ratio:0.000000 | router_layer_1_entropy_norm:0.922084 | router_layer_1_logit_margin:0.584743 | expert_layer_1_time_expert_norm:14.986819 | expert_layer_1_factor_expert_norm:3.542923 | expert_layer_1_time_contrib_norm:9.104774 | expert_layer_1_factor_contrib_norm:1.402775 | expert_layer_1_contrib_norm_ratio:7.740524 | expert_layer_1_expert_cosine:0.007033 | expert_layer_1_time_winner_ratio:1.000000 | loss_total:1.374099 | loss_main:1.374085 | loss_listmle:4.707748 | loss_mse:1.374085 | loss_ic:-0.104742 | loss_aux:0.000013 | loss_sparsity:0.000000 | valid_ratio:1.000000 | score_std:0.104937 | label_std:1.164664 | score_label_std_ratio:0.090907 | ic_pearson_batch:0.104743 | ic_raw:0.104743 | rank_ic_batch:0.107612 | rank_ic:0.107612 | gate_entropy:0.592937 | time_ratio:0.683471 | grad_norm:4.822920 | grad_norm_other:1.724022 | grad_norm_time_embedding:3.193916 | grad_norm_factor_film:0.032114 | grad_norm_regime_encoder:0.230665 | grad_norm_router:0.297151 | grad_norm_time_expert:0.622341 | grad_norm_factor_expert:0.483908 | grad_norm_pooling_head:2.982724 | grad_nonfinite_tensors:1.000000 | grad_nonfinite_values:2.000000 | optimizer_steps:2977.000000 | grad_attempt_steps:2979.000000 | grad_skipped_steps:2.000000 | grad_nonfinite_steps:2.000000 | grad_skipped_rate:0.000671 | grad_nonfinite_rate:0.000671 | lr:0.000047 | sampler_epoch:2.000000 | sampler_num_days:2979.000000 | sampler_num_batches:2979.000000 | sampler_batch_size:300.000000 | sampler_total_source_samples:856246.000000 | sampler_total_draws:893700.000000 | sampler_unique_samples:566471.000000 | sampler_coverage_ratio:0.661575 | sampler_coverage_gap_vs_full:0.338425 | sampler_duplicate_draws:327229.000000 | sampler_duplicate_rate:0.366151 | sampler_downsample_days:0.000000 | sampler_upsample_days:2877.000000 | sampler_exact_days:102.000000 | sampler_downsample_day_ratio:0.000000 | sampler_upsample_day_ratio:0.965760
| Valid 03 | time_embedding_norm:0.149401 | time_embedding_to_value_norm_ratio:1.006302 | time_tau:4.991733 | time_half_life:3.460006 | time_tau_std:0.000000 | time_tau_p10:4.991733 | time_tau_p90:4.991733 | time_tau_range_util:0.000000 | film_gamma_strength:0.049316 | film_beta_strength:0.005437 | factor_gate_mean:1.000331 | factor_gate_std:0.011130 | factor_gate_entropy:0.947188 | factor_gate_topk_mass_5:0.097342 | factor_gate_topk_mass_10:0.173008 | router_layer_0_time_ratio:0.796791 | router_layer_0_factor_ratio:0.203209 | router_layer_0_collapse_ratio:0.000000 | router_layer_0_entropy_norm:0.726851 | router_layer_0_logit_margin:1.369887 | expert_layer_0_time_expert_norm:8.222079 | expert_layer_0_factor_expert_norm:4.966186 | expert_layer_0_time_contrib_norm:6.551334 | expert_layer_0_factor_contrib_norm:1.008445 | expert_layer_0_contrib_norm_ratio:6.594242 | expert_layer_0_expert_cosine:-0.000266 | expert_layer_0_time_winner_ratio:1.000000 | router_layer_1_time_ratio:0.696522 | router_layer_1_factor_ratio:0.303478 | router_layer_1_collapse_ratio:0.000000 | router_layer_1_entropy_norm:0.844397 | router_layer_1_logit_margin:0.914793 | expert_layer_1_time_expert_norm:17.846286 | expert_layer_1_factor_expert_norm:3.511578 | expert_layer_1_time_contrib_norm:12.457154 | expert_layer_1_factor_contrib_norm:1.066455 | expert_layer_1_contrib_norm_ratio:13.698979 | expert_layer_1_expert_cosine:0.025505 | expert_layer_1_time_winner_ratio:1.000000 | loss_total:0.056802 | loss_main:0.056780 | loss_listmle:4.714157 | loss_mse:0.056780 | loss_ic:-0.051218 | loss_aux:0.000022 | loss_sparsity:0.000000 | valid_ratio:1.000000 | score_std:0.106174 | label_std:0.045755 | score_label_std_ratio:2.408209 | gate_entropy:0.544553 | time_ratio:0.746656 | ic_pearson_daily:0.051231 | rank_ic_daily:0.053761 | ic_raw:0.051231 | rank_ic:0.053761
| Train 04 | time_embedding_norm:0.147958 | time_embedding_to_value_norm_ratio:0.985806 | time_tau:4.991780 | time_half_life:3.460038 | time_tau_std:0.000025 | time_tau_p10:4.991760 | time_tau_p90:4.991801 | time_tau_range_util:0.000001 | film_gamma_strength:0.057074 | film_beta_strength:0.005486 | factor_gate_mean:0.999916 | factor_gate_std:0.013090 | factor_gate_entropy:0.942469 | factor_gate_topk_mass_5:0.099294 | factor_gate_topk_mass_10:0.178538 | router_layer_0_time_ratio:0.763079 | router_layer_0_factor_ratio:0.236921 | router_layer_0_collapse_ratio:0.000000 | router_layer_0_entropy_norm:0.785242 | router_layer_0_logit_margin:1.178755 | expert_layer_0_time_expert_norm:8.332536 | expert_layer_0_factor_expert_norm:4.735940 | expert_layer_0_time_contrib_norm:6.358654 | expert_layer_0_factor_contrib_norm:1.120922 | expert_layer_0_contrib_norm_ratio:5.858811 | expert_layer_0_expert_cosine:0.002463 | expert_layer_0_time_winner_ratio:1.000000 | router_layer_1_time_ratio:0.646675 | router_layer_1_factor_ratio:0.353325 | router_layer_1_collapse_ratio:0.000000 | router_layer_1_entropy_norm:0.883216 | router_layer_1_logit_margin:0.745668 | expert_layer_1_time_expert_norm:17.847079 | expert_layer_1_factor_expert_norm:3.411717 | expert_layer_1_time_contrib_norm:11.590839 | expert_layer_1_factor_contrib_norm:1.208566 | expert_layer_1_contrib_norm_ratio:11.886350 | expert_layer_1_expert_cosine:0.023785 | expert_layer_1_time_winner_ratio:1.000000 | loss_total:1.374475 | loss_main:1.374460 | loss_listmle:4.707054 | loss_mse:1.374460 | loss_ic:-0.112892 | loss_aux:0.000015 | loss_sparsity:0.000000 | valid_ratio:1.000000 | score_std:0.113869 | label_std:1.166669 | score_label_std_ratio:0.098468 | ic_pearson_batch:0.112894 | ic_raw:0.112894 | rank_ic_batch:0.115056 | rank_ic:0.115056 | gate_entropy:0.578243 | time_ratio:0.704877 | grad_norm:4.384110 | grad_norm_other:1.556346 | grad_norm_time_embedding:3.087455 | grad_norm_factor_film:0.037073 | grad_norm_regime_encoder:0.255634 | grad_norm_router:0.296882 | grad_norm_time_expert:0.562198 | grad_norm_factor_expert:0.393196 | grad_norm_pooling_head:2.479628 | grad_nonfinite_tensors:1.000000 | grad_nonfinite_values:1.000000 | optimizer_steps:2978.000000 | grad_attempt_steps:2979.000000 | grad_skipped_steps:1.000000 | grad_nonfinite_steps:1.000000 | grad_skipped_rate:0.000336 | grad_nonfinite_rate:0.000336 | lr:0.000044 | sampler_epoch:3.000000 | sampler_num_days:2979.000000 | sampler_num_batches:2979.000000 | sampler_batch_size:300.000000 | sampler_total_source_samples:856246.000000 | sampler_total_draws:893700.000000 | sampler_unique_samples:566572.000000 | sampler_coverage_ratio:0.661693 | sampler_coverage_gap_vs_full:0.338307 | sampler_duplicate_draws:327128.000000 | sampler_duplicate_rate:0.366038 | sampler_downsample_days:0.000000 | sampler_upsample_days:2877.000000 | sampler_exact_days:102.000000 | sampler_downsample_day_ratio:0.000000 | sampler_upsample_day_ratio:0.965760
| Valid 04 | time_embedding_norm:0.146453 | time_embedding_to_value_norm_ratio:0.954791 | time_tau:4.991935 | time_half_life:3.460146 | time_tau_std:0.000000 | time_tau_p10:4.991935 | time_tau_p90:4.991935 | time_tau_range_util:0.000000 | film_gamma_strength:0.061026 | film_beta_strength:0.006174 | factor_gate_mean:1.000154 | factor_gate_std:0.013810 | factor_gate_entropy:0.938174 | factor_gate_topk_mass_5:0.100147 | factor_gate_topk_mass_10:0.182810 | router_layer_0_time_ratio:0.757857 | router_layer_0_factor_ratio:0.242143 | router_layer_0_collapse_ratio:0.000000 | router_layer_0_entropy_norm:0.793680 | router_layer_0_logit_margin:1.150044 | expert_layer_0_time_expert_norm:8.834625 | expert_layer_0_factor_expert_norm:5.013296 | expert_layer_0_time_contrib_norm:6.696436 | expert_layer_0_factor_contrib_norm:1.213098 | expert_layer_0_contrib_norm_ratio:5.703560 | expert_layer_0_expert_cosine:0.002071 | expert_layer_0_time_winner_ratio:1.000000 | router_layer_1_time_ratio:0.727381 | router_layer_1_factor_ratio:0.272619 | router_layer_1_collapse_ratio:0.000000 | router_layer_1_entropy_norm:0.808440 | router_layer_1_logit_margin:1.052278 | expert_layer_1_time_expert_norm:21.090148 | expert_layer_1_factor_expert_norm:3.606001 | expert_layer_1_time_contrib_norm:15.368331 | expert_layer_1_factor_contrib_norm:0.982339 | expert_layer_1_contrib_norm_ratio:18.307547 | expert_layer_1_expert_cosine:0.030366 | expert_layer_1_time_winner_ratio:1.000000 | loss_total:0.055335 | loss_main:0.055322 | loss_listmle:4.724633 | loss_mse:0.055322 | loss_ic:-0.051286 | loss_aux:0.000012 | loss_sparsity:0.000000 | valid_ratio:1.000000 | score_std:0.164631 | label_std:0.045755 | score_label_std_ratio:3.734762 | gate_entropy:0.555252 | time_ratio:0.742619 | ic_pearson_daily:0.051295 | rank_ic_daily:0.052090 | ic_raw:0.051295 | rank_ic:0.052090
| Train 05 | time_embedding_norm:0.145149 | time_embedding_to_value_norm_ratio:0.938921 | time_tau:4.991697 | time_half_life:3.459981 | time_tau_std:0.000150 | time_tau_p10:4.991585 | time_tau_p90:4.991823 | time_tau_range_util:0.000005 | film_gamma_strength:0.064411 | film_beta_strength:0.006493 | factor_gate_mean:0.999820 | factor_gate_std:0.014809 | factor_gate_entropy:0.939143 | factor_gate_topk_mass_5:0.097684 | factor_gate_topk_mass_10:0.180170 | router_layer_0_time_ratio:0.729971 | router_layer_0_factor_ratio:0.270029 | router_layer_0_collapse_ratio:0.000000 | router_layer_0_entropy_norm:0.834577 | router_layer_0_logit_margin:1.005503 | expert_layer_0_time_expert_norm:8.837936 | expert_layer_0_factor_expert_norm:4.808825 | expert_layer_0_time_contrib_norm:6.453492 | expert_layer_0_factor_contrib_norm:1.297862 | expert_layer_0_contrib_norm_ratio:5.193021 | expert_layer_0_expert_cosine:0.005305 | expert_layer_0_time_winner_ratio:1.000000 | router_layer_1_time_ratio:0.673736 | router_layer_1_factor_ratio:0.326264 | router_layer_1_collapse_ratio:0.000000 | router_layer_1_entropy_norm:0.855452 | router_layer_1_logit_margin:0.849945 | expert_layer_1_time_expert_norm:19.233595 | expert_layer_1_factor_expert_norm:4.052780 | expert_layer_1_time_contrib_norm:13.000170 | expert_layer_1_factor_contrib_norm:1.327616 | expert_layer_1_contrib_norm_ratio:12.489117 | expert_layer_1_expert_cosine:0.026520 | expert_layer_1_time_winner_ratio:1.000000 | loss_total:1.368743 | loss_main:1.368724 | loss_listmle:4.706399 | loss_mse:1.368724 | loss_ic:-0.118301 | loss_aux:0.000019 | loss_sparsity:0.000000 | valid_ratio:1.000000 | score_std:0.125015 | label_std:1.165067 | score_label_std_ratio:0.108249 | ic_pearson_batch:0.118302 | ic_raw:0.118302 | rank_ic_batch:0.120641 | rank_ic:0.120641 | gate_entropy:0.585719 | time_ratio:0.701854 | grad_norm:4.476396 | grad_norm_other:1.601450 | grad_norm_time_embedding:3.343954 | grad_norm_factor_film:0.042863 | grad_norm_regime_encoder:0.295145 | grad_norm_router:0.333639 | grad_norm_time_expert:0.546320 | grad_norm_factor_expert:0.436441 | grad_norm_pooling_head:2.225327 | grad_nonfinite_tensors:1.000000 | grad_nonfinite_values:3.000000 | optimizer_steps:2978.000000 | grad_attempt_steps:2979.000000 | grad_skipped_steps:1.000000 | grad_nonfinite_steps:1.000000 | grad_skipped_rate:0.000336 | grad_nonfinite_rate:0.000336 | lr:0.000040 | sampler_epoch:4.000000 | sampler_num_days:2979.000000 | sampler_num_batches:2979.000000 | sampler_batch_size:300.000000 | sampler_total_source_samples:856246.000000 | sampler_total_draws:893700.000000 | sampler_unique_samples:566781.000000 | sampler_coverage_ratio:0.661937 | sampler_coverage_gap_vs_full:0.338063 | sampler_duplicate_draws:326919.000000 | sampler_duplicate_rate:0.365804 | sampler_downsample_days:0.000000 | sampler_upsample_days:2877.000000 | sampler_exact_days:102.000000 | sampler_downsample_day_ratio:0.000000 | sampler_upsample_day_ratio:0.965760
| Valid 05 | time_embedding_norm:0.143819 | time_embedding_to_value_norm_ratio:0.914766 | time_tau:4.989015 | time_half_life:3.458122 | time_tau_std:0.000000 | time_tau_p10:4.989015 | time_tau_p90:4.989015 | time_tau_range_util:0.000000 | film_gamma_strength:0.056000 | film_beta_strength:0.006200 | factor_gate_mean:0.999900 | factor_gate_std:0.012848 | factor_gate_entropy:0.938701 | factor_gate_topk_mass_5:0.098636 | factor_gate_topk_mass_10:0.181152 | router_layer_0_time_ratio:0.758768 | router_layer_0_factor_ratio:0.241232 | router_layer_0_collapse_ratio:0.000000 | router_layer_0_entropy_norm:0.790277 | router_layer_0_logit_margin:1.158367 | expert_layer_0_time_expert_norm:9.707863 | expert_layer_0_factor_expert_norm:4.863767 | expert_layer_0_time_contrib_norm:7.367774 | expert_layer_0_factor_contrib_norm:1.172334 | expert_layer_0_contrib_norm_ratio:6.555905 | expert_layer_0_expert_cosine:0.005396 | expert_layer_0_time_winner_ratio:1.000000 | router_layer_1_time_ratio:0.765044 | router_layer_1_factor_ratio:0.234956 | router_layer_1_collapse_ratio:0.000000 | router_layer_1_entropy_norm:0.759451 | router_layer_1_logit_margin:1.232831 | expert_layer_1_time_expert_norm:22.383751 | expert_layer_1_factor_expert_norm:4.256328 | expert_layer_1_time_contrib_norm:17.145153 | expert_layer_1_factor_contrib_norm:1.002379 | expert_layer_1_contrib_norm_ratio:19.628057 | expert_layer_1_expert_cosine:0.055791 | expert_layer_1_time_winner_ratio:1.000000 | loss_total:0.037994 | loss_main:0.037983 | loss_listmle:4.714506 | loss_mse:0.037983 | loss_ic:-0.054108 | loss_aux:0.000011 | loss_sparsity:0.000000 | valid_ratio:1.000000 | score_std:0.125183 | label_std:0.045755 | score_label_std_ratio:2.834997 | gate_entropy:0.537095 | time_ratio:0.761906 | ic_pearson_daily:0.054118 | rank_ic_daily:0.059623 | ic_raw:0.054118 | rank_ic:0.059623
| Train 06 | time_embedding_norm:0.142759 | time_embedding_to_value_norm_ratio:0.905895 | time_tau:4.988694 | time_half_life:3.457899 | time_tau_std:0.000167 | time_tau_p10:4.988559 | time_tau_p90:4.988817 | time_tau_range_util:0.000005 | film_gamma_strength:0.065672 | film_beta_strength:0.006749 | factor_gate_mean:0.999788 | factor_gate_std:0.015119 | factor_gate_entropy:0.938875 | factor_gate_topk_mass_5:0.097949 | factor_gate_topk_mass_10:0.180348 | router_layer_0_time_ratio:0.700707 | router_layer_0_factor_ratio:0.299293 | router_layer_0_collapse_ratio:0.000000 | router_layer_0_entropy_norm:0.868599 | router_layer_0_logit_margin:0.866021 | expert_layer_0_time_expert_norm:9.466971 | expert_layer_0_factor_expert_norm:4.784121 | expert_layer_0_time_contrib_norm:6.637437 | expert_layer_0_factor_contrib_norm:1.431240 | expert_layer_0_contrib_norm_ratio:4.941785 | expert_layer_0_expert_cosine:0.007345 | expert_layer_0_time_winner_ratio:1.000000 | router_layer_1_time_ratio:0.692974 | router_layer_1_factor_ratio:0.307026 | router_layer_1_collapse_ratio:0.000000 | router_layer_1_entropy_norm:0.842594 | router_layer_1_logit_margin:0.906648 | expert_layer_1_time_expert_norm:21.546810 | expert_layer_1_factor_expert_norm:4.792726 | expert_layer_1_time_contrib_norm:14.971597 | expert_layer_1_factor_contrib_norm:1.484519 | expert_layer_1_contrib_norm_ratio:12.740300 | expert_layer_1_expert_cosine:0.039051 | expert_layer_1_time_winner_ratio:1.000000 | loss_total:1.369736 | loss_main:1.369708 | loss_listmle:4.705946 | loss_mse:1.369708 | loss_ic:-0.124459 | loss_aux:0.000029 | loss_sparsity:0.000000 | valid_ratio:1.000000 | score_std:0.132378 | label_std:1.166656 | score_label_std_ratio:0.114531 | ic_pearson_batch:0.124460 | ic_raw:0.124460 | rank_ic_batch:0.124952 | rank_ic:0.124952 | gate_entropy:0.593054 | time_ratio:0.696841 | grad_norm:4.488044 | grad_norm_other:1.591332 | grad_norm_time_embedding:3.442689 | grad_norm_factor_film:0.047358 | grad_norm_regime_encoder:0.328538 | grad_norm_router:0.373926 | grad_norm_time_expert:0.516372 | grad_norm_factor_expert:0.449211 | grad_norm_pooling_head:2.080919 | grad_nonfinite_tensors:1.000000 | grad_nonfinite_values:3.000000 | optimizer_steps:2978.000000 | grad_attempt_steps:2979.000000 | grad_skipped_steps:1.000000 | grad_nonfinite_steps:1.000000 | grad_skipped_rate:0.000336 | grad_nonfinite_rate:0.000336 | lr:0.000035 | sampler_epoch:5.000000 | sampler_num_days:2979.000000 | sampler_num_batches:2979.000000 | sampler_batch_size:300.000000 | sampler_total_source_samples:856246.000000 | sampler_total_draws:893700.000000 | sampler_unique_samples:566623.000000 | sampler_coverage_ratio:0.661753 | sampler_coverage_gap_vs_full:0.338247 | sampler_duplicate_draws:327077.000000 | sampler_duplicate_rate:0.365981 | sampler_downsample_days:0.000000 | sampler_upsample_days:2877.000000 | sampler_exact_days:102.000000 | sampler_downsample_day_ratio:0.000000 | sampler_upsample_day_ratio:0.965760
| Valid 06 | time_embedding_norm:0.141592 | time_embedding_to_value_norm_ratio:0.885962 | time_tau:4.989129 | time_half_life:3.458200 | time_tau_std:0.000000 | time_tau_p10:4.989129 | time_tau_p90:4.989129 | time_tau_range_util:0.000000 | film_gamma_strength:0.057561 | film_beta_strength:0.006581 | factor_gate_mean:0.999688 | factor_gate_std:0.013055 | factor_gate_entropy:0.939941 | factor_gate_topk_mass_5:0.098363 | factor_gate_topk_mass_10:0.179674 | router_layer_0_time_ratio:0.724632 | router_layer_0_factor_ratio:0.275368 | router_layer_0_collapse_ratio:0.000000 | router_layer_0_entropy_norm:0.840415 | router_layer_0_logit_margin:0.980026 | expert_layer_0_time_expert_norm:9.999462 | expert_layer_0_factor_expert_norm:4.944831 | expert_layer_0_time_contrib_norm:7.246876 | expert_layer_0_factor_contrib_norm:1.360083 | expert_layer_0_contrib_norm_ratio:5.583097 | expert_layer_0_expert_cosine:0.006917 | expert_layer_0_time_winner_ratio:1.000000 | router_layer_1_time_ratio:0.752122 | router_layer_1_factor_ratio:0.247878 | router_layer_1_collapse_ratio:0.000000 | router_layer_1_entropy_norm:0.784003 | router_layer_1_logit_margin:1.153821 | expert_layer_1_time_expert_norm:24.580089 | expert_layer_1_factor_expert_norm:5.030030 | expert_layer_1_time_contrib_norm:18.510107 | expert_layer_1_factor_contrib_norm:1.250637 | expert_layer_1_contrib_norm_ratio:16.759421 | expert_layer_1_expert_cosine:0.060233 | expert_layer_1_time_winner_ratio:1.000000 | loss_total:0.045783 | loss_main:0.045771 | loss_listmle:4.724254 | loss_mse:0.045771 | loss_ic:-0.056257 | loss_aux:0.000012 | loss_sparsity:0.000000 | valid_ratio:1.000000 | score_std:0.189021 | label_std:0.045755 | score_label_std_ratio:4.262026 | gate_entropy:0.562981 | time_ratio:0.738377 | ic_pearson_daily:0.056263 | rank_ic_daily:0.061640 | ic_raw:0.056263 | rank_ic:0.061640
| Train 07 | time_embedding_norm:0.140770 | time_embedding_to_value_norm_ratio:0.879195 | time_tau:4.988829 | time_half_life:3.457993 | time_tau_std:0.000183 | time_tau_p10:4.988685 | time_tau_p90:4.988972 | time_tau_range_util:0.000006 | film_gamma_strength:0.067767 | film_beta_strength:0.007052 | factor_gate_mean:0.999776 | factor_gate_std:0.015738 | factor_gate_entropy:0.939379 | factor_gate_topk_mass_5:0.097422 | factor_gate_topk_mass_10:0.178269 | router_layer_0_time_ratio:0.674624 | router_layer_0_factor_ratio:0.325376 | router_layer_0_collapse_ratio:0.000000 | router_layer_0_entropy_norm:0.892583 | router_layer_0_logit_margin:0.751043 | expert_layer_0_time_expert_norm:9.915702 | expert_layer_0_factor_expert_norm:4.870557 | expert_layer_0_time_contrib_norm:6.693829 | expert_layer_0_factor_contrib_norm:1.583394 | expert_layer_0_contrib_norm_ratio:4.588346 | expert_layer_0_expert_cosine:0.006955 | expert_layer_0_time_winner_ratio:1.000000 | router_layer_1_time_ratio:0.701496 | router_layer_1_factor_ratio:0.298504 | router_layer_1_collapse_ratio:0.000491 | router_layer_1_entropy_norm:0.838712 | router_layer_1_logit_margin:0.931397 | expert_layer_1_time_expert_norm:23.440452 | expert_layer_1_factor_expert_norm:5.965657 | expert_layer_1_time_contrib_norm:16.486064 | expert_layer_1_factor_contrib_norm:1.798214 | expert_layer_1_contrib_norm_ratio:11.381310 | expert_layer_1_expert_cosine:0.049830 | expert_layer_1_time_winner_ratio:1.000000 | loss_total:1.367079 | loss_main:1.367041 | loss_listmle:4.704815 | loss_mse:1.367041 | loss_ic:-0.131159 | loss_aux:0.000037 | loss_sparsity:0.000000 | valid_ratio:1.000000 | score_std:0.145059 | label_std:1.167125 | score_label_std_ratio:0.125660 | ic_pearson_batch:0.131161 | ic_raw:0.131161 | rank_ic_batch:0.131739 | rank_ic:0.131739 | gate_entropy:0.600021 | time_ratio:0.688060 | grad_norm:4.533926 | grad_norm_other:1.658416 | grad_norm_time_embedding:3.480734 | grad_norm_factor_film:0.052781 | grad_norm_regime_encoder:0.377760 | grad_norm_router:0.466447 | grad_norm_time_expert:0.528015 | grad_norm_factor_expert:0.483513 | grad_norm_pooling_head:1.968650 | grad_nonfinite_tensors:1.000000 | grad_nonfinite_values:2.000000 | optimizer_steps:2977.000000 | grad_attempt_steps:2979.000000 | grad_skipped_steps:2.000000 | grad_nonfinite_steps:2.000000 | grad_skipped_rate:0.000671 | grad_nonfinite_rate:0.000671 | lr:0.000030 | sampler_epoch:6.000000 | sampler_num_days:2979.000000 | sampler_num_batches:2979.000000 | sampler_batch_size:300.000000 | sampler_total_source_samples:856246.000000 | sampler_total_draws:893700.000000 | sampler_unique_samples:566467.000000 | sampler_coverage_ratio:0.661570 | sampler_coverage_gap_vs_full:0.338430 | sampler_duplicate_draws:327233.000000 | sampler_duplicate_rate:0.366155 | sampler_downsample_days:0.000000 | sampler_upsample_days:2877.000000 | sampler_exact_days:102.000000 | sampler_downsample_day_ratio:0.000000 | sampler_upsample_day_ratio:0.965760
| Valid 07 | time_embedding_norm:0.140050 | time_embedding_to_value_norm_ratio:0.865097 | time_tau:4.988749 | time_half_life:3.457938 | time_tau_std:0.000000 | time_tau_p10:4.988749 | time_tau_p90:4.988749 | time_tau_range_util:0.000000 | film_gamma_strength:0.062457 | film_beta_strength:0.006626 | factor_gate_mean:0.999554 | factor_gate_std:0.014399 | factor_gate_entropy:0.939122 | factor_gate_topk_mass_5:0.099071 | factor_gate_topk_mass_10:0.179602 | router_layer_0_time_ratio:0.737493 | router_layer_0_factor_ratio:0.262507 | router_layer_0_collapse_ratio:0.000000 | router_layer_0_entropy_norm:0.818951 | router_layer_0_logit_margin:1.051906 | expert_layer_0_time_expert_norm:10.634872 | expert_layer_0_factor_expert_norm:5.109162 | expert_layer_0_time_contrib_norm:7.844915 | expert_layer_0_factor_contrib_norm:1.339379 | expert_layer_0_contrib_norm_ratio:6.219371 | expert_layer_0_expert_cosine:0.007237 | expert_layer_0_time_winner_ratio:1.000000 | router_layer_1_time_ratio:0.724458 | router_layer_1_factor_ratio:0.275542 | router_layer_1_collapse_ratio:0.000000 | router_layer_1_entropy_norm:0.828750 | router_layer_1_logit_margin:1.004744 | expert_layer_1_time_expert_norm:25.375163 | expert_layer_1_factor_expert_norm:5.946765 | expert_layer_1_time_contrib_norm:18.403656 | expert_layer_1_factor_contrib_norm:1.649611 | expert_layer_1_contrib_norm_ratio:12.378072 | expert_layer_1_expert_cosine:0.068413 | expert_layer_1_time_winner_ratio:1.000000 | loss_total:0.027531 | loss_main:0.027500 | loss_listmle:4.715801 | loss_mse:0.027500 | loss_ic:-0.060704 | loss_aux:0.000031 | loss_sparsity:0.000000 | valid_ratio:1.000000 | score_std:0.149713 | label_std:0.045755 | score_label_std_ratio:3.387720 | gate_entropy:0.571050 | time_ratio:0.730975 | ic_pearson_daily:0.060714 | rank_ic_daily:0.068224 | ic_raw:0.060714 | rank_ic:0.068224
| Train 08 | time_embedding_norm:0.139500 | time_embedding_to_value_norm_ratio:0.862640 | time_tau:4.988260 | time_half_life:3.457599 | time_tau_std:0.000198 | time_tau_p10:4.988109 | time_tau_p90:4.988421 | time_tau_range_util:0.000006 | film_gamma_strength:0.069468 | film_beta_strength:0.007335 | factor_gate_mean:0.999858 | factor_gate_std:0.016049 | factor_gate_entropy:0.938810 | factor_gate_topk_mass_5:0.097943 | factor_gate_topk_mass_10:0.178278 | router_layer_0_time_ratio:0.651102 | router_layer_0_factor_ratio:0.348898 | router_layer_0_collapse_ratio:0.000000 | router_layer_0_entropy_norm:0.910131 | router_layer_0_logit_margin:0.659105 | expert_layer_0_time_expert_norm:10.082542 | expert_layer_0_factor_expert_norm:4.930091 | expert_layer_0_time_contrib_norm:6.571526 | expert_layer_0_factor_contrib_norm:1.718892 | expert_layer_0_contrib_norm_ratio:4.221640 | expert_layer_0_expert_cosine:0.006471 | expert_layer_0_time_winner_ratio:0.999989 | router_layer_1_time_ratio:0.697898 | router_layer_1_factor_ratio:0.302102 | router_layer_1_collapse_ratio:0.000047 | router_layer_1_entropy_norm:0.847666 | router_layer_1_logit_margin:0.904949 | expert_layer_1_time_expert_norm:23.570257 | expert_layer_1_factor_expert_norm:7.126941 | expert_layer_1_time_contrib_norm:16.489348 | expert_layer_1_factor_contrib_norm:2.178984 | expert_layer_1_contrib_norm_ratio:9.287568 | expert_layer_1_expert_cosine:0.031742 | expert_layer_1_time_winner_ratio:0.999931 | loss_total:1.361814 | loss_main:1.361767 | loss_listmle:4.705050 | loss_mse:1.361767 | loss_ic:-0.134083 | loss_aux:0.000047 | loss_sparsity:0.000000 | valid_ratio:1.000000 | score_std:0.149097 | label_std:1.165639 | score_label_std_ratio:0.129202 | ic_pearson_batch:0.134086 | ic_raw:0.134086 | rank_ic_batch:0.134265 | rank_ic:0.134265 | gate_entropy:0.609206 | time_ratio:0.674500 | grad_norm:4.350736 | grad_norm_other:1.672149 | grad_norm_time_embedding:3.257167 | grad_norm_factor_film:0.058465 | grad_norm_regime_encoder:0.420103 | grad_norm_router:0.529449 | grad_norm_time_expert:0.523129 | grad_norm_factor_expert:0.495212 | grad_norm_pooling_head:1.906569 | optimizer_steps:2979.000000 | grad_attempt_steps:2979.000000 | grad_skipped_steps:0.000000 | grad_nonfinite_steps:0.000000 | grad_skipped_rate:0.000000 | grad_nonfinite_rate:0.000000 | lr:0.000024 | sampler_epoch:7.000000 | sampler_num_days:2979.000000 | sampler_num_batches:2979.000000 | sampler_batch_size:300.000000 | sampler_total_source_samples:856246.000000 | sampler_total_draws:893700.000000 | sampler_unique_samples:566345.000000 | sampler_coverage_ratio:0.661428 | sampler_coverage_gap_vs_full:0.338572 | sampler_duplicate_draws:327355.000000 | sampler_duplicate_rate:0.366292 | sampler_downsample_days:0.000000 | sampler_upsample_days:2877.000000 | sampler_exact_days:102.000000 | sampler_downsample_day_ratio:0.000000 | sampler_upsample_day_ratio:0.965760
| Valid 08 | time_embedding_norm:0.138940 | time_embedding_to_value_norm_ratio:0.852053 | time_tau:4.988617 | time_half_life:3.457846 | time_tau_std:0.000000 | time_tau_p10:4.988617 | time_tau_p90:4.988617 | time_tau_range_util:0.000000 | film_gamma_strength:0.061396 | film_beta_strength:0.006634 | factor_gate_mean:0.999473 | factor_gate_std:0.014268 | factor_gate_entropy:0.938610 | factor_gate_topk_mass_5:0.098963 | factor_gate_topk_mass_10:0.179872 | router_layer_0_time_ratio:0.724961 | router_layer_0_factor_ratio:0.275039 | router_layer_0_collapse_ratio:0.000000 | router_layer_0_entropy_norm:0.833429 | router_layer_0_logit_margin:0.998271 | expert_layer_0_time_expert_norm:10.473623 | expert_layer_0_factor_expert_norm:5.189641 | expert_layer_0_time_contrib_norm:7.594277 | expert_layer_0_factor_contrib_norm:1.425893 | expert_layer_0_contrib_norm_ratio:5.715668 | expert_layer_0_expert_cosine:0.007139 | expert_layer_0_time_winner_ratio:0.999973 | router_layer_1_time_ratio:0.686261 | router_layer_1_factor_ratio:0.313739 | router_layer_1_collapse_ratio:0.000000 | router_layer_1_entropy_norm:0.879388 | router_layer_1_logit_margin:0.819164 | expert_layer_1_time_expert_norm:24.390967 | expert_layer_1_factor_expert_norm:6.762082 | expert_layer_1_time_contrib_norm:16.764153 | expert_layer_1_factor_contrib_norm:2.142548 | expert_layer_1_contrib_norm_ratio:8.625086 | expert_layer_1_expert_cosine:0.052392 | expert_layer_1_time_winner_ratio:0.996648 | loss_total:0.050226 | loss_main:0.050128 | loss_listmle:4.724000 | loss_mse:0.050128 | loss_ic:-0.061801 | loss_aux:0.000098 | loss_sparsity:0.000000 | valid_ratio:1.000000 | score_std:0.207228 | label_std:0.045755 | score_label_std_ratio:4.664249 | gate_entropy:0.593617 | time_ratio:0.705611 | ic_pearson_daily:0.061808 | rank_ic_daily:0.069518 | ic_raw:0.061808 | rank_ic:0.069518
| Train 09 | time_embedding_norm:0.138452 | time_embedding_to_value_norm_ratio:0.850700 | time_tau:4.985253 | time_half_life:3.455514 | time_tau_std:0.000203 | time_tau_p10:4.985091 | time_tau_p90:4.985413 | time_tau_range_util:0.000007 | film_gamma_strength:0.070323 | film_beta_strength:0.007465 | factor_gate_mean:0.999889 | factor_gate_std:0.016266 | factor_gate_entropy:0.938490 | factor_gate_topk_mass_5:0.098414 | factor_gate_topk_mass_10:0.178465 | router_layer_0_time_ratio:0.642621 | router_layer_0_factor_ratio:0.357379 | router_layer_0_collapse_ratio:0.000000 | router_layer_0_entropy_norm:0.912427 | router_layer_0_logit_margin:0.637213 | expert_layer_0_time_expert_norm:10.368870 | expert_layer_0_factor_expert_norm:4.899497 | expert_layer_0_time_contrib_norm:6.669211 | expert_layer_0_factor_contrib_norm:1.750872 | expert_layer_0_contrib_norm_ratio:4.290925 | expert_layer_0_expert_cosine:0.007638 | expert_layer_0_time_winner_ratio:0.999981 | router_layer_1_time_ratio:0.690244 | router_layer_1_factor_ratio:0.309756 | router_layer_1_collapse_ratio:0.000389 | router_layer_1_entropy_norm:0.861318 | router_layer_1_logit_margin:0.860348 | expert_layer_1_time_expert_norm:24.421455 | expert_layer_1_factor_expert_norm:7.800502 | expert_layer_1_time_contrib_norm:16.899389 | expert_layer_1_factor_contrib_norm:2.446992 | expert_layer_1_contrib_norm_ratio:8.277724 | expert_layer_1_expert_cosine:0.031388 | expert_layer_1_time_winner_ratio:0.999684 | loss_total:1.361201 | loss_main:1.361152 | loss_listmle:4.704056 | loss_mse:1.361152 | loss_ic:-0.138639 | loss_aux:0.000050 | loss_sparsity:0.000000 | valid_ratio:1.000000 | score_std:0.156121 | label_std:1.166157 | score_label_std_ratio:0.135347 | ic_pearson_batch:0.138641 | ic_raw:0.138641 | rank_ic_batch:0.138774 | rank_ic:0.138774 | gate_entropy:0.614733 | time_ratio:0.666433 | grad_norm:4.561725 | grad_norm_other:1.807667 | grad_norm_time_embedding:3.417450 | grad_norm_factor_film:0.063909 | grad_norm_regime_encoder:0.465949 | grad_norm_router:0.605785 | grad_norm_time_expert:0.548693 | grad_norm_factor_expert:0.554284 | grad_norm_pooling_head:1.899871 | grad_nonfinite_tensors:1.000000 | grad_nonfinite_values:2.000000 | optimizer_steps:2977.000000 | grad_attempt_steps:2979.000000 | grad_skipped_steps:2.000000 | grad_nonfinite_steps:2.000000 | grad_skipped_rate:0.000671 | grad_nonfinite_rate:0.000671 | lr:0.000019 | sampler_epoch:8.000000 | sampler_num_days:2979.000000 | sampler_num_batches:2979.000000 | sampler_batch_size:300.000000 | sampler_total_source_samples:856246.000000 | sampler_total_draws:893700.000000 | sampler_unique_samples:566325.000000 | sampler_coverage_ratio:0.661405 | sampler_coverage_gap_vs_full:0.338595 | sampler_duplicate_draws:327375.000000 | sampler_duplicate_rate:0.366314 | sampler_downsample_days:0.000000 | sampler_upsample_days:2877.000000 | sampler_exact_days:102.000000 | sampler_downsample_day_ratio:0.000000 | sampler_upsample_day_ratio:0.965760
| Valid 09 | time_embedding_norm:0.138326 | time_embedding_to_value_norm_ratio:0.844182 | time_tau:4.984609 | time_half_life:3.455068 | time_tau_std:0.000000 | time_tau_p10:4.984609 | time_tau_p90:4.984609 | time_tau_range_util:0.000000 | film_gamma_strength:0.063273 | film_beta_strength:0.006859 | factor_gate_mean:0.999442 | factor_gate_std:0.014564 | factor_gate_entropy:0.938522 | factor_gate_topk_mass_5:0.100094 | factor_gate_topk_mass_10:0.180993 | router_layer_0_time_ratio:0.727412 | router_layer_0_factor_ratio:0.272588 | router_layer_0_collapse_ratio:0.000000 | router_layer_0_entropy_norm:0.827895 | router_layer_0_logit_margin:1.016039 | expert_layer_0_time_expert_norm:10.673264 | expert_layer_0_factor_expert_norm:5.105463 | expert_layer_0_time_contrib_norm:7.764990 | expert_layer_0_factor_contrib_norm:1.390166 | expert_layer_0_contrib_norm_ratio:6.037750 | expert_layer_0_expert_cosine:0.003441 | expert_layer_0_time_winner_ratio:0.999951 | router_layer_1_time_ratio:0.730339 | router_layer_1_factor_ratio:0.269661 | router_layer_1_collapse_ratio:0.000000 | router_layer_1_entropy_norm:0.822601 | router_layer_1_logit_margin:1.032237 | expert_layer_1_time_expert_norm:25.219228 | expert_layer_1_factor_expert_norm:7.655325 | expert_layer_1_time_contrib_norm:18.445278 | expert_layer_1_factor_contrib_norm:2.079281 | expert_layer_1_contrib_norm_ratio:9.789630 | expert_layer_1_expert_cosine:0.034727 | expert_layer_1_time_winner_ratio:0.999349 | loss_total:0.028163 | loss_main:0.028141 | loss_listmle:4.717608 | loss_mse:0.028141 | loss_ic:-0.061418 | loss_aux:0.000022 | loss_sparsity:0.000000 | valid_ratio:1.000000 | score_std:0.145439 | label_std:0.045755 | score_label_std_ratio:3.296951 | gate_entropy:0.572018 | time_ratio:0.728876 | ic_pearson_daily:0.061429 | rank_ic_daily:0.067741 | ic_raw:0.061429 | rank_ic:0.067741
| Train 10 | time_embedding_norm:0.137812 | time_embedding_to_value_norm_ratio:0.843546 | time_tau:4.984910 | time_half_life:3.455277 | time_tau_std:0.000231 | time_tau_p10:4.984725 | time_tau_p90:4.985090 | time_tau_range_util:0.000007 | film_gamma_strength:0.070778 | film_beta_strength:0.007592 | factor_gate_mean:0.999898 | factor_gate_std:0.016314 | factor_gate_entropy:0.938818 | factor_gate_topk_mass_5:0.098820 | factor_gate_topk_mass_10:0.179022 | router_layer_0_time_ratio:0.639828 | router_layer_0_factor_ratio:0.360172 | router_layer_0_collapse_ratio:0.000000 | router_layer_0_entropy_norm:0.912587 | router_layer_0_logit_margin:0.633213 | expert_layer_0_time_expert_norm:10.481421 | expert_layer_0_factor_expert_norm:4.852294 | expert_layer_0_time_contrib_norm:6.711625 | expert_layer_0_factor_contrib_norm:1.748293 | expert_layer_0_contrib_norm_ratio:4.363646 | expert_layer_0_expert_cosine:0.004012 | expert_layer_0_time_winner_ratio:0.999993 | router_layer_1_time_ratio:0.684477 | router_layer_1_factor_ratio:0.315523 | router_layer_1_collapse_ratio:0.000000 | router_layer_1_entropy_norm:0.863247 | router_layer_1_logit_margin:0.848827 | expert_layer_1_time_expert_norm:24.126042 | expert_layer_1_factor_expert_norm:8.090083 | expert_layer_1_time_contrib_norm:16.563325 | expert_layer_1_factor_contrib_norm:2.585271 | expert_layer_1_contrib_norm_ratio:7.776201 | expert_layer_1_expert_cosine:0.022680 | expert_layer_1_time_winner_ratio:0.999746 | loss_total:1.358830 | loss_main:1.358770 | loss_listmle:4.704178 | loss_mse:1.358770 | loss_ic:-0.140484 | loss_aux:0.000060 | loss_sparsity:0.000000 | valid_ratio:1.000000 | score_std:0.155707 | label_std:1.165976 | score_label_std_ratio:0.134935 | ic_pearson_batch:0.140485 | ic_raw:0.140485 | rank_ic_batch:0.139463 | rank_ic:0.139463 | gate_entropy:0.615457 | time_ratio:0.662153 | grad_norm:4.394727 | grad_norm_other:1.821836 | grad_norm_time_embedding:3.232723 | grad_norm_factor_film:0.064405 | grad_norm_regime_encoder:0.478167 | grad_norm_router:0.633522 | grad_norm_time_expert:0.555902 | grad_norm_factor_expert:0.554091 | grad_norm_pooling_head:1.826693 | optimizer_steps:2979.000000 | grad_attempt_steps:2979.000000 | grad_skipped_steps:0.000000 | grad_nonfinite_steps:0.000000 | grad_skipped_rate:0.000000 | grad_nonfinite_rate:0.000000 | lr:0.000014 | sampler_epoch:9.000000 | sampler_num_days:2979.000000 | sampler_num_batches:2979.000000 | sampler_batch_size:300.000000 | sampler_total_source_samples:856246.000000 | sampler_total_draws:893700.000000 | sampler_unique_samples:566350.000000 | sampler_coverage_ratio:0.661434 | sampler_coverage_gap_vs_full:0.338566 | sampler_duplicate_draws:327350.000000 | sampler_duplicate_rate:0.366286 | sampler_downsample_days:0.000000 | sampler_upsample_days:2877.000000 | sampler_exact_days:102.000000 | sampler_downsample_day_ratio:0.000000 | sampler_upsample_day_ratio:0.965760
| Valid 10 | time_embedding_norm:0.137504 | time_embedding_to_value_norm_ratio:0.836518 | time_tau:4.984527 | time_half_life:3.455011 | time_tau_std:0.000000 | time_tau_p10:4.984527 | time_tau_p90:4.984527 | time_tau_range_util:0.000000 | film_gamma_strength:0.063148 | film_beta_strength:0.006960 | factor_gate_mean:0.999382 | factor_gate_std:0.014633 | factor_gate_entropy:0.939379 | factor_gate_topk_mass_5:0.100060 | factor_gate_topk_mass_10:0.180941 | router_layer_0_time_ratio:0.736323 | router_layer_0_factor_ratio:0.263677 | router_layer_0_collapse_ratio:0.000000 | router_layer_0_entropy_norm:0.813831 | router_layer_0_logit_margin:1.065600 | expert_layer_0_time_expert_norm:11.011366 | expert_layer_0_factor_expert_norm:5.074315 | expert_layer_0_time_contrib_norm:8.108854 | expert_layer_0_factor_contrib_norm:1.336833 | expert_layer_0_contrib_norm_ratio:6.595407 | expert_layer_0_expert_cosine:0.003722 | expert_layer_0_time_winner_ratio:0.999934 | router_layer_1_time_ratio:0.727074 | router_layer_1_factor_ratio:0.272926 | router_layer_1_collapse_ratio:0.000000 | router_layer_1_entropy_norm:0.829316 | router_layer_1_logit_margin:1.011350 | expert_layer_1_time_expert_norm:26.676727 | expert_layer_1_factor_expert_norm:7.659834 | expert_layer_1_time_contrib_norm:19.423863 | expert_layer_1_factor_contrib_norm:2.109000 | expert_layer_1_contrib_norm_ratio:10.103544 | expert_layer_1_expert_cosine:0.039263 | expert_layer_1_time_winner_ratio:0.999765 | loss_total:0.035619 | loss_main:0.035595 | loss_listmle:4.718946 | loss_mse:0.035595 | loss_ic:-0.062698 | loss_aux:0.000024 | loss_sparsity:0.000000 | valid_ratio:1.000000 | score_std:0.171892 | label_std:0.045755 | score_label_std_ratio:3.893193 | gate_entropy:0.569471 | time_ratio:0.731699 | ic_pearson_daily:0.062707 | rank_ic_daily:0.070922 | ic_raw:0.062707 | rank_ic:0.070922
| Train 11 | time_embedding_norm:0.137227 | time_embedding_to_value_norm_ratio:0.837820 | time_tau:4.984896 | time_half_life:3.455267 | time_tau_std:0.000243 | time_tau_p10:4.984710 | time_tau_p90:4.985100 | time_tau_range_util:0.000008 | film_gamma_strength:0.070877 | film_beta_strength:0.007615 | factor_gate_mean:0.999925 | factor_gate_std:0.016363 | factor_gate_entropy:0.939775 | factor_gate_topk_mass_5:0.098836 | factor_gate_topk_mass_10:0.178935 | router_layer_0_time_ratio:0.639816 | router_layer_0_factor_ratio:0.360184 | router_layer_0_collapse_ratio:0.000000 | router_layer_0_entropy_norm:0.909633 | router_layer_0_logit_margin:0.643880 | expert_layer_0_time_expert_norm:10.633159 | expert_layer_0_factor_expert_norm:4.811894 | expert_layer_0_time_contrib_norm:6.807697 | expert_layer_0_factor_contrib_norm:1.734027 | expert_layer_0_contrib_norm_ratio:4.510192 | expert_layer_0_expert_cosine:0.005699 | expert_layer_0_time_winner_ratio:0.999994 | router_layer_1_time_ratio:0.689112 | router_layer_1_factor_ratio:0.310888 | router_layer_1_collapse_ratio:0.000010 | router_layer_1_entropy_norm:0.861992 | router_layer_1_logit_margin:0.857385 | expert_layer_1_time_expert_norm:24.522313 | expert_layer_1_factor_expert_norm:8.265193 | expert_layer_1_time_contrib_norm:16.953723 | expert_layer_1_factor_contrib_norm:2.605995 | expert_layer_1_contrib_norm_ratio:7.782954 | expert_layer_1_expert_cosine:0.019725 | expert_layer_1_time_winner_ratio:0.999868 | loss_total:1.357384 | loss_main:1.357339 | loss_listmle:4.703941 | loss_mse:1.357339 | loss_ic:-0.142248 | loss_aux:0.000045 | loss_sparsity:0.000000 | valid_ratio:1.000000 | score_std:0.160107 | label_std:1.165952 | score_label_std_ratio:0.138779 | ic_pearson_batch:0.142250 | ic_raw:0.142250 | rank_ic_batch:0.142388 | rank_ic:0.142388 | gate_entropy:0.613998 | time_ratio:0.664464 | grad_norm:4.560799 | grad_norm_other:1.961200 | grad_norm_time_embedding:3.353355 | grad_norm_factor_film:0.069535 | grad_norm_regime_encoder:0.516581 | grad_norm_router:0.688695 | grad_norm_time_expert:0.590845 | grad_norm_factor_expert:0.569898 | grad_norm_pooling_head:1.818906 | grad_nonfinite_tensors:1.500000 | grad_nonfinite_values:3.500000 | optimizer_steps:2977.000000 | grad_attempt_steps:2979.000000 | grad_skipped_steps:2.000000 | grad_nonfinite_steps:2.000000 | grad_skipped_rate:0.000671 | grad_nonfinite_rate:0.000671 | lr:0.000009 | sampler_epoch:10.000000 | sampler_num_days:2979.000000 | sampler_num_batches:2979.000000 | sampler_batch_size:300.000000 | sampler_total_source_samples:856246.000000 | sampler_total_draws:893700.000000 | sampler_unique_samples:566695.000000 | sampler_coverage_ratio:0.661837 | sampler_coverage_gap_vs_full:0.338163 | sampler_duplicate_draws:327005.000000 | sampler_duplicate_rate:0.365900 | sampler_downsample_days:0.000000 | sampler_upsample_days:2877.000000 | sampler_exact_days:102.000000 | sampler_downsample_day_ratio:0.000000 | sampler_upsample_day_ratio:0.965760
| Valid 11 | time_embedding_norm:0.137061 | time_embedding_to_value_norm_ratio:0.832747 | time_tau:4.984477 | time_half_life:3.454976 | time_tau_std:0.000000 | time_tau_p10:4.984477 | time_tau_p90:4.984477 | time_tau_range_util:0.000000 | film_gamma_strength:0.063926 | film_beta_strength:0.007065 | factor_gate_mean:0.999385 | factor_gate_std:0.014768 | factor_gate_entropy:0.939969 | factor_gate_topk_mass_5:0.100221 | factor_gate_topk_mass_10:0.180960 | router_layer_0_time_ratio:0.734727 | router_layer_0_factor_ratio:0.265273 | router_layer_0_collapse_ratio:0.000000 | router_layer_0_entropy_norm:0.815832 | router_layer_0_logit_margin:1.057919 | expert_layer_0_time_expert_norm:10.938084 | expert_layer_0_factor_expert_norm:5.033578 | expert_layer_0_time_contrib_norm:8.037114 | expert_layer_0_factor_contrib_norm:1.333849 | expert_layer_0_contrib_norm_ratio:6.555282 | expert_layer_0_expert_cosine:0.006108 | expert_layer_0_time_winner_ratio:0.999858 | router_layer_1_time_ratio:0.731282 | router_layer_1_factor_ratio:0.268718 | router_layer_1_collapse_ratio:0.000000 | router_layer_1_entropy_norm:0.823597 | router_layer_1_logit_margin:1.032748 | expert_layer_1_time_expert_norm:27.380916 | expert_layer_1_factor_expert_norm:7.799120 | expert_layer_1_time_contrib_norm:20.054136 | expert_layer_1_factor_contrib_norm:2.114086 | expert_layer_1_contrib_norm_ratio:10.387637 | expert_layer_1_expert_cosine:0.029614 | expert_layer_1_time_winner_ratio:0.999912 | loss_total:0.046470 | loss_main:0.046446 | loss_listmle:4.724418 | loss_mse:0.046446 | loss_ic:-0.065252 | loss_aux:0.000024 | loss_sparsity:0.000000 | valid_ratio:1.000000 | score_std:0.201997 | label_std:0.045755 | score_label_std_ratio:4.578900 | gate_entropy:0.568183 | time_ratio:0.733005 | ic_pearson_daily:0.065260 | rank_ic_daily:0.073761 | ic_raw:0.065260 | rank_ic:0.073761
| Train 12 | time_embedding_norm:0.136834 | time_embedding_to_value_norm_ratio:0.834500 | time_tau:4.982114 | time_half_life:3.453338 | time_tau_std:0.000249 | time_tau_p10:4.981924 | time_tau_p90:4.982312 | time_tau_range_util:0.000008 | film_gamma_strength:0.071666 | film_beta_strength:0.007706 | factor_gate_mean:0.999935 | factor_gate_std:0.016552 | factor_gate_entropy:0.940365 | factor_gate_topk_mass_5:0.098876 | factor_gate_topk_mass_10:0.178805 | router_layer_0_time_ratio:0.630104 | router_layer_0_factor_ratio:0.369896 | router_layer_0_collapse_ratio:0.000000 | router_layer_0_entropy_norm:0.914133 | router_layer_0_logit_margin:0.619478 | expert_layer_0_time_expert_norm:10.624258 | expert_layer_0_factor_expert_norm:4.832380 | expert_layer_0_time_contrib_norm:6.699214 | expert_layer_0_factor_contrib_norm:1.788527 | expert_layer_0_contrib_norm_ratio:4.349399 | expert_layer_0_expert_cosine:0.005712 | expert_layer_0_time_winner_ratio:0.999914 | router_layer_1_time_ratio:0.693165 | router_layer_1_factor_ratio:0.306835 | router_layer_1_collapse_ratio:0.000000 | router_layer_1_entropy_norm:0.858790 | router_layer_1_logit_margin:0.872326 | expert_layer_1_time_expert_norm:25.335215 | expert_layer_1_factor_expert_norm:8.625558 | expert_layer_1_time_contrib_norm:17.618303 | expert_layer_1_factor_contrib_norm:2.687608 | expert_layer_1_contrib_norm_ratio:7.846360 | expert_layer_1_expert_cosine:0.012266 | expert_layer_1_time_winner_ratio:0.999242 | loss_total:1.355122 | loss_main:1.355074 | loss_listmle:4.703436 | loss_mse:1.355074 | loss_ic:-0.147583 | loss_aux:0.000048 | loss_sparsity:0.000000 | valid_ratio:1.000000 | score_std:0.170860 | label_std:1.166138 | score_label_std_ratio:0.148051 | ic_pearson_batch:0.147585 | ic_raw:0.147585 | rank_ic_batch:0.146964 | rank_ic:0.146964 | gate_entropy:0.614448 | time_ratio:0.661634 | grad_norm:5.009480 | grad_norm_other:2.143713 | grad_norm_time_embedding:3.771092 | grad_norm_factor_film:0.076088 | grad_norm_regime_encoder:0.572372 | grad_norm_router:0.776106 | grad_norm_time_expert:0.643297 | grad_norm_factor_expert:0.667342 | grad_norm_pooling_head:1.828173 | grad_nonfinite_tensors:2.000000 | grad_nonfinite_values:3.000000 | optimizer_steps:2978.000000 | grad_attempt_steps:2979.000000 | grad_skipped_steps:1.000000 | grad_nonfinite_steps:1.000000 | grad_skipped_rate:0.000336 | grad_nonfinite_rate:0.000336 | lr:0.000005 | sampler_epoch:11.000000 | sampler_num_days:2979.000000 | sampler_num_batches:2979.000000 | sampler_batch_size:300.000000 | sampler_total_source_samples:856246.000000 | sampler_total_draws:893700.000000 | sampler_unique_samples:566524.000000 | sampler_coverage_ratio:0.661637 | sampler_coverage_gap_vs_full:0.338363 | sampler_duplicate_draws:327176.000000 | sampler_duplicate_rate:0.366092 | sampler_downsample_days:0.000000 | sampler_upsample_days:2877.000000 | sampler_exact_days:102.000000 | sampler_downsample_day_ratio:0.000000 | sampler_upsample_day_ratio:0.965760
| Valid 12 | time_embedding_norm:0.136785 | time_embedding_to_value_norm_ratio:0.830316 | time_tau:4.980614 | time_half_life:3.452299 | time_tau_std:0.000000 | time_tau_p10:4.980614 | time_tau_p90:4.980614 | time_tau_range_util:0.000000 | film_gamma_strength:0.064366 | film_beta_strength:0.007105 | factor_gate_mean:0.999407 | factor_gate_std:0.014861 | factor_gate_entropy:0.940072 | factor_gate_topk_mass_5:0.100381 | factor_gate_topk_mass_10:0.181086 | router_layer_0_time_ratio:0.737017 | router_layer_0_factor_ratio:0.262983 | router_layer_0_collapse_ratio:0.000000 | router_layer_0_entropy_norm:0.811504 | router_layer_0_logit_margin:1.072555 | expert_layer_0_time_expert_norm:10.999276 | expert_layer_0_factor_expert_norm:5.040395 | expert_layer_0_time_contrib_norm:8.107475 | expert_layer_0_factor_contrib_norm:1.324066 | expert_layer_0_contrib_norm_ratio:6.687757 | expert_layer_0_expert_cosine:0.005446 | expert_layer_0_time_winner_ratio:0.999518 | router_layer_1_time_ratio:0.712154 | router_layer_1_factor_ratio:0.287846 | router_layer_1_collapse_ratio:0.000000 | router_layer_1_entropy_norm:0.849126 | router_layer_1_logit_margin:0.940570 | expert_layer_1_time_expert_norm:27.207094 | expert_layer_1_factor_expert_norm:7.950048 | expert_layer_1_time_contrib_norm:19.410994 | expert_layer_1_factor_contrib_norm:2.307655 | expert_layer_1_contrib_norm_ratio:9.186226 | expert_layer_1_expert_cosine:0.033675 | expert_layer_1_time_winner_ratio:0.998055 | loss_total:0.037997 | loss_main:0.037962 | loss_listmle:4.718895 | loss_mse:0.037962 | loss_ic:-0.065640 | loss_aux:0.000036 | loss_sparsity:0.000000 | valid_ratio:1.000000 | score_std:0.165743 | label_std:0.045755 | score_label_std_ratio:3.764506 | gate_entropy:0.575530 | time_ratio:0.724585 | ic_pearson_daily:0.065649 | rank_ic_daily:0.073510 | ic_raw:0.065649 | rank_ic:0.073510
| Train 13 | time_embedding_norm:0.136618 | time_embedding_to_value_norm_ratio:0.833087 | time_tau:4.981073 | time_half_life:3.452617 | time_tau_std:0.000257 | time_tau_p10:4.980875 | time_tau_p90:4.981270 | time_tau_range_util:0.000008 | film_gamma_strength:0.072257 | film_beta_strength:0.007750 | factor_gate_mean:0.999951 | factor_gate_std:0.016660 | factor_gate_entropy:0.940632 | factor_gate_topk_mass_5:0.098727 | factor_gate_topk_mass_10:0.178716 | router_layer_0_time_ratio:0.628711 | router_layer_0_factor_ratio:0.371289 | router_layer_0_collapse_ratio:0.000000 | router_layer_0_entropy_norm:0.915495 | router_layer_0_logit_margin:0.612593 | expert_layer_0_time_expert_norm:10.617544 | expert_layer_0_factor_expert_norm:4.844267 | expert_layer_0_time_contrib_norm:6.679671 | expert_layer_0_factor_contrib_norm:1.799716 | expert_layer_0_contrib_norm_ratio:4.306174 | expert_layer_0_expert_cosine:0.006569 | expert_layer_0_time_winner_ratio:0.999891 | router_layer_1_time_ratio:0.681404 | router_layer_1_factor_ratio:0.318596 | router_layer_1_collapse_ratio:0.000000 | router_layer_1_entropy_norm:0.871904 | router_layer_1_logit_margin:0.820678 | expert_layer_1_time_expert_norm:25.036541 | expert_layer_1_factor_expert_norm:8.606562 | expert_layer_1_time_contrib_norm:17.118970 | expert_layer_1_factor_contrib_norm:2.789894 | expert_layer_1_contrib_norm_ratio:7.348787 | expert_layer_1_expert_cosine:0.009516 | expert_layer_1_time_winner_ratio:0.999207 | loss_total:1.355088 | loss_main:1.355037 | loss_listmle:4.703326 | loss_mse:1.355037 | loss_ic:-0.148785 | loss_aux:0.000051 | loss_sparsity:0.000000 | valid_ratio:1.000000 | score_std:0.171203 | label_std:1.166243 | score_label_std_ratio:0.148388 | ic_pearson_batch:0.148786 | ic_raw:0.148786 | rank_ic_batch:0.147678 | rank_ic:0.147678 | gate_entropy:0.619465 | time_ratio:0.655057 | grad_norm:5.076868 | grad_norm_other:2.189954 | grad_norm_time_embedding:3.814760 | grad_norm_factor_film:0.078063 | grad_norm_regime_encoder:0.585245 | grad_norm_router:0.785996 | grad_norm_time_expert:0.657426 | grad_norm_factor_expert:0.698752 | grad_norm_pooling_head:1.843155 | optimizer_steps:2979.000000 | grad_attempt_steps:2979.000000 | grad_skipped_steps:0.000000 | grad_nonfinite_steps:0.000000 | grad_skipped_rate:0.000000 | grad_nonfinite_rate:0.000000 | lr:0.000002 | sampler_epoch:12.000000 | sampler_num_days:2979.000000 | sampler_num_batches:2979.000000 | sampler_batch_size:300.000000 | sampler_total_source_samples:856246.000000 | sampler_total_draws:893700.000000 | sampler_unique_samples:565875.000000 | sampler_coverage_ratio:0.660879 | sampler_coverage_gap_vs_full:0.339121 | sampler_duplicate_draws:327825.000000 | sampler_duplicate_rate:0.366818 | sampler_downsample_days:0.000000 | sampler_upsample_days:2877.000000 | sampler_exact_days:102.000000 | sampler_downsample_day_ratio:0.000000 | sampler_upsample_day_ratio:0.965760
| Valid 13 | time_embedding_norm:0.136584 | time_embedding_to_value_norm_ratio:0.828998 | time_tau:4.980595 | time_half_life:3.452286 | time_tau_std:0.000000 | time_tau_p10:4.980595 | time_tau_p90:4.980595 | time_tau_range_util:0.000000 | film_gamma_strength:0.064280 | film_beta_strength:0.007097 | factor_gate_mean:0.999403 | factor_gate_std:0.014829 | factor_gate_entropy:0.940329 | factor_gate_topk_mass_5:0.100180 | factor_gate_topk_mass_10:0.180941 | router_layer_0_time_ratio:0.735735 | router_layer_0_factor_ratio:0.264265 | router_layer_0_collapse_ratio:0.000000 | router_layer_0_entropy_norm:0.812870 | router_layer_0_logit_margin:1.067142 | expert_layer_0_time_expert_norm:10.996612 | expert_layer_0_factor_expert_norm:5.077222 | expert_layer_0_time_contrib_norm:8.091393 | expert_layer_0_factor_contrib_norm:1.340335 | expert_layer_0_contrib_norm_ratio:6.607039 | expert_layer_0_expert_cosine:0.004854 | expert_layer_0_time_winner_ratio:0.999069 | router_layer_1_time_ratio:0.725600 | router_layer_1_factor_ratio:0.274400 | router_layer_1_collapse_ratio:0.000000 | router_layer_1_entropy_norm:0.832230 | router_layer_1_logit_margin:1.003154 | expert_layer_1_time_expert_norm:27.119182 | expert_layer_1_factor_expert_norm:8.015239 | expert_layer_1_time_contrib_norm:19.709622 | expert_layer_1_factor_contrib_norm:2.221083 | expert_layer_1_contrib_norm_ratio:9.703673 | expert_layer_1_expert_cosine:0.023980 | expert_layer_1_time_winner_ratio:0.998757 | loss_total:0.038838 | loss_main:0.038812 | loss_listmle:4.719235 | loss_mse:0.038812 | loss_ic:-0.065835 | loss_aux:0.000025 | loss_sparsity:0.000000 | valid_ratio:1.000000 | score_std:0.176520 | label_std:0.045755 | score_label_std_ratio:4.005553 | gate_entropy:0.570148 | time_ratio:0.730667 | ic_pearson_daily:0.065844 | rank_ic_daily:0.074969 | ic_raw:0.065844 | rank_ic:0.074969
| Train 14 | time_embedding_norm:0.136551 | time_embedding_to_value_norm_ratio:0.832374 | time_tau:4.981072 | time_half_life:3.452616 | time_tau_std:0.000259 | time_tau_p10:4.980870 | time_tau_p90:4.981276 | time_tau_range_util:0.000008 | film_gamma_strength:0.072375 | film_beta_strength:0.007772 | factor_gate_mean:0.999953 | factor_gate_std:0.016686 | factor_gate_entropy:0.940843 | factor_gate_topk_mass_5:0.098682 | factor_gate_topk_mass_10:0.178689 | router_layer_0_time_ratio:0.628513 | router_layer_0_factor_ratio:0.371487 | router_layer_0_collapse_ratio:0.000000 | router_layer_0_entropy_norm:0.915442 | router_layer_0_logit_margin:0.613192 | expert_layer_0_time_expert_norm:10.593474 | expert_layer_0_factor_expert_norm:4.850347 | expert_layer_0_time_contrib_norm:6.662068 | expert_layer_0_factor_contrib_norm:1.803034 | expert_layer_0_contrib_norm_ratio:4.288865 | expert_layer_0_expert_cosine:0.006109 | expert_layer_0_time_winner_ratio:0.999858 | router_layer_1_time_ratio:0.680290 | router_layer_1_factor_ratio:0.319710 | router_layer_1_collapse_ratio:0.000000 | router_layer_1_entropy_norm:0.874004 | router_layer_1_logit_margin:0.813559 | expert_layer_1_time_expert_norm:24.704678 | expert_layer_1_factor_expert_norm:8.642094 | expert_layer_1_time_contrib_norm:16.865301 | expert_layer_1_factor_contrib_norm:2.813351 | expert_layer_1_contrib_norm_ratio:7.165534 | expert_layer_1_expert_cosine:0.003894 | expert_layer_1_time_winner_ratio:0.998919 | loss_total:1.351524 | loss_main:1.351474 | loss_listmle:4.702978 | loss_mse:1.351474 | loss_ic:-0.149698 | loss_aux:0.000049 | loss_sparsity:0.000000 | valid_ratio:1.000000 | score_std:0.170532 | label_std:1.165500 | score_label_std_ratio:0.147865 | ic_pearson_batch:0.149700 | ic_raw:0.149700 | rank_ic_batch:0.148062 | rank_ic:0.148062 | gate_entropy:0.620175 | time_ratio:0.654402 | grad_norm:5.010352 | grad_norm_other:2.168170 | grad_norm_time_embedding:3.778982 | grad_norm_factor_film:0.077609 | grad_norm_regime_encoder:0.576825 | grad_norm_router:0.767099 | grad_norm_time_expert:0.648672 | grad_norm_factor_expert:0.698934 | grad_norm_pooling_head:1.777022 | grad_nonfinite_tensors:2.000000 | grad_nonfinite_values:3.000000 | optimizer_steps:2977.000000 | grad_attempt_steps:2979.000000 | grad_skipped_steps:2.000000 | grad_nonfinite_steps:2.000000 | grad_skipped_rate:0.000671 | grad_nonfinite_rate:0.000671 | lr:0.000001 | sampler_epoch:13.000000 | sampler_num_days:2979.000000 | sampler_num_batches:2979.000000 | sampler_batch_size:300.000000 | sampler_total_source_samples:856246.000000 | sampler_total_draws:893700.000000 | sampler_unique_samples:566008.000000 | sampler_coverage_ratio:0.661034 | sampler_coverage_gap_vs_full:0.338966 | sampler_duplicate_draws:327692.000000 | sampler_duplicate_rate:0.366669 | sampler_downsample_days:0.000000 | sampler_upsample_days:2877.000000 | sampler_exact_days:102.000000 | sampler_downsample_day_ratio:0.000000 | sampler_upsample_day_ratio:0.965760
| Valid 14 | time_embedding_norm:0.136523 | time_embedding_to_value_norm_ratio:0.828536 | time_tau:4.980589 | time_half_life:3.452281 | time_tau_std:0.000000 | time_tau_p10:4.980589 | time_tau_p90:4.980589 | time_tau_range_util:0.000000 | film_gamma_strength:0.064548 | film_beta_strength:0.007128 | factor_gate_mean:0.999402 | factor_gate_std:0.014889 | factor_gate_entropy:0.940479 | factor_gate_topk_mass_5:0.100171 | factor_gate_topk_mass_10:0.180895 | router_layer_0_time_ratio:0.736165 | router_layer_0_factor_ratio:0.263835 | router_layer_0_collapse_ratio:0.000000 | router_layer_0_entropy_norm:0.812058 | router_layer_0_logit_margin:1.069881 | expert_layer_0_time_expert_norm:10.997500 | expert_layer_0_factor_expert_norm:5.051100 | expert_layer_0_time_contrib_norm:8.096692 | expert_layer_0_factor_contrib_norm:1.331365 | expert_layer_0_contrib_norm_ratio:6.659185 | expert_layer_0_expert_cosine:0.005214 | expert_layer_0_time_winner_ratio:0.999037 | router_layer_1_time_ratio:0.719011 | router_layer_1_factor_ratio:0.280989 | router_layer_1_collapse_ratio:0.000000 | router_layer_1_entropy_norm:0.841045 | router_layer_1_logit_margin:0.970998 | expert_layer_1_time_expert_norm:26.981351 | expert_layer_1_factor_expert_norm:7.955398 | expert_layer_1_time_contrib_norm:19.433215 | expert_layer_1_factor_contrib_norm:2.258333 | expert_layer_1_contrib_norm_ratio:9.413575 | expert_layer_1_expert_cosine:0.023197 | expert_layer_1_time_winner_ratio:0.997793 | loss_total:0.042976 | loss_main:0.042946 | loss_listmle:4.720441 | loss_mse:0.042946 | loss_ic:-0.066147 | loss_aux:0.000030 | loss_sparsity:0.000000 | valid_ratio:1.000000 | score_std:0.185317 | label_std:0.045755 | score_label_std_ratio:4.203307 | gate_entropy:0.572922 | time_ratio:0.727588 | ic_pearson_daily:0.066155 | rank_ic_daily:0.075331 | ic_raw:0.066155 | rank_ic:0.075331
| Train 15 | time_embedding_norm:0.136522 | time_embedding_to_value_norm_ratio:0.832019 | time_tau:4.981076 | time_half_life:3.452619 | time_tau_std:0.000260 | time_tau_p10:4.980874 | time_tau_p90:4.981283 | time_tau_range_util:0.000008 | film_gamma_strength:0.072448 | film_beta_strength:0.007781 | factor_gate_mean:0.999952 | factor_gate_std:0.016701 | factor_gate_entropy:0.940901 | factor_gate_topk_mass_5:0.098672 | factor_gate_topk_mass_10:0.178682 | router_layer_0_time_ratio:0.627509 | router_layer_0_factor_ratio:0.372491 | router_layer_0_collapse_ratio:0.000000 | router_layer_0_entropy_norm:0.915897 | router_layer_0_logit_margin:0.611115 | expert_layer_0_time_expert_norm:10.587483 | expert_layer_0_factor_expert_norm:4.842073 | expert_layer_0_time_contrib_norm:6.647775 | expert_layer_0_factor_contrib_norm:1.804890 | expert_layer_0_contrib_norm_ratio:4.279056 | expert_layer_0_expert_cosine:0.006213 | expert_layer_0_time_winner_ratio:0.999844 | router_layer_1_time_ratio:0.680363 | router_layer_1_factor_ratio:0.319637 | router_layer_1_collapse_ratio:0.000000 | router_layer_1_entropy_norm:0.874076 | router_layer_1_logit_margin:0.813335 | expert_layer_1_time_expert_norm:24.629277 | expert_layer_1_factor_expert_norm:8.617150 | expert_layer_1_time_contrib_norm:16.816188 | expert_layer_1_factor_contrib_norm:2.805028 | expert_layer_1_contrib_norm_ratio:7.168384 | expert_layer_1_expert_cosine:0.003687 | expert_layer_1_time_winner_ratio:0.998667 | loss_total:1.354027 | loss_main:1.353977 | loss_listmle:4.703278 | loss_mse:1.353977 | loss_ic:-0.150172 | loss_aux:0.000050 | loss_sparsity:0.000000 | valid_ratio:1.000000 | score_std:0.175631 | label_std:1.166237 | score_label_std_ratio:0.152187 | ic_pearson_batch:0.150174 | ic_raw:0.150174 | rank_ic_batch:0.149162 | rank_ic:0.149162 | gate_entropy:0.620357 | time_ratio:0.653936 | grad_norm:5.308646 | grad_norm_other:2.291610 | grad_norm_time_embedding:4.031893 | grad_norm_factor_film:0.081049 | grad_norm_regime_encoder:0.602636 | grad_norm_router:0.815930 | grad_norm_time_expert:0.682029 | grad_norm_factor_expert:0.741419 | grad_norm_pooling_head:1.852460 | optimizer_steps:2979.000000 | grad_attempt_steps:2979.000000 | grad_skipped_steps:0.000000 | grad_nonfinite_steps:0.000000 | grad_skipped_rate:0.000000 | grad_nonfinite_rate:0.000000 | lr:0.000000 | sampler_epoch:14.000000 | sampler_num_days:2979.000000 | sampler_num_batches:2979.000000 | sampler_batch_size:300.000000 | sampler_total_source_samples:856246.000000 | sampler_total_draws:893700.000000 | sampler_unique_samples:566249.000000 | sampler_coverage_ratio:0.661316 | sampler_coverage_gap_vs_full:0.338684 | sampler_duplicate_draws:327451.000000 | sampler_duplicate_rate:0.366399 | sampler_downsample_days:0.000000 | sampler_upsample_days:2877.000000 | sampler_exact_days:102.000000 | sampler_downsample_day_ratio:0.000000 | sampler_upsample_day_ratio:0.965760
| Valid 15 | time_embedding_norm:0.136522 | time_embedding_to_value_norm_ratio:0.828538 | time_tau:4.980589 | time_half_life:3.452281 | time_tau_std:0.000000 | time_tau_p10:4.980589 | time_tau_p90:4.980589 | time_tau_range_util:0.000000 | film_gamma_strength:0.064577 | film_beta_strength:0.007133 | factor_gate_mean:0.999400 | factor_gate_std:0.014895 | factor_gate_entropy:0.940499 | factor_gate_topk_mass_5:0.100159 | factor_gate_topk_mass_10:0.180880 | router_layer_0_time_ratio:0.735892 | router_layer_0_factor_ratio:0.264108 | router_layer_0_collapse_ratio:0.000000 | router_layer_0_entropy_norm:0.812432 | router_layer_0_logit_margin:1.068524 | expert_layer_0_time_expert_norm:10.992360 | expert_layer_0_factor_expert_norm:5.056192 | expert_layer_0_time_contrib_norm:8.089914 | expert_layer_0_factor_contrib_norm:1.334067 | expert_layer_0_contrib_norm_ratio:6.640976 | expert_layer_0_expert_cosine:0.005272 | expert_layer_0_time_winner_ratio:0.999009 | router_layer_1_time_ratio:0.717628 | router_layer_1_factor_ratio:0.282372 | router_layer_1_collapse_ratio:0.000000 | router_layer_1_entropy_norm:0.842837 | router_layer_1_logit_margin:0.964424 | expert_layer_1_time_expert_norm:26.977845 | expert_layer_1_factor_expert_norm:7.945189 | expert_layer_1_time_contrib_norm:19.393488 | expert_layer_1_factor_contrib_norm:2.266891 | expert_layer_1_contrib_norm_ratio:9.361263 | expert_layer_1_expert_cosine:0.022382 | expert_layer_1_time_winner_ratio:0.997541 | loss_total:0.042644 | loss_main:0.042613 | loss_listmle:4.720785 | loss_mse:0.042613 | loss_ic:-0.066074 | loss_aux:0.000031 | loss_sparsity:0.000000 | valid_ratio:1.000000 | score_std:0.186913 | label_std:0.045755 | score_label_std_ratio:4.239516 | gate_entropy:0.573672 | time_ratio:0.726760 | ic_pearson_daily:0.066082 | rank_ic_daily:0.075195 | ic_raw:0.066082 | rank_ic:0.075195
>>> [Train] restored best checkpoint (valid_rank_ic=0.075331, epoch=14)
>>> [Phase 1.1] Export Spatio-Temporal Visuals...
>>> [Phase 2] Signal Analysis...
'The following are prediction results of the QlibQuantMoE model.'
                          score
datetime   instrument          
2020-07-01 SH600000    0.208618
           SH600004   -0.071838
           SH600009    0.150879
           SH600010    0.018173
           SH600011    0.289062
{'IC': np.float64(0.06616002564749063),
 'ICIR': np.float64(0.46388374962118667),
 'Rank IC': np.float64(0.07532976007920235),
 'Rank ICIR': np.float64(0.5391948397638548)}
>>> [Config] Clip backtest window (pred.pkl datetime range): 2020-07-01~2022-12-31 -> 2020-07-01~2022-12-30
>>> [Phase 3] Backtesting...
'The following are analysis results of benchmark return(1day).'
                       risk
mean              -0.000040
std                0.012572
annualized_return -0.009549
information_ratio -0.049231
max_drawdown      -0.473380
'The following are analysis results of the excess return without cost(1day).'
                       risk
mean               0.001386
std                0.006640
annualized_return  0.329803
information_ratio  3.219575
max_drawdown      -0.054480
'The following are analysis results of the excess return with cost(1day).'
                       risk
mean               0.000734
std                0.006643
annualized_return  0.174613
information_ratio  1.703888
max_drawdown      -0.074369
'The following are analysis results of indicators(1day).'
     value
ffr    1.0
pa     0.0
pos    0.0
>>> [Phase 3.1] Export Qlib Official Graphs...

================================================================================
>>> [Metrics Summary] SignalRecord + PortAnaRecord
================================================================================

[Signal Analysis Metrics]
  IC mean=0.066160, std=0.142622, IR=0.463884
  RankIC mean=0.075330, std=0.139708, IR=0.539195

[Portfolio Analysis Metrics]
                                                  risk
excess_return_without_cost mean               0.001386
                           std                0.006640
                           annualized_return  0.329803
                           information_ratio  3.219575
                           max_drawdown      -0.054480
excess_return_with_cost    mean               0.000734
                           std                0.006643
                           annualized_return  0.174613
                           information_ratio  1.703888
                           max_drawdown      -0.074369

[Indicator Analysis Metrics]
     value
ffr    1.0
pa     0.0
pos    0.0

[Generated Graphs]
  - analysis_position.report_graph: C:\Users\60585\PycharmProjects\qibMacV2\mlruns\325032212672679181\d62e2199c5ba4874b19ef2600fced051/qlib_analysis_position_report_graph.html
  - analysis_position.score_ic_graph: C:\Users\60585\PycharmProjects\qibMacV2\mlruns\325032212672679181\d62e2199c5ba4874b19ef2600fced051/qlib_analysis_position_score_ic_graph.html
  - analysis_position.cumulative_return_graph: C:\Users\60585\PycharmProjects\qibMacV2\mlruns\325032212672679181\d62e2199c5ba4874b19ef2600fced051/qlib_analysis_position_cumulative_return_graph_1.html
  - analysis_position.cumulative_return_graph: C:\Users\60585\PycharmProjects\qibMacV2\mlruns\325032212672679181\d62e2199c5ba4874b19ef2600fced051/qlib_analysis_position_cumulative_return_graph_2.html
  - analysis_position.cumulative_return_graph: C:\Users\60585\PycharmProjects\qibMacV2\mlruns\325032212672679181\d62e2199c5ba4874b19ef2600fced051/qlib_analysis_position_cumulative_return_graph_3.html
  - analysis_position.cumulative_return_graph: C:\Users\60585\PycharmProjects\qibMacV2\mlruns\325032212672679181\d62e2199c5ba4874b19ef2600fced051/qlib_analysis_position_cumulative_return_graph_4.html
  - analysis_position.risk_analysis_graph: C:\Users\60585\PycharmProjects\qibMacV2\mlruns\325032212672679181\d62e2199c5ba4874b19ef2600fced051/qlib_analysis_position_risk_analysis_graph_1.html
  - analysis_position.risk_analysis_graph: C:\Users\60585\PycharmProjects\qibMacV2\mlruns\325032212672679181\d62e2199c5ba4874b19ef2600fced051/qlib_analysis_position_risk_analysis_graph_2.html
  - analysis_position.risk_analysis_graph: C:\Users\60585\PycharmProjects\qibMacV2\mlruns\325032212672679181\d62e2199c5ba4874b19ef2600fced051/qlib_analysis_position_risk_analysis_graph_3.html
  - analysis_position.risk_analysis_graph: C:\Users\60585\PycharmProjects\qibMacV2\mlruns\325032212672679181\d62e2199c5ba4874b19ef2600fced051/qlib_analysis_position_risk_analysis_graph_4.html
  - analysis_position.risk_analysis_graph: C:\Users\60585\PycharmProjects\qibMacV2\mlruns\325032212672679181\d62e2199c5ba4874b19ef2600fced051/qlib_analysis_position_risk_analysis_graph_5.html
  - analysis_position.rank_label_graph: C:\Users\60585\PycharmProjects\qibMacV2\mlruns\325032212672679181\d62e2199c5ba4874b19ef2600fced051/qlib_analysis_position_rank_label_graph_1.html
  - analysis_position.rank_label_graph: C:\Users\60585\PycharmProjects\qibMacV2\mlruns\325032212672679181\d62e2199c5ba4874b19ef2600fced051/qlib_analysis_position_rank_label_graph_2.html
  - analysis_position.rank_label_graph: C:\Users\60585\PycharmProjects\qibMacV2\mlruns\325032212672679181\d62e2199c5ba4874b19ef2600fced051/qlib_analysis_position_rank_label_graph_3.html
  - analysis_model.model_performance_graph: C:\Users\60585\PycharmProjects\qibMacV2\mlruns\325032212672679181\d62e2199c5ba4874b19ef2600fced051/qlib_analysis_model_model_performance_graph_1.html
  - analysis_model.model_performance_graph: C:\Users\60585\PycharmProjects\qibMacV2\mlruns\325032212672679181\d62e2199c5ba4874b19ef2600fced051/qlib_analysis_model_model_performance_graph_2.html
  - analysis_model.model_performance_graph: C:\Users\60585\PycharmProjects\qibMacV2\mlruns\325032212672679181\d62e2199c5ba4874b19ef2600fced051/qlib_analysis_model_model_performance_graph_3.html
  - analysis_model.model_performance_graph: C:\Users\60585\PycharmProjects\qibMacV2\mlruns\325032212672679181\d62e2199c5ba4874b19ef2600fced051/qlib_analysis_model_model_performance_graph_4.html
  - analysis_model.model_performance_graph: C:\Users\60585\PycharmProjects\qibMacV2\mlruns\325032212672679181\d62e2199c5ba4874b19ef2600fced051/qlib_analysis_model_model_performance_graph_5.html
  - analysis_model.model_performance_graph: C:\Users\60585\PycharmProjects\qibMacV2\mlruns\325032212672679181\d62e2199c5ba4874b19ef2600fced051/qlib_analysis_model_model_performance_graph_6.html

[Recorder Objects]
================================================================================

>>> [Diagnostics] Generate minimum required diagnostic matrix...
>>> [Diagnostics] Saved diagnostic_matrix.csv and diagnostic_summary.md
>>> [Phase 4] Generate Paper-level Report...

================================================================================
EXPERIMENT REPORT SUMMARY (d62e2199c5ba4874b19ef2600fced051)
================================================================================
| Model   | Dataset                                   |   IC (mean) |   ICIR |   IC HAC t-stat |   RankIC (mean) |   RankIC IR |   RankIC HAC t-stat | Ann. Return   |   Info Ratio | Max Drawdown   | Turnover   | Gate time_ratio stats                       |
|:--------|:------------------------------------------|------------:|-------:|----------------:|----------------:|------------:|--------------------:|:--------------|-------------:|:---------------|:-----------|:--------------------------------------------|
| RST-MoE | Alpha158 / csi300 / 2008-01-01~2022-12-31 |      0.0662 |   0.46 |             7.8 |          0.0753 |        0.54 |                 9.1 | 17.46%        |          1.7 | -7.44%         | 32.63%     | mean=0.728, std=0.063, p10=0.670, p90=0.775 |
--------------------------------------------------------------------------------
Full Markdown report written to: C:\Users\60585\PycharmProjects\qibMacV2\mlruns\325032212672679181\d62e2199c5ba4874b19ef2600fced051\kdd_report.md
--------------------------------------------------------------------------------
# RST-MoE on Alpha158 / CSI300

## 1. Experimental Setup

- **Data**:
  - Handler: Alpha158
  - Instruments: csi300
  - Train: 2008-01-01 ~ 2020-03-31
  - Valid: 2020-07-01 ~ 2022-12-31
  - Test: 2020-07-01 ~ 2022-12-31
- **Label**: ['Ref($close, -5) / Ref($close, -1) - 1']
  - **Model**:
    - class: QlibQuantMoE
    - d_model=64, n_layers=2, n_heads=4
    - main_loss=mse
    - value_embedding_type=feature_tokenizer
    - feature_tokenizer_add_factor_id=False
    - feature_tokenizer_bias=True
    - feature_tokenizer_init_std=0.02
    - use_feature_selection=False
    - use_alibi=False
- **Training**:
  - lr=5e-05, epochs=15, batch_size=300
  - seed=42
- **Backtest**:
  - strategy: TopkDropoutStrategy, topk=30, n_drop=5
  - benchmark=SH000300, deal_price=close, cost(open/close)=None/None

### 1.1 Full Config (Resolved)

```python
data_conf = {'class': 'TSDatasetH',
 'module_path': 'qlib.data.dataset',
 'kwargs': {'step_len': 8,
            'handler': {'class': 'Alpha158',
                        'module_path': 'qlib.contrib.data.handler',
                        'kwargs': {'start_time': '2008-01-01',
                                   'end_time': '2022-12-31',
                                   'fit_start_time': '2008-01-01',
                                   'fit_end_time': '2020-03-31',
                                   'instruments': 'csi300',
                                   'infer_processors': [{'class': 'RobustZScoreNorm',
                                                         'kwargs': {'fields_group': 'feature',
                                                                    'clip_outlier': True,
                                                                    'fit_start_time': '2008-01-01',
                                                                    'fit_end_time': '2020-03-31'}},
                                                        {'class': 'Fillna', 'kwargs': {'fields_group': 'feature'}}],
                                   'learn_processors': [{'class': 'DropnaLabel'},
                                                        {'class': 'CSZScoreNorm',
                                                         'kwargs': {'fields_group': 'label', 'method': 'robust'}}],
                                   'label': ['Ref($close, -5) / Ref($close, -1) - 1']}},
            'segments': {'train': ('2008-01-01', '2020-03-31'),
                         'valid': ('2020-07-01', '2022-12-31'),
                         'test': ('2020-07-01', '2022-12-31')}}}

model_config = {'d_model': 64,
 'n_heads': 4,
 'n_layers': 2,
 'd_ff': 128,
 'dropout': 0.1,
 'initializer_range': 0.02,
 'num_alphas': 158,
 'context_len': 8,
 'value_embedding_type': 'feature_tokenizer',
 'feature_tokenizer_bias': True,
 'feature_tokenizer_add_factor_id': False,
 'feature_tokenizer_init_std': 0.02,
 'use_regime_time_embedding': True,
 'time_tau_min': 0.5,
 'time_tau_max': 50.0,
 'time_tau_init': 5.0,
 'time_emb_init_std': 0.02,
 'time_decay_normalize': True,
 'use_regime_factor_gate': True,
 'factor_gate_scale': 1.0,
 'factor_gate_shift_scale': 0.2,
 'router_noise': 0.01,
 'router_temperature': 1.0,
 'router_z_loss_coef': 0.01,
 'router_use_layer_summary': True,
 'router_mode': 'learned',
 'use_alibi': False,
 'use_feature_selection': False,
 'selection_reg_lambda': 1e-05,
 'selection_temperature': 0.1,
 'selection_noise_std': 0.5,
 'main_loss': 'mse',
 'loss_weights': {'listmle': 1.0, 'mse': 1.0, 'ic': 1.0, 'rank': 0.0, 'huber': 0.0},
 'mse_normalize': False,
 'rank_topk': 5,
 'huber_delta': 1.0,
 'listmle_tau': 0.8,
 'use_external_macro': True,
 'd_macro_input': 102,
 'regime_macro_dropout': 0.1,
 'regime_internal_mode': 'long',
 'regime_internal_lag': 5,
 'regime_internal_use_batch_stats': False,
 'regime_internal_tail_threshold': 2.0,
 'pooling_alpha': 0.7}

trainer_config = {'lr': 5e-05,
 'n_epochs': 15,
 'batch_size': 300,
 'precision': 'amp_fp16',
 'grad_accum_steps': 1,
 'seed': 42,
 'device': 'auto',
 'deterministic_mode': 'warn',
 'seed_workers': True,
 'train_sampler_mode': 'sampled_daily',
 'sampler_diag': True,
 'train_stop_key': 'loss_main',
 'train_stop_threshold': None,
 'min_epochs': 15,
 'consecutive_k': 999999,
 'num_workers': 0,
 'market_state_path': 'data/market_state_csi300.pkl',
 'market_state_shift': 0,
 'market_state_strict': True,
 'use_warmup': True,
 'warmup_ratio': 0.05,
 'warmup_steps': 0,
 'debug_sanity_check': True,
 'strict_valid_data_key': True,
 'early_stop': 0,
 'min_delta': 0.001,
 'checkpoint_metric': 'valid_rank_ic',
 'checkpoint_mode': 'max',
 'checkpoint_min_delta': 0.0,
 'use_tqdm': False,
 'run_setting': 'full_135'}

port_conf = {'strategy': {'class': 'TopkDropoutStrategy',
              'module_path': 'qlib.contrib.strategy.signal_strategy',
              'kwargs': {'signal': '<PRED>', 'topk': 30, 'n_drop': 5}},
 'backtest': {'start_time': '2020-07-01',
              'end_time': '2022-12-30',
              'account': 100000000,
              'benchmark': 'SH000300',
              'exchange_kwargs': {'freq': 'day', 'deal_price': 'close'}}}
```

## 2. Cross-sectional Forecasting Performance

- **IC (test)**:
  - mean = 0.0662, std = 0.1426, ICIR = 0.46, HAC t-stat = 7.8 (lags=5)
- **RankIC (test)**:
  - mean = 0.0753, std = 0.1397, IR = 0.54, HAC t-stat = 9.1 (lags=5)
- 注：采用 Newey–West(HAC) t-stat 以处理日度序列的自相关/异方差。

### 2.X Regime Bucket Evaluation (test segment)

基于 `market_state`（与训练时相同的宏观状态文件）对 test 交易日做分桶，观察不同市场状态下的预测质量与路由行为差异。

- market_state: `market_state_csi300.pkl`, shift=0, fit_segments=['train'] (fit_days=2979, test_days=611)

- 2×2 分桶（median@fit）：`market_state_corr_pc1_ratio`=0.004828, `market_state_tail_2sigma`=-2.783e-05

| Regime               |   Days |   RankIC_mean |   RankIC_IR |   IC_mean |    IC_IR |   time_ratio_mean |   time_ratio_p10 |   time_ratio_p50 |   time_ratio_p90 |   gate_entropy_mean |   gate_entropy_p10 |   gate_entropy_p50 |   gate_entropy_p90 |   time_tau_mean |   time_tau_p10 |   time_tau_p50 |   time_tau_p90 |   time_half_life_mean |   time_half_life_p10 |   time_half_life_p50 |   time_half_life_p90 |   factor_gate_mean_mean |   factor_gate_mean_p10 |   factor_gate_mean_p50 |   factor_gate_mean_p90 |   factor_gate_std_mean |   factor_gate_std_p10 |   factor_gate_std_p50 |   factor_gate_std_p90 |   factor_gate_entropy_mean |   factor_gate_entropy_p10 |   factor_gate_entropy_p50 |   factor_gate_entropy_p90 |   factor_gate_topk_mass_5_mean |   factor_gate_topk_mass_5_p10 |   factor_gate_topk_mass_5_p50 |   factor_gate_topk_mass_5_p90 |   factor_gate_topk_mass_10_mean |   factor_gate_topk_mass_10_p10 |   factor_gate_topk_mass_10_p50 |   factor_gate_topk_mass_10_p90 |
|:---------------------|-------:|--------------:|------------:|----------:|---------:|------------------:|-----------------:|-----------------:|-----------------:|--------------------:|-------------------:|-------------------:|-------------------:|----------------:|---------------:|---------------:|---------------:|----------------------:|---------------------:|---------------------:|---------------------:|------------------------:|-----------------------:|-----------------------:|-----------------------:|-----------------------:|----------------------:|----------------------:|----------------------:|---------------------------:|--------------------------:|--------------------------:|--------------------------:|-------------------------------:|------------------------------:|------------------------------:|------------------------------:|--------------------------------:|-------------------------------:|-------------------------------:|-------------------------------:|
| High-PC1 / High-Tail |     56 |     0.113038  |    0.80472  | 0.109483  | 0.80679  |          0.665428 |         0.577874 |         0.694277 |         0.74337  |            0.611737 |           0.567273 |           0.609514 |           0.663391 |         4.98104 |        4.98015 |        4.98015 |        4.98401 |               3.4526  |              3.45197 |              3.45197 |              3.45465 |                0.99879  |               0.997052 |               0.998416 |                1.00101 |              0.0154942 |            0.00739652 |             0.0146668 |             0.0248247 |                   0.941287 |                  0.936788 |                  0.941201 |                  0.947388 |                      0.0989186 |                     0.0918079 |                      0.10052  |                      0.103411 |                        0.178743 |                       0.169247 |                       0.180631 |                       0.18692  |
| High-PC1 / Low-Tail  |    356 |     0.0717859 |    0.491564 | 0.0640009 | 0.420692 |          0.728744 |         0.676259 |         0.742714 |         0.770881 |            0.574128 |           0.535363 |           0.56618  |           0.626148 |         4.9807  |        4.98015 |        4.98015 |        4.98401 |               3.45236 |              3.45197 |              3.45197 |              3.45465 |                0.999358 |               0.997567 |               0.999154 |                1.00155 |              0.015295  |            0.00581545 |             0.014087  |             0.026     |                   0.940928 |                  0.935791 |                  0.940701 |                  0.946812 |                      0.100109  |                     0.0924765 |                      0.101095 |                      0.10548  |                        0.180268 |                       0.170727 |                       0.180764 |                       0.188804 |
| Low-PC1 / High-Tail  |     46 |     0.0902706 |    0.669551 | 0.0805073 | 0.598019 |          0.705569 |         0.628478 |         0.730133 |         0.770601 |            0.585272 |           0.537771 |           0.581405 |           0.647403 |         4.98048 |        4.98015 |        4.98015 |        4.98015 |               3.45221 |              3.45197 |              3.45197 |              3.45197 |                0.999248 |               0.997535 |               0.999057 |                1.00099 |              0.0144017 |            0.00544924 |             0.0122687 |             0.0262504 |                   0.939438 |                  0.934137 |                  0.939986 |                  0.945017 |                      0.100706  |                     0.093725  |                      0.101915 |                      0.105619 |                        0.182708 |                       0.17186  |                       0.183869 |                       0.190909 |
| Low-PC1 / Low-Tail   |    153 |     0.0652818 |    0.528153 | 0.0510135 | 0.422869 |          0.75424  |         0.721726 |         0.757996 |         0.780686 |            0.552235 |           0.520343 |           0.549114 |           0.583882 |         4.9802  |        4.98015 |        4.98015 |        4.98015 |               3.45201 |              3.45197 |              3.45197 |              3.45197 |                0.999775 |               0.998021 |               0.9998   |                1.0015  |              0.0138689 |            0.00496053 |             0.0125609 |             0.0256208 |                   0.939451 |                  0.933586 |                  0.939577 |                  0.945546 |                      0.100613  |                     0.0940148 |                      0.101731 |                      0.105754 |                        0.182598 |                       0.173199 |                       0.183829 |                       0.189956 |

- Terciles by `market_state_corr_pc1_ratio` (Market-mode strength (PC1 ratio)), edges@fit=[-0.4096, 0.4701]

| Bucket   |   Days |   RankIC_mean |   RankIC_IR |   IC_mean |    IC_IR |   time_ratio_mean |   time_ratio_p10 |   time_ratio_p50 |   time_ratio_p90 |   gate_entropy_mean |   gate_entropy_p10 |   gate_entropy_p50 |   gate_entropy_p90 |   time_tau_mean |   time_tau_p10 |   time_tau_p50 |   time_tau_p90 |   time_half_life_mean |   time_half_life_p10 |   time_half_life_p50 |   time_half_life_p90 |   factor_gate_mean_mean |   factor_gate_mean_p10 |   factor_gate_mean_p50 |   factor_gate_mean_p90 |   factor_gate_std_mean |   factor_gate_std_p10 |   factor_gate_std_p50 |   factor_gate_std_p90 |   factor_gate_entropy_mean |   factor_gate_entropy_p10 |   factor_gate_entropy_p50 |   factor_gate_entropy_p90 |   factor_gate_topk_mass_5_mean |   factor_gate_topk_mass_5_p10 |   factor_gate_topk_mass_5_p50 |   factor_gate_topk_mass_5_p90 |   factor_gate_topk_mass_10_mean |   factor_gate_topk_mass_10_p10 |   factor_gate_topk_mass_10_p50 |   factor_gate_topk_mass_10_p90 |
|:---------|-------:|--------------:|------------:|----------:|---------:|------------------:|-----------------:|-----------------:|-----------------:|--------------------:|-------------------:|-------------------:|-------------------:|----------------:|---------------:|---------------:|---------------:|----------------------:|---------------------:|---------------------:|---------------------:|------------------------:|-----------------------:|-----------------------:|-----------------------:|-----------------------:|----------------------:|----------------------:|----------------------:|---------------------------:|--------------------------:|--------------------------:|--------------------------:|-------------------------------:|------------------------------:|------------------------------:|------------------------------:|--------------------------------:|-------------------------------:|-------------------------------:|-------------------------------:|
| Low      |    113 |     0.0650231 |    0.524369 | 0.0491604 | 0.410552 |          0.744026 |         0.703155 |         0.755272 |         0.781891 |            0.557629 |           0.519124 |           0.551834 |           0.607406 |         4.98021 |        4.98015 |        4.98015 |        4.98015 |               3.45202 |              3.45197 |              3.45197 |              3.45197 |                0.999878 |               0.998266 |               0.999904 |                1.00137 |              0.0128166 |            0.00483618 |             0.0112014 |             0.0231306 |                   0.939495 |                  0.934155 |                  0.939184 |                  0.944915 |                      0.100494  |                     0.0931299 |                      0.101842 |                      0.10576  |                        0.182319 |                       0.171307 |                       0.183389 |                       0.190366 |
| Mid      |    194 |     0.0788338 |    0.556824 | 0.0667976 | 0.474553 |          0.737123 |         0.690987 |         0.748332 |         0.775485 |            0.567653 |           0.52712  |           0.55888  |           0.610034 |         4.9805  |        4.98015 |        4.98015 |        4.98015 |               3.45222 |              3.45197 |              3.45197 |              3.45197 |                0.999287 |               0.997501 |               0.999121 |                1.00151 |              0.0158416 |            0.00621505 |             0.014827  |             0.0269313 |                   0.939805 |                  0.933867 |                  0.940086 |                  0.945638 |                      0.100431  |                     0.0940269 |                      0.101349 |                      0.105745 |                        0.181678 |                       0.172138 |                       0.181964 |                       0.189557 |
| High     |    304 |     0.0769247 |    0.533467 | 0.0720721 | 0.476398 |          0.715378 |         0.637222 |         0.735539 |         0.767272 |            0.581988 |           0.539065 |           0.574292 |           0.64768  |         4.98078 |        4.98015 |        4.98015 |        4.98401 |               3.45241 |              3.45197 |              3.45197 |              3.45465 |                0.999298 |               0.99749  |               0.999    |                1.0015  |              0.0150512 |            0.00572279 |             0.0137517 |             0.0256853 |                   0.941274 |                  0.936155 |                  0.941042 |                  0.94723  |                      0.0998855 |                     0.0921166 |                      0.101049 |                      0.105023 |                        0.179867 |                       0.170482 |                       0.180639 |                       0.188512 |

- Terciles by `market_state_tail_2sigma` (Tail intensity (|x|>2)), edges@fit=[-0.4283, 0.5003]

| Bucket   |   Days |   RankIC_mean |   RankIC_IR |   IC_mean |    IC_IR |   time_ratio_mean |   time_ratio_p10 |   time_ratio_p50 |   time_ratio_p90 |   gate_entropy_mean |   gate_entropy_p10 |   gate_entropy_p50 |   gate_entropy_p90 |   time_tau_mean |   time_tau_p10 |   time_tau_p50 |   time_tau_p90 |   time_half_life_mean |   time_half_life_p10 |   time_half_life_p50 |   time_half_life_p90 |   factor_gate_mean_mean |   factor_gate_mean_p10 |   factor_gate_mean_p50 |   factor_gate_mean_p90 |   factor_gate_std_mean |   factor_gate_std_p10 |   factor_gate_std_p50 |   factor_gate_std_p90 |   factor_gate_entropy_mean |   factor_gate_entropy_p10 |   factor_gate_entropy_p50 |   factor_gate_entropy_p90 |   factor_gate_topk_mass_5_mean |   factor_gate_topk_mass_5_p10 |   factor_gate_topk_mass_5_p50 |   factor_gate_topk_mass_5_p90 |   factor_gate_topk_mass_10_mean |   factor_gate_topk_mass_10_p10 |   factor_gate_topk_mass_10_p50 |   factor_gate_topk_mass_10_p90 |
|:---------|-------:|--------------:|------------:|----------:|---------:|------------------:|-----------------:|-----------------:|-----------------:|--------------------:|-------------------:|-------------------:|-------------------:|----------------:|---------------:|---------------:|---------------:|----------------------:|---------------------:|---------------------:|---------------------:|------------------------:|-----------------------:|-----------------------:|-----------------------:|-----------------------:|----------------------:|----------------------:|----------------------:|---------------------------:|--------------------------:|--------------------------:|--------------------------:|-------------------------------:|------------------------------:|------------------------------:|------------------------------:|--------------------------------:|-------------------------------:|-------------------------------:|-------------------------------:|
| Low      |    357 |     0.0678567 |    0.465554 | 0.0579924 | 0.387754 |          0.739728 |         0.697241 |         0.750453 |         0.77864  |            0.565045 |           0.52548  |           0.559062 |           0.60976  |         4.98054 |        4.98015 |        4.98015 |        4.98169 |               3.45224 |              3.45197 |              3.45197 |              3.45305 |                0.999546 |               0.997709 |               0.999483 |                1.00159 |              0.0148123 |            0.00553371 |             0.0133001 |             0.0263395 |                   0.940514 |                  0.935222 |                  0.940349 |                  0.946739 |                      0.100395  |                     0.093127  |                      0.101334 |                      0.105496 |                        0.181062 |                       0.171876 |                       0.181589 |                       0.189137 |
| Mid      |    215 |     0.076929  |    0.606821 | 0.0701802 | 0.543612 |          0.723616 |         0.669711 |         0.738254 |         0.76918  |            0.577422 |           0.537319 |           0.571446 |           0.626745 |         4.98065 |        4.98015 |        4.98015 |        4.98401 |               3.45232 |              3.45197 |              3.45197 |              3.45465 |                0.999235 |               0.997458 |               0.999108 |                1.00138 |              0.0152204 |            0.00564565 |             0.0142356 |             0.0255722 |                   0.940435 |                  0.934671 |                  0.940739 |                  0.945656 |                      0.0999851 |                     0.0922202 |                      0.101085 |                      0.105438 |                        0.180756 |                       0.170471 |                       0.181652 |                       0.189725 |
| High     |     39 |     0.134921  |    0.963704 | 0.118763  | 0.849288 |          0.638237 |         0.391252 |         0.682058 |         0.746412 |            0.62037  |           0.564926 |           0.62049  |           0.668104 |         4.98074 |        4.98015 |        4.98015 |        4.98401 |               3.45239 |              3.45197 |              3.45197 |              3.45465 |                0.999    |               0.997321 |               0.998847 |                1.0009  |              0.0137627 |            0.00818982 |             0.0114901 |             0.0235817 |                   0.940397 |                  0.934304 |                  0.94079  |                  0.945887 |                      0.0991497 |                     0.0940159 |                      0.100128 |                      0.103458 |                        0.180144 |                       0.171635 |                       0.180387 |                       0.190187 |

- Terciles by `market_state_corr_mean_abs` (Crowding (mean abs corr)), edges@fit=[-0.4076, 0.4851]

| Bucket   |   Days |   RankIC_mean |   RankIC_IR |   IC_mean |    IC_IR |   time_ratio_mean |   time_ratio_p10 |   time_ratio_p50 |   time_ratio_p90 |   gate_entropy_mean |   gate_entropy_p10 |   gate_entropy_p50 |   gate_entropy_p90 |   time_tau_mean |   time_tau_p10 |   time_tau_p50 |   time_tau_p90 |   time_half_life_mean |   time_half_life_p10 |   time_half_life_p50 |   time_half_life_p90 |   factor_gate_mean_mean |   factor_gate_mean_p10 |   factor_gate_mean_p50 |   factor_gate_mean_p90 |   factor_gate_std_mean |   factor_gate_std_p10 |   factor_gate_std_p50 |   factor_gate_std_p90 |   factor_gate_entropy_mean |   factor_gate_entropy_p10 |   factor_gate_entropy_p50 |   factor_gate_entropy_p90 |   factor_gate_topk_mass_5_mean |   factor_gate_topk_mass_5_p10 |   factor_gate_topk_mass_5_p50 |   factor_gate_topk_mass_5_p90 |   factor_gate_topk_mass_10_mean |   factor_gate_topk_mass_10_p10 |   factor_gate_topk_mass_10_p50 |   factor_gate_topk_mass_10_p90 |
|:---------|-------:|--------------:|------------:|----------:|---------:|------------------:|-----------------:|-----------------:|-----------------:|--------------------:|-------------------:|-------------------:|-------------------:|----------------:|---------------:|---------------:|---------------:|----------------------:|---------------------:|---------------------:|---------------------:|------------------------:|-----------------------:|-----------------------:|-----------------------:|-----------------------:|----------------------:|----------------------:|----------------------:|---------------------------:|--------------------------:|--------------------------:|--------------------------:|-------------------------------:|------------------------------:|------------------------------:|------------------------------:|--------------------------------:|-------------------------------:|-------------------------------:|-------------------------------:|
| Low      |     84 |     0.0601686 |    0.565126 | 0.0462881 | 0.453204 |          0.752584 |         0.715616 |         0.755718 |         0.783161 |            0.554284 |           0.518734 |           0.552028 |           0.592652 |         4.98028 |        4.98015 |        4.98015 |        4.98015 |               3.45207 |              3.45197 |              3.45197 |              3.45197 |                0.999682 |               0.99796  |               0.999649 |                1.00125 |              0.0135406 |            0.00490967 |             0.0122148 |             0.0241095 |                   0.938471 |                  0.933374 |                  0.937311 |                  0.944828 |                      0.101085  |                     0.0941179 |                      0.102466 |                      0.106031 |                        0.183618 |                       0.171892 |                       0.186073 |                       0.190912 |
| Mid      |    194 |     0.0787522 |    0.561061 | 0.0666791 | 0.480245 |          0.739704 |         0.698711 |         0.752264 |         0.777794 |            0.563726 |           0.526443 |           0.556455 |           0.607687 |         4.98045 |        4.98015 |        4.98015 |        4.98015 |               3.45218 |              3.45197 |              3.45197 |              3.45197 |                0.999315 |               0.997518 |               0.999161 |                1.00138 |              0.0152274 |            0.005593   |             0.0141928 |             0.0266001 |                   0.939845 |                  0.934982 |                  0.940087 |                  0.945278 |                      0.100928  |                     0.0953677 |                      0.101567 |                      0.106191 |                        0.182256 |                       0.173625 |                       0.182157 |                       0.189946 |
| High     |    333 |     0.0771604 |    0.52615  | 0.0708703 | 0.46293  |          0.71421  |         0.634577 |         0.73561  |         0.767292 |            0.582998 |           0.538728 |           0.575286 |           0.648194 |         4.98075 |        4.98015 |        4.98015 |        4.98401 |               3.45239 |              3.45197 |              3.45197 |              3.45465 |                0.999382 |               0.997528 |               0.999182 |                1.00155 |              0.0150318 |            0.00576281 |             0.0137689 |             0.0257913 |                   0.941354 |                  0.936034 |                  0.941071 |                  0.94753  |                      0.0994995 |                     0.0916057 |                      0.100823 |                      0.104882 |                        0.179416 |                       0.169212 |                       0.180574 |                       0.188101 |

- Terciles by `market_vol_20` (Benchmark vol (20d)), edges@fit=[-0.3549, 0.4864]

| Bucket   |   Days |   RankIC_mean |   RankIC_IR |   IC_mean |    IC_IR |   time_ratio_mean |   time_ratio_p10 |   time_ratio_p50 |   time_ratio_p90 |   gate_entropy_mean |   gate_entropy_p10 |   gate_entropy_p50 |   gate_entropy_p90 |   time_tau_mean |   time_tau_p10 |   time_tau_p50 |   time_tau_p90 |   time_half_life_mean |   time_half_life_p10 |   time_half_life_p50 |   time_half_life_p90 |   factor_gate_mean_mean |   factor_gate_mean_p10 |   factor_gate_mean_p50 |   factor_gate_mean_p90 |   factor_gate_std_mean |   factor_gate_std_p10 |   factor_gate_std_p50 |   factor_gate_std_p90 |   factor_gate_entropy_mean |   factor_gate_entropy_p10 |   factor_gate_entropy_p50 |   factor_gate_entropy_p90 |   factor_gate_topk_mass_5_mean |   factor_gate_topk_mass_5_p10 |   factor_gate_topk_mass_5_p50 |   factor_gate_topk_mass_5_p90 |   factor_gate_topk_mass_10_mean |   factor_gate_topk_mass_10_p10 |   factor_gate_topk_mass_10_p50 |   factor_gate_topk_mass_10_p90 |
|:---------|-------:|--------------:|------------:|----------:|---------:|------------------:|-----------------:|-----------------:|-----------------:|--------------------:|-------------------:|-------------------:|-------------------:|----------------:|---------------:|---------------:|---------------:|----------------------:|---------------------:|---------------------:|---------------------:|------------------------:|-----------------------:|-----------------------:|-----------------------:|-----------------------:|----------------------:|----------------------:|----------------------:|---------------------------:|--------------------------:|--------------------------:|--------------------------:|-------------------------------:|------------------------------:|------------------------------:|------------------------------:|--------------------------------:|-------------------------------:|-------------------------------:|-------------------------------:|
| Low      |    305 |     0.057803  |    0.424535 | 0.0539508 | 0.384467 |          0.734061 |         0.698683 |         0.742273 |         0.766662 |            0.572237 |           0.539949 |           0.569048 |           0.608887 |         4.98058 |        4.98015 |        4.98015 |        4.98401 |               3.45227 |              3.45197 |              3.45197 |              3.45465 |                0.999055 |               0.997527 |               0.998805 |                1.00122 |              0.0156784 |            0.00621863 |            0.0154696  |             0.0256335 |                   0.939679 |                  0.934122 |                  0.939979 |                  0.944871 |                      0.101151  |                     0.0946049 |                      0.102516 |                      0.10594  |                        0.182516 |                       0.172508 |                       0.183697 |                       0.190009 |
| Mid      |    208 |     0.0998035 |    0.706177 | 0.0847806 | 0.579702 |          0.716482 |         0.636888 |         0.743071 |         0.774285 |            0.577828 |           0.529221 |           0.564891 |           0.647714 |         4.98068 |        4.98015 |        4.98015 |        4.98401 |               3.45235 |              3.45197 |              3.45197 |              3.45465 |                0.999626 |               0.997461 |               0.999707 |                1.00161 |              0.0147692 |            0.00564497 |            0.0136587  |             0.0259565 |                   0.940707 |                  0.935271 |                  0.940729 |                  0.946429 |                      0.0991206 |                     0.0921738 |                      0.100074 |                      0.103998 |                        0.179441 |                       0.169915 |                       0.179835 |                       0.188072 |
| High     |     98 |     0.0779331 |    0.554378 | 0.0646369 | 0.46471  |          0.730968 |         0.600962 |         0.757635 |         0.788254 |            0.564699 |           0.51438  |           0.550151 |           0.65946  |         4.98042 |        4.98015 |        4.98015 |        4.98015 |               3.45217 |              3.45197 |              3.45197 |              3.45197 |                1.00001  |               0.997915 |               1.00012  |                1.00161 |              0.0126858 |            0.00510179 |            0.00983903 |             0.0268786 |                   0.942483 |                  0.937352 |                  0.941898 |                  0.948162 |                      0.0993517 |                     0.0923109 |                      0.100285 |                      0.104347 |                        0.17894  |                       0.169775 |                       0.17913  |                       0.186441 |

- Spearman correlations (market_state vs metrics), top 12 by |ρ|:

| Feature                     | Metric                   |   N |   SpearmanR |   t_stat |     p_value |
|:----------------------------|:-------------------------|----:|------------:|---------:|------------:|
| market_state_tail_2sigma    | gate_entropy             | 611 |    0.337766 |  8.85581 | 9.04189e-18 |
| market_state_tail_2sigma    | time_ratio               | 611 |   -0.325639 | -8.49936 | 1.4695e-16  |
| market_state_corr_mean_abs  | time_ratio               | 611 |   -0.31375  | -8.15446 | 2.00713e-15 |
| market_state_corr_mean_abs  | gate_entropy             | 611 |    0.312276 |  8.112   | 2.75325e-15 |
| market_vol_20               | factor_gate_topk_mass_10 | 611 |   -0.256855 | -6.55869 | 1.16002e-10 |
| market_state_corr_pc1_ratio | gate_entropy             | 611 |    0.246678 |  6.28161 | 6.37954e-10 |
| market_state_corr_pc1_ratio | time_ratio               | 611 |   -0.243779 | -6.2031  | 1.02263e-09 |
| market_state_corr_mean_abs  | factor_gate_entropy      | 611 |    0.235281 |  5.97395 | 3.93998e-09 |
| market_vol_20               | factor_gate_entropy      | 611 |    0.216965 |  5.4849  | 6.07082e-08 |
| market_state_corr_mean_abs  | factor_gate_topk_mass_10 | 611 |   -0.216499 | -5.47254 | 6.48865e-08 |
| market_state_corr_pc1_ratio | time_tau                 | 611 |    0.207289 |  5.22905 | 2.3456e-07  |
| market_state_corr_pc1_ratio | time_half_life           | 611 |    0.207289 |  5.22905 | 2.3456e-07  |

- Full table: `regime_corr_spearman.csv`

![Regime scatter (performance)](regime_scatter_perf.png)

![Regime scatter (routing)](regime_scatter_router.png)

#### 2.X.1 指标释义（读表指南）

- `market_state_corr_pc1_ratio`：市场“单一主导因子/同涨同跌”强度（越高越像单一市场因子驱动）。
- `market_state_tail_2sigma`：尾部/冲击强度（越高表示极端波动占比越高）。
- `market_state_corr_mean_abs`：拥挤度/相关性水平（越高越拥挤，alpha 更难独立发挥）。
- `market_vol_20`：基准 20 日波动（通常已标准化，解读为相对高/低波动）。
- `RankIC/IC`：预测排序/线性相关质量；`IR` 为日度均值/标准差（样本少时不稳定）。
- `time_ratio`：路由对 time-expert 的权重（高→更偏时序专家，低→更偏截面因子专家）。
- `gate_entropy`：路由不确定性（接近 0.693，约等于两专家均匀；越低越“果断”）。
- `time_tau/time_half_life`：时间记忆尺度（越大→更长记忆/更慢衰减）。
- `factor_gate_entropy/topk_mass`：因子重加权是否集中（topk_mass 高/entropy 低→更集中）。



#### 2.X.2 观测到的差异（test）

- RankIC daily range: -0.3227~0.4605

- IC daily range: -0.3445~0.5792

- time_ratio daily range: 0.3566~0.8185

- gate_entropy daily range: 0.4737~0.6907

- time_tau daily range: 4.9801~4.9840

- 2×2 regimes: RankIC_mean: best=High-PC1 / High-Tail(0.1130), worst=Low-PC1 / Low-Tail(0.0653), spread=0.0478

- 2×2 routing: time_ratio_mean: best=Low-PC1 / Low-Tail(0.7542), worst=High-PC1 / High-Tail(0.6654), spread=0.0888

- `market_state_corr_pc1_ratio` terciles: RankIC_mean Δ(High-Low)=0.0119, time_ratio_mean Δ(High-Low)=-0.0286

- `market_state_tail_2sigma` terciles: RankIC_mean Δ(High-Low)=0.0671, time_ratio_mean Δ(High-Low)=-0.1015

- `market_state_corr_mean_abs` terciles: RankIC_mean Δ(High-Low)=0.0170, time_ratio_mean Δ(High-Low)=-0.0384

- `market_vol_20` terciles: RankIC_mean Δ(High-Low)=0.0201, time_ratio_mean Δ(High-Low)=-0.0031

- Routing ↔ quality coupling (Spearman, test): time_ratio↔rank_ic: ρ=-0.10 (n=611); gate_entropy↔rank_ic: ρ=0.09 (n=611); time_tau↔rank_ic: ρ=0.11 (n=611); factor_gate_entropy↔rank_ic: ρ=0.08 (n=611)

- Strongest state↔performance: `market_vol_20` vs `rank_ic` ρ=0.08 (n=611).

- Strongest state↔routing: `market_state_tail_2sigma` vs `gate_entropy` ρ=0.34 (n=611).


- 解释建议：若“预测质量差异”显著但 `time_ratio/gate_entropy/time_tau` 基本不变，说明路由/时间尺度未随宏观状态自适应；反之若路由显著变化但 RankIC 不变，可能是“在动但没带来收益”。
- 注意：test 天数通常较少，分桶后的 `IR` 与相关性更偏诊断用途；建议在更长窗口/多次 run 上复核。 


## 3. Training Dynamics & Portfolio Backtest

### 3.1 Training Dynamics (MSE vs. RankIC)

训练阶段采用 **MSE 主 loss**（基于 rank-label），这里展示 train/mse 与 valid/rank_ic 随 epoch 的演化，并粗略量化二者的相关性：

- Peak valid RankIC approx 0.0753 at epoch 14
- Corr(-train MSE, valid RankIC) approx 0.922

![Training dynamics (MSE vs RankIC)](train_curves_mse_rankic.png)

### 3.2 Portfolio Backtest (2020-07-01~2022-12-30, csi300 universe)

- 年化收益 (excess return with cost): 17.46% (如果为 nan 请检查 portfolio_analysis/port_analysis_1day.pkl)
- 信息比 (Information Ratio): 1.70
- 最大回撤: -7.44%
- 成交换手率 (Turnover): 32.63%

## 3.3 Qlib Official Graphs

使用 Qlib 官方 report 模块生成的图表：

### analysis_position.report_graph

- [analysis_position.report_graph](qlib_analysis_position_report_graph.html)

### analysis_position.risk_analysis_graph

- [analysis_position.risk_analysis_graph](qlib_analysis_position_risk_analysis_graph_1.html)

- [analysis_position.risk_analysis_graph](qlib_analysis_position_risk_analysis_graph_2.html)

- [analysis_position.risk_analysis_graph](qlib_analysis_position_risk_analysis_graph_3.html)

- [analysis_position.risk_analysis_graph](qlib_analysis_position_risk_analysis_graph_4.html)

- [analysis_position.risk_analysis_graph](qlib_analysis_position_risk_analysis_graph_5.html)

### analysis_position.score_ic_graph

- [analysis_position.score_ic_graph](qlib_analysis_position_score_ic_graph.html)

### analysis_model.model_performance_graph

- [analysis_model.model_performance_graph](qlib_analysis_model_model_performance_graph_1.html)

- [analysis_model.model_performance_graph](qlib_analysis_model_model_performance_graph_2.html)

- [analysis_model.model_performance_graph](qlib_analysis_model_model_performance_graph_3.html)

- [analysis_model.model_performance_graph](qlib_analysis_model_model_performance_graph_4.html)

- [analysis_model.model_performance_graph](qlib_analysis_model_model_performance_graph_5.html)

- [analysis_model.model_performance_graph](qlib_analysis_model_model_performance_graph_6.html)

### analysis_position.cumulative_return_graph

- [analysis_position.cumulative_return_graph](qlib_analysis_position_cumulative_return_graph_1.html)

- [analysis_position.cumulative_return_graph](qlib_analysis_position_cumulative_return_graph_2.html)

- [analysis_position.cumulative_return_graph](qlib_analysis_position_cumulative_return_graph_3.html)

- [analysis_position.cumulative_return_graph](qlib_analysis_position_cumulative_return_graph_4.html)

### analysis_position.rank_label_graph

- [analysis_position.rank_label_graph](qlib_analysis_position_rank_label_graph_1.html)

- [analysis_position.rank_label_graph](qlib_analysis_position_rank_label_graph_2.html)

- [analysis_position.rank_label_graph](qlib_analysis_position_rank_label_graph_3.html)

## 4. Spatio-Temporal Disentanglement Diagnostics

### 4.1 Router Gate over Time (time vs. cross-sectional experts)

- Gate time_ratio (time-expert weight) stats on test set: mean=0.728, std=0.063, p10=0.670, p90=0.775

- Gate entropy stats on test set: mean=0.573, std=0.040, p10=0.531, p90=0.629

- time_ratio 接近 1 表示更信任「时间 expert」，接近 0 表示更信任「截面 expert」。
- 若 mean 在 (0.3, 0.7) 且 std > 0，说明路由器确实在不同阶段做非平凡决策；
  若长期贴近 0 或 1，则 MoE 退化为单专家模型。

![Gate time_ratio series](st_disentangle_gate_series_test.png)

![Gate entropy series](st_disentangle_gate_entropy_series_test.png)

### 4.1.1 Regime-Adaptive Time Scale (tau / half-life)

- time_tau stats on test set: mean=4.981, std=0.001, p10=4.980, p90=4.984

- time_half_life stats on test set: mean=3.452, std=0.001, p10=3.452, p90=3.455

![time_tau series](st_disentangle_time_tau_series_test.png)

![time_half_life series](st_disentangle_time_half_life_series_test.png)

- `time_tau` 来自 regime-adaptive time embedding 的时间尺度参数（越大越偏长记忆，越小越偏短记忆）。
- `time_half_life = time_tau * ln(2)`（单位为窗口时间步，若 1 步=1 天则可视作“天数半衰期”）。

### 4.1.1.1 tau vs time_ratio (same-day overlay)

![tau vs time_ratio](st_disentangle_tau_vs_time_ratio_test.png)

### 4.1.2 Regime-Adaptive Factor Gate (concentration)

- factor_gate_mean stats on test set: mean=0.999, std=0.001, p10=0.998, p90=1.001

- factor_gate_std stats on test set: mean=0.015, std=0.007, p10=0.006, p90=0.026

- factor_gate_entropy stats on test set: mean=0.940, std=0.005, p10=0.935, p90=0.946

- factor_gate_topk_mass_5 stats on test set: mean=0.100, std=0.005, p10=0.093, p90=0.105

- factor_gate_topk_mass_10 stats on test set: mean=0.181, std=0.008, p10=0.171, p90=0.189

![factor_gate_mean series](st_disentangle_factor_gate_mean_series_test.png)

![factor_gate_std series](st_disentangle_factor_gate_std_series_test.png)

![factor_gate_entropy series](st_disentangle_factor_gate_entropy_series_test.png)

![factor_gate_topk_mass_5 series](st_disentangle_factor_gate_topk_mass_5_series_test.png)

![factor_gate_topk_mass_10 series](st_disentangle_factor_gate_topk_mass_10_series_test.png)

- `factor_gate_mean` / `factor_gate_std`：regime-adaptive factor gate 权重的日均值/标准差，反映因子重加权的整体幅度和波动。
- `factor_gate_entropy` 是把 per-sample 的 factor gate 归一化后得到的分布熵（再除以 log(N) 做归一化到 0~1）。
  越低表示 gate 越“集中”，即 regime 对因子组合的重加权更强、更具结构性。
- `factor_gate_topk_mass_5` / `factor_gate_topk_mass_10` 表示前 5 / 10 个因子（按 gate 权重排序）的累计质量占比；越高说明越稀疏/越集中。

### 4.2 Temporal Attention (Heatmap + Locality)

基于若干代表性交易日的 **time-attention heatmap**，统计对角/邻近对角的注意力质量：

- 2020-07-01: diag_mass=0.123, local_band_mass=0.345
- 2021-02-09: diag_mass=0.124, local_band_mass=0.345
- 2021-09-28: diag_mass=0.123, local_band_mass=0.346
- 2022-12-30: diag_mass=0.124, local_band_mass=0.347

![Time attention (2020-07-01)](st_disentangle_attn_time_2020-07-01.png)

![Time attention (2021-02-09)](st_disentangle_attn_time_2021-02-09.png)

![Time attention (2021-09-28)](st_disentangle_attn_time_2021-09-28.png)

![Time attention (2022-12-30)](st_disentangle_attn_time_2022-12-30.png)

- diag_mass 衡量注意力在完全对齐的时间步 (i=j) 上的质量；
- local_band_mass 衡量注意力在 |i-j| ≤ 1 的近邻时间步上的质量。
- 越高说明模型更偏向「局部时序模式」（类似 AR / 局部卷积），
  越低说明模型依赖更长程的时序依赖。

### 4.3 Factor Attention (Heatmap + Concentration)

基于同一批交易日的 **factor-attention heatmap**（默认取窗口最后一个时间步），统计注意力的集中度：

- 2020-07-01: diag_mass=0.006, top5_mass=0.046, entropy=0.997
- 2021-02-09: diag_mass=0.006, top5_mass=0.044, entropy=0.997
- 2021-09-28: diag_mass=0.006, top5_mass=0.044, entropy=0.997
- 2022-12-30: diag_mass=0.006, top5_mass=0.048, entropy=0.996

#### 4.3.1 Factor Attention Top-K (ids)

- 2020-07-01: top10 ids=[23, 57, 28, 19, 6, 18, 90, 53, 83, 39]
- 2021-02-09: top10 ids=[71, 41, 5, 57, 70, 23, 83, 6, 19, 47]
- 2021-09-28: top10 ids=[71, 41, 23, 69, 47, 83, 57, 19, 45, 34]
- 2022-12-30: top10 ids=[23, 41, 71, 57, 39, 19, 47, 83, 69, 70]

![Factor attention (2020-07-01)](st_disentangle_attn_factor_2020-07-01.png)

![Factor attention (2021-02-09)](st_disentangle_attn_factor_2021-02-09.png)

![Factor attention (2021-09-28)](st_disentangle_attn_factor_2021-09-28.png)

![Factor attention (2022-12-30)](st_disentangle_attn_factor_2022-12-30.png)

- diag_mass：因子对自身的注意力质量（越高说明更“自回归/自保留”）；
- top5_mass：每个因子行向量中 Top-5 权重质量的均值（越高说明更稀疏、更“专家化”）；
- entropy：归一化熵 (0~1)，越低越尖锐，越高越均匀。
- 注意：因子维度没有天然顺序，因此不像时间维那样用“邻近对角带”解释；我们更关心“是否稀疏/是否可解释地集中在少数因子交互上”。

### 4.4 Factor Pooling Attention (Heatmap + Top-K)

来自 attention pooling 的 `factor_attention_weights`（模型输出 `factor_pool_weights`），按日对 batch 做均值后导出 heatmap 与 Top-K：

#### 4.4.1 Factor Pooling Top-K (ids)

- 2020-07-01: top10 ids=[6, 63, 18, 65, 95, 64, 97, 10, 47, 50]
- 2021-02-09: top10 ids=[6, 63, 10, 97, 43, 18, 5, 148, 50, 1]
- 2021-09-28: top10 ids=[6, 10, 43, 65, 63, 18, 28, 95, 97, 148]
- 2022-12-30: top10 ids=[6, 18, 50, 63, 10, 28, 154, 43, 97, 47]

![Factor pooling attention (2020-07-01)](st_disentangle_attn_pool_factor_2020-07-01.png)

![Factor pooling attention (2021-02-09)](st_disentangle_attn_pool_factor_2021-02-09.png)

![Factor pooling attention (2021-09-28)](st_disentangle_attn_pool_factor_2021-09-28.png)

![Factor pooling attention (2022-12-30)](st_disentangle_attn_pool_factor_2022-12-30.png)

## 5. Summary

RST-MoE 在官方 Alpha158 / CSI300 框架下，兼顾了稳健的日频预测性能 （IC / RankIC / 信息比）和可解释的时空解耦结构（gate 曲线 + attention 局部性），同时通过 MSE 训练曲线与 RankIC 的联动，展示了从 rank-label → MSE 优化 → 截面预测 → 组合收益的一条清晰传导链。

================================================================================
