Gym has been unmaintained since 2022 and does not support NumPy 2.0 amongst other critical functionality.
Please upgrade to Gymnasium, the maintained drop-in replacement of Gym, or contact the authors of your software and request that they upgrade.
Users of this version of Gym should be able to simply replace 'import gym' with 'import gymnasium as gym' in the vast majority of cases.
See the migration guide at https://gymnasium.farama.org/introduction/migration_guide/ for additional information.
[26328:MainThread](2026-06-22 03:04:09,932) INFO - qlib.Initialization - [config.py:452] - default_conf: client.
[26328:MainThread](2026-06-22 03:04:09,935) INFO - qlib.Initialization - [__init__.py:75] - qlib successfully initialized based on client settings.
[26328:MainThread](2026-06-22 03:04:09,935) INFO - qlib.Initialization - [__init__.py:77] - data_path={'__DEFAULT_FREQ': WindowsPath('C:/Users/60585/.qlib/qlib_data/cn_data')}
>>> [qlib.init] kernels=1 (serial data loading; QIB_QLIB_KERNELS to override)
>>> [Config:env] Applied experiment overrides
>>> [Config:env] run_setting=h2_warmq_seed46_scale05
[26328:MainThread](2026-06-22 03:06:20,328) INFO - qlib.timer - [log.py:127] - Time cost: 130.391s | Loading data Done
[26328:MainThread](2026-06-22 03:06:24,442) INFO - qlib.timer - [log.py:127] - Time cost: 3.813s | RobustZScoreNorm Done
[26328:MainThread](2026-06-22 03:06:25,249) INFO - qlib.timer - [log.py:127] - Time cost: 0.807s | Fillna Done
[26328:MainThread](2026-06-22 03:06:25,757) INFO - qlib.timer - [log.py:127] - Time cost: 0.175s | DropnaLabel Done
[26328:MainThread](2026-06-22 03:06:30,503) INFO - qlib.timer - [log.py:127] - Time cost: 4.746s | CSZScoreNorm Done
[26328:MainThread](2026-06-22 03:06:30,519) INFO - qlib.timer - [log.py:127] - Time cost: 10.191s | fit & process data Done
[26328:MainThread](2026-06-22 03:06:30,519) INFO - qlib.timer - [log.py:127] - Time cost: 140.582s | Init data Done
C:\Users\60585\PycharmProjects\qibMacV2\module\model_adapter.py:206: FutureWarning: `torch.cuda.amp.GradScaler(args...)` is deprecated. Please use `torch.amp.GradScaler('cuda', args...)` instead.
  self.scaler = torch.cuda.amp.GradScaler(enabled=True)
C:\Users\60585\miniconda3\envs\quantEnv\lib\site-packages\mlflow\tracking\_tracking_service\utils.py:140: FutureWarning: Filesystem tracking backend (e.g., './mlruns') is deprecated. Please switch to a database backend (e.g., 'sqlite:///mlflow.db'). For feedback, see: https://github.com/mlflow/mlflow/issues/18534
  return FileStore(store_uri, store_uri)
[26328:MainThread](2026-06-22 03:06:35,155) WARNING - qlib.workflow - [expm.py:231] - No valid experiment found. Create a new experiment with name Official_Alignment_RST_MoE_loss-mse_d64_l2_ff128_ctx8_embft_time1_decay1_film1_fgs1.0_fsh0.2_rSum1_rModelearned_featSel0_mseNorm0_macro1_mDrop0.1_pool0.7_msmarket_state_csi300_settingh2_warmq_seed46_scale05.
[26328:MainThread](2026-06-22 03:06:35,235) INFO - qlib.workflow - [exp.py:258] - Experiment 770068690771068793 starts running ...
[26328:MainThread](2026-06-22 03:06:35,713) INFO - qlib.workflow - [recorder.py:345] - Recorder 80f04ed931974e7e8a468ba9f6481146 starts running under Experiment 770068690771068793 ...
warning: in the working copy of '.agents/skills/qlibQuantExp-skills/shared/ledger.md', LF will be replaced by CRLF the next time Git touches it
warning: in the working copy of 'module/dataloader/sampler.py', LF will be replaced by CRLF the next time Git touches it
>>> [Config:planned] model: loss=mse, d_model=64, layers=2, heads=4, context_len=8, num_alphas=158, val_emb=feature_tokenizer, time_emb=on, factor_gate=on, router=learned, feat_sel=off, alibi=off, macro=external(market_state_csi300.pkl, dim=auto, shift=0, strict=True), macro_drop=0.1
>>> [Config:planned] trainer: lr=5e-05, epochs=25, batch=300, accum=1, early_stop=0, warmup=on(ratio=0.05), precision=amp_fp16, seed=46, checkpoint=valid_rank_ic:max, train_stop=off, min_epochs=25, k=999999
>>> [Phase 1] Training Model...
>>> [MarketState] loaded data/market_state_csi300.pkl (dates=3710, dim=102), shift=0, strict=True
>>> [Schema] Packed-label detected on train segment: total_dim=159, feature_dim=158, label_dim=1. Adapter will treat the last 1 channel(s) at the final time step as label.

================================================================================
MODEL ARCHITECTURE SUMMARY
================================================================================
QuantMoEModel(
  (feature_tokenizer): FeatureTokenizer()
  (factor_id_emb): Embedding(158, 64)
  (emb_dropout): Dropout(p=0.1, inplace=False)
  (time_embedding): RegimeAdaptiveTimeEmbedding(
    (tau_norm): LayerNorm((64,), eps=1e-05, elementwise_affine=True)
    (tau_fc1): Linear(in_features=64, out_features=32, bias=True)
    (tau_fc2): Linear(in_features=32, out_features=1, bias=True)
  )
  (factor_gate): RegimeAdaptiveFactorGate(
    (regime_norm): LayerNorm((64,), eps=1e-05, elementwise_affine=True)
    (factor_norm): LayerNorm((64,), eps=1e-05, elementwise_affine=True)
    (proj_gamma): Linear(in_features=64, out_features=64, bias=False)
    (proj_beta): Linear(in_features=64, out_features=64, bias=False)
  )
  (regime_encoder): RegimeContextEncoder(
    (encoder): Sequential(
      (0): Linear(in_features=102, out_features=128, bias=True)
      (1): Tanh()
      (2): Dropout(p=0.1, inplace=False)
      (3): Linear(in_features=128, out_features=64, bias=True)
      (4): LayerNorm((64,), eps=1e-05, elementwise_affine=True)
    )
  )
  (layers): ModuleList(
    (0-1): 2 x RegimeAdaptiveMoEBlock(
      (layer_summary_proj): Linear(in_features=128, out_features=64, bias=False)
      (router): Sequential(
        (0): Linear(in_features=128, out_features=32, bias=True)
        (1): GELU(approximate='none')
        (2): Linear(in_features=32, out_features=3, bias=True)
      )
      (time_expert): ParallelAttention(
        (mha): MultiheadAttention(
          (out_proj): NonDynamicallyQuantizableLinear(in_features=64, out_features=64, bias=False)
        )
      )
      (factor_expert): ParallelAttention(
        (mha): MultiheadAttention(
          (out_proj): NonDynamicallyQuantizableLinear(in_features=64, out_features=64, bias=False)
        )
      )
      (stock_expert): ParallelAttention(
        (mha): MultiheadAttention(
          (out_proj): NonDynamicallyQuantizableLinear(in_features=64, out_features=64, bias=False)
        )
      )
      (norm1): LayerNorm((64,), eps=1e-05, elementwise_affine=True)
      (norm2): LayerNorm((64,), eps=1e-05, elementwise_affine=True)
      (ffn): Sequential(
        (0): Linear(in_features=64, out_features=128, bias=True)
        (1): GELU(approximate='none')
        (2): Dropout(p=0.1, inplace=False)
        (3): Linear(in_features=128, out_features=64, bias=True)
        (4): Dropout(p=0.1, inplace=False)
      )
    )
  )
  (final_norm): LayerNorm((64,), eps=1e-05, elementwise_affine=True)
  (factor_pooling): AdaptivePooling(
    (attention_pool): AttentionPooling(
      (mha): MultiheadAttention(
        (out_proj): NonDynamicallyQuantizableLinear(in_features=64, out_features=64, bias=False)
      )
      (norm): LayerNorm((64,), eps=1e-05, elementwise_affine=True)
    )
  )
  (head): Linear(in_features=64, out_features=1, bias=True)
)

--------------------------------------------------------------------------------
PARAMETER STATISTICS BY MODULE
--------------------------------------------------------------------------------
Module                    Params          Trainable       %Total    
-----------------------------------------------------------------
layers                    156,806         156,806         66.2      %
regime_encoder            21,568          21,568          9.1       %
feature_tokenizer         20,224          20,224          8.5       %
factor_pooling            16,576          16,576          7.0       %
factor_id_emb             10,112          10,112          4.3       %
factor_gate               8,448           8,448           3.6       %
time_embedding            2,754           2,754           1.2       %
final_norm                128             128             0.1       %
head                      65              65              0.0       %
tr_q                      64              64              0.0       %
tr_b_t                    8               8               0.0       %
tr_gate                   1               1               0.0       %
-----------------------------------------------------------------
TOTAL                     236,754         236,754         100.0     %

--------------------------------------------------------------------------------
DETAILED LAYER BREAKDOWN
--------------------------------------------------------------------------------
Layer Name                                         Shape                     Params      
---------------------------------------------------------------------------------------
tr_q                                               [64]                      64          
tr_b_t                                             [8]                       8           
tr_gate                                            [1]                       1           
feature_tokenizer.weight                           [158, 64]                 10,112      
feature_tokenizer.bias                             [158, 64]                 10,112      
factor_id_emb.weight                               [158, 64]                 10,112      
time_embedding.pos                                 [8, 64]                   512         
time_embedding.tau_base                            []                        1           
time_embedding.tau_norm.weight                     [64]                      64          
time_embedding.tau_norm.bias                       [64]                      64          
time_embedding.tau_fc1.weight                      [32, 64]                  2,048       
time_embedding.tau_fc1.bias                        [32]                      32          
time_embedding.tau_fc2.weight                      [1, 32]                   32          
time_embedding.tau_fc2.bias                        [1]                       1           
factor_gate.regime_norm.weight                     [64]                      64          
factor_gate.regime_norm.bias                       [64]                      64          
factor_gate.factor_norm.weight                     [64]                      64          
factor_gate.factor_norm.bias                       [64]                      64          
factor_gate.proj_gamma.weight                      [64, 64]                  4,096       
factor_gate.proj_beta.weight                       [64, 64]                  4,096       
regime_encoder.encoder.0.weight                    [128, 102]                13,056      
regime_encoder.encoder.0.bias                      [128]                     128         
regime_encoder.encoder.3.weight                    [64, 128]                 8,192       
regime_encoder.encoder.3.bias                      [64]                      64          
regime_encoder.encoder.4.weight                    [64]                      64          
regime_encoder.encoder.4.bias                      [64]                      64          
layers.0.layer_summary_proj.weight                 [64, 128]                 8,192       
layers.0.router.0.weight                           [32, 128]                 4,096       
layers.0.router.0.bias                             [32]                      32          
layers.0.router.2.weight                           [3, 32]                   96          
layers.0.router.2.bias                             [3]                       3           
layers.0.time_expert.mha.in_proj_weight            [192, 64]                 12,288      
layers.0.time_expert.mha.out_proj.weight           [64, 64]                  4,096       
layers.0.factor_expert.mha.in_proj_weight          [192, 64]                 12,288      
layers.0.factor_expert.mha.out_proj.weight         [64, 64]                  4,096       
layers.0.stock_expert.mha.in_proj_weight           [192, 64]                 12,288      
layers.0.stock_expert.mha.out_proj.weight          [64, 64]                  4,096       
layers.0.norm1.weight                              [64]                      64          
layers.0.norm1.bias                                [64]                      64          
layers.0.norm2.weight                              [64]                      64          
layers.0.norm2.bias                                [64]                      64          
layers.0.ffn.0.weight                              [128, 64]                 8,192       
layers.0.ffn.0.bias                                [128]                     128         
layers.0.ffn.3.weight                              [64, 128]                 8,192       
layers.0.ffn.3.bias                                [64]                      64          
layers.1.layer_summary_proj.weight                 [64, 128]                 8,192       
layers.1.router.0.weight                           [32, 128]                 4,096       
layers.1.router.0.bias                             [32]                      32          
layers.1.router.2.weight                           [3, 32]                   96          
layers.1.router.2.bias                             [3]                       3           
layers.1.time_expert.mha.in_proj_weight            [192, 64]                 12,288      
layers.1.time_expert.mha.out_proj.weight           [64, 64]                  4,096       
layers.1.factor_expert.mha.in_proj_weight          [192, 64]                 12,288      
layers.1.factor_expert.mha.out_proj.weight         [64, 64]                  4,096       
layers.1.stock_expert.mha.in_proj_weight           [192, 64]                 12,288      
layers.1.stock_expert.mha.out_proj.weight          [64, 64]                  4,096       
layers.1.norm1.weight                              [64]                      64          
layers.1.norm1.bias                                [64]                      64          
layers.1.norm2.weight                              [64]                      64          
layers.1.norm2.bias                                [64]                      64          
layers.1.ffn.0.weight                              [128, 64]                 8,192       
layers.1.ffn.0.bias                                [128]                     128         
layers.1.ffn.3.weight                              [64, 128]                 8,192       
layers.1.ffn.3.bias                                [64]                      64          
final_norm.weight                                  [64]                      64          
final_norm.bias                                    [64]                      64          
factor_pooling.attention_pool.query                [1, 1, 64]                64          
factor_pooling.attention_pool.mha.in_proj_weight   [192, 64]                 12,288      
factor_pooling.attention_pool.mha.out_proj.weight  [64, 64]                  4,096       
factor_pooling.attention_pool.norm.weight          [64]                      64          
factor_pooling.attention_pool.norm.bias            [64]                      64          
head.weight                                        [1, 64]                   64          
head.bias                                          [1]                       1           
================================================================================

>>> [wd-exclusion] scope=['stock_expert'] -> 4 param tensors excluded from weight_decay (decayed=69)
C:\Users\60585\miniconda3\envs\quantEnv\lib\site-packages\torch\autograd\graph.py:825: UserWarning: Memory Efficient attention defaults to a non-deterministic algorithm. To explicitly enable determinism call torch.use_deterministic_algorithms(True, warn_only=False). (Triggered internally at C:\actions-runner\_work\pytorch\pytorch\builder\windows\pytorch\aten\src\ATen\native\transformers\cuda\attention_backward.cu:657.)
  return Variable._execution_engine.run_backward(  # Calls into the C++ engine to run the backward pass
>>> [Sanity] loss=1.553024 grad_norm=5.102e+01 score_std=2.531e-02 label_std=1.159e+00 x_last_std=1.331e+00

================================================================================
COMPLETE MODEL CONFIGURATION (Resolved)
================================================================================

--- Architecture ---
Parameter                           Value                          Description              
------------------------------------------------------------------------------------------
d_model                             64                             Hidden dimension         
n_heads                             4                              Attention heads          
n_layers                            2                              Number of layers         
d_ff                                128                            FFN dimension            
num_alphas                          158                            Number of factors (N)    
context_len                         8                              Sequence length (T)      
dropout                             0.1                            Dropout rate             
initializer_range                   0.02                           Weight init std          

--- Value Embedding ---
Parameter                           Value                          Description              
------------------------------------------------------------------------------------------
value_embedding_type                feature_tokenizer              Value embedding type     
feature_tokenizer_bias              [+] ON                         FT bias                  
feature_tokenizer_add_factor_id     [-] OFF                        FT add factor ID         
feature_tokenizer_init_std          0.02                           FT init std              

--- Loss & Training ---
Parameter                           Value                          Description              
------------------------------------------------------------------------------------------
main_loss                           mse                            Primary loss function    
loss_weights                        {'listmle': 1.0, 'mse': 1.0, 'ic': 1.0} Loss weight dict         
listmle_tau                         0.8                            ListMLE temperature      
rank_topk                           5                              RankNet top-k            
huber_delta                         1                              Huber delta              
mse_normalize                       [-] OFF                        MSE normalize flag       

--- Regime-Adaptive Time Embedding ---
Parameter                           Value                          Description              
------------------------------------------------------------------------------------------
use_regime_time_embedding           [+] ON                         Enable time embedding    
time_tau_min                        0.5                            Min tau (short memory)   
time_tau_max                        50                             Max tau (long memory)    
time_tau_init                       5                              Initial tau              
time_emb_init_std                   0.02                           Time emb init std        
time_decay_normalize                [+] ON                         Normalize decay weights  

--- Regime-Adaptive Factor Gate ---
Parameter                           Value                          Description              
------------------------------------------------------------------------------------------
use_regime_factor_gate              [+] ON                         Enable factor gate (FiLM)
factor_gate_scale                   1                              Gate scale (gamma range) 
factor_gate_shift_scale             0.2                            Gate shift scale (beta)  

--- MoE Router ---
Parameter                           Value                          Description              
------------------------------------------------------------------------------------------
router_mode                         learned                        Router mode              
router_noise                        0.01                           Logit noise std          
router_temperature                  1                              Softmax temperature      
router_z_loss_coef                  0.01                           Z-loss coefficient       
router_use_layer_summary            [+] ON                         Use layer summary token  

--- Feature Selection ---
Parameter                           Value                          Description              
------------------------------------------------------------------------------------------
use_feature_selection               [-] OFF                        Enable feature selection 
selection_reg_lambda                1e-05                          Sparsity regularization  
selection_temperature               0.1                            Gumbel temperature       
selection_noise_std                 0.5                            Selection noise std      

--- Positional Encoding ---
Parameter                           Value                          Description              
------------------------------------------------------------------------------------------
use_alibi                           [-] OFF                        Use ALiBi bias           

--- Regime Context Encoder ---
Parameter                           Value                          Description              
------------------------------------------------------------------------------------------
use_external_macro                  [+] ON                         Use external macro features
d_macro_input                       102                            Macro input dimension    
regime_macro_dropout                0.1                            Macro dropout            
regime_internal_mode                long                           Internal mode (short/long)
regime_internal_lag                 5                              Internal lag steps       
regime_internal_use_batch_stats     [-] OFF                        Use batch statistics     
regime_internal_tail_threshold      2                              Tail threshold           

--- Pooling ---
Parameter                           Value                          Description              
------------------------------------------------------------------------------------------
pooling_alpha                       0.7                            Attention vs mean weight 

--- Trainer Configuration ---
Parameter                           Value                          Description              
------------------------------------------------------------------------------------------
lr                                  5e-05                          Learning rate            
epochs                              25                             Number of epochs         
batch_size                          300                            Batch size (stocks/day)  
grad_accum_steps                    1                              Accumulate K days/step   
early_stop                          0                              Early stop patience      
train_stop_key                      loss_main                      Train stop metric key    
train_stop_threshold                None                           Train stop threshold     
min_epochs                          25                             Min epochs before stop   
consecutive_k                       999999                         Consecutive epochs to stop
use_warmup                          [+] ON                         Enable LR warmup         
warmup_config                       3723/74475 steps               Warmup steps/ratio       
total_steps                         74475                          Total training steps     
random_seed                         46                             Random seed              
num_workers                         0                              DataLoader workers       
label_dim                           1                              Label dimension          
market_state_path                   market_state_csi300.pkl        Market state file        
market_state_shift                  0                              Market state shift       
market_state_strict                 [+] ON                         Strict market state      
================================================================================

>>> [Train] epochs=25, stop=train_threshold(off, min_epochs=25, k=999999)
>>> [Warn] non-finite gradients detected (tensors=7, values=421); optimizer step skipped and excluded from grad_norm metrics.
| Train 01 | time_embedding_norm:0.166658 | time_embedding_to_value_norm_ratio:1.360654 | time_tau:5.000132 | time_half_life:3.465828 | time_tau_std:0.001562 | time_tau_p10:4.998697 | time_tau_p90:5.001588 | time_tau_range_util:0.000058 | film_gamma_strength:0.001810 | film_beta_strength:0.000573 | factor_gate_mean:0.999975 | factor_gate_std:0.000355 | factor_gate_entropy:0.946069 | factor_gate_topk_mass_5:0.093519 | factor_gate_topk_mass_10:0.170064 | router_layer_0_time_ratio:0.312145 | router_layer_0_factor_ratio:0.349580 | router_layer_0_stock_ratio:0.338275 | router_layer_0_collapse_ratio:0.000000 | router_layer_0_entropy_norm:0.997353 | router_layer_0_logit_margin:0.049253 | expert_layer_0_time_expert_norm:3.878266 | expert_layer_0_factor_expert_norm:5.531767 | expert_layer_0_time_contrib_norm:1.209924 | expert_layer_0_factor_contrib_norm:1.932794 | expert_layer_0_contrib_norm_ratio:0.638147 | expert_layer_0_expert_cosine:-0.005935 | expert_layer_0_time_winner_ratio:0.017814 | expert_layer_0_stock_ratio:0.338275 | expert_layer_0_stock_expert_norm:0.149920 | expert_layer_0_stock_contrib_norm:0.050721 | expert_layer_0_stock_winner_ratio:0.000000 | expert_layer_0_expert_cosine_ts:0.000399 | expert_layer_0_expert_cosine_fs:0.000057 | router_layer_1_time_ratio:0.356365 | router_layer_1_factor_ratio:0.366228 | router_layer_1_stock_ratio:0.277408 | router_layer_1_collapse_ratio:0.000000 | router_layer_1_entropy_norm:0.981919 | router_layer_1_logit_margin:0.061673 | expert_layer_1_time_expert_norm:4.163862 | expert_layer_1_factor_expert_norm:5.412894 | expert_layer_1_time_contrib_norm:1.484485 | expert_layer_1_factor_contrib_norm:1.983852 | expert_layer_1_contrib_norm_ratio:0.761913 | expert_layer_1_expert_cosine:-0.003849 | expert_layer_1_time_winner_ratio:0.056354 | expert_layer_1_stock_ratio:0.277408 | expert_layer_1_stock_expert_norm:0.138343 | expert_layer_1_stock_contrib_norm:0.038330 | expert_layer_1_stock_winner_ratio:0.000000 | expert_layer_1_expert_cosine_ts:-0.000286 | expert_layer_1_expert_cosine_fs:-0.000002 | tr_gate_g:0.119304 | tr_attn_last_frac:0.125759 | tr_attn_entropy:2.079370 | loss_total:1.400482 | loss_main:1.393135 | loss_listmle:4.712465 | loss_mse:1.393135 | loss_ic:-0.043711 | loss_aux:0.007347 | loss_sparsity:0.000000 | valid_ratio:1.000000 | score_std:0.039444 | label_std:1.165067 | score_label_std_ratio:0.034156 | ic_pearson_batch:0.043712 | ic_raw:0.043712 | rank_ic_batch:0.045258 | rank_ic:0.045258 | gate_entropy:1.087226 | time_ratio:0.334255 | grad_nonfinite_tensors:3.250000 | grad_nonfinite_values:133.500000 | grad_norm:12.871489 | grad_norm_other:6.146239 | grad_norm_time_embedding:5.133655 | grad_norm_factor_film:0.007254 | grad_norm_regime_encoder:0.089550 | grad_norm_router:0.281751 | grad_norm_time_expert:0.733806 | grad_norm_factor_expert:2.099333 | grad_norm_pooling_head:9.792662 | optimizer_steps:2975.000000 | grad_attempt_steps:2979.000000 | grad_skipped_steps:4.000000 | grad_nonfinite_steps:4.000000 | grad_skipped_rate:0.001343 | grad_nonfinite_rate:0.001343 | lr:0.000040 | sampler_epoch:0.000000 | sampler_num_days:2979.000000 | sampler_num_batches:2979.000000 | sampler_batch_size:300.000000 | sampler_total_source_samples:856246.000000 | sampler_total_draws:893700.000000 | sampler_unique_samples:566781.000000 | sampler_coverage_ratio:0.661937 | sampler_coverage_gap_vs_full:0.338063 | sampler_duplicate_draws:326919.000000 | sampler_duplicate_rate:0.365804 | sampler_downsample_days:0.000000 | sampler_upsample_days:2877.000000 | sampler_exact_days:102.000000 | sampler_downsample_day_ratio:0.000000 | sampler_upsample_day_ratio:0.965760
| Valid 01 | time_embedding_norm:0.166144 | time_embedding_to_value_norm_ratio:1.331093 | time_tau:4.993788 | time_half_life:3.461430 | time_tau_std:0.000000 | time_tau_p10:4.993788 | time_tau_p90:4.993788 | time_tau_range_util:0.000000 | film_gamma_strength:0.006756 | film_beta_strength:0.002063 | factor_gate_mean:0.999711 | factor_gate_std:0.001287 | factor_gate_entropy:0.951922 | factor_gate_topk_mass_5:0.084250 | factor_gate_topk_mass_10:0.155801 | router_layer_0_time_ratio:0.279658 | router_layer_0_factor_ratio:0.386485 | router_layer_0_stock_ratio:0.333857 | router_layer_0_collapse_ratio:0.000000 | router_layer_0_entropy_norm:0.991070 | router_layer_0_logit_margin:0.159051 | expert_layer_0_time_expert_norm:3.986912 | expert_layer_0_factor_expert_norm:5.748408 | expert_layer_0_time_contrib_norm:1.114991 | expert_layer_0_factor_contrib_norm:2.221852 | expert_layer_0_contrib_norm_ratio:0.511415 | expert_layer_0_expert_cosine:-0.010601 | expert_layer_0_time_winner_ratio:0.003268 | expert_layer_0_stock_ratio:0.333857 | expert_layer_0_stock_expert_norm:0.054823 | expert_layer_0_stock_contrib_norm:0.018286 | expert_layer_0_stock_winner_ratio:0.000000 | expert_layer_0_expert_cosine_ts:0.004311 | expert_layer_0_expert_cosine_fs:0.000305 | expert_layer_0_stock_attn_entropy_norm:1.000000 | expert_layer_0_stock_attn_self_frac:0.003339 | expert_layer_0_stock_attn_hub_top5_share:0.048824 | router_layer_1_time_ratio:0.426867 | router_layer_1_factor_ratio:0.419254 | router_layer_1_stock_ratio:0.153879 | router_layer_1_collapse_ratio:0.000000 | router_layer_1_entropy_norm:0.922562 | router_layer_1_logit_margin:0.119232 | expert_layer_1_time_expert_norm:4.374012 | expert_layer_1_factor_expert_norm:5.938432 | expert_layer_1_time_contrib_norm:1.867264 | expert_layer_1_factor_contrib_norm:2.489068 | expert_layer_1_contrib_norm_ratio:0.763298 | expert_layer_1_expert_cosine:0.006016 | expert_layer_1_time_winner_ratio:0.068248 | expert_layer_1_stock_ratio:0.153879 | expert_layer_1_stock_expert_norm:0.045854 | expert_layer_1_stock_contrib_norm:0.007051 | expert_layer_1_stock_winner_ratio:0.000000 | expert_layer_1_expert_cosine_ts:0.004377 | expert_layer_1_expert_cosine_fs:-0.000107 | expert_layer_1_stock_attn_entropy_norm:1.000000 | expert_layer_1_stock_attn_self_frac:0.003339 | expert_layer_1_stock_attn_hub_top5_share:0.048824 | tr_gate_g:0.119466 | tr_attn_last_frac:0.125568 | tr_attn_entropy:2.079365 | loss_total:0.035340 | loss_main:0.035298 | loss_listmle:4.711745 | loss_mse:0.035298 | loss_ic:-0.040434 | loss_aux:0.000042 | loss_sparsity:0.000000 | valid_ratio:1.000000 | score_std:0.032541 | label_std:0.045755 | score_label_std_ratio:0.736509 | gate_entropy:1.051170 | time_ratio:0.353263 | ic_pearson_daily:0.040465 | rank_ic_daily:0.046147 | ic_raw:0.040465 | rank_ic:0.046147
| Train 02 | time_embedding_norm:0.163263 | time_embedding_to_value_norm_ratio:1.266564 | time_tau:4.995679 | time_half_life:3.462741 | time_tau_std:0.001617 | time_tau_p10:4.994126 | time_tau_p90:4.997217 | time_tau_range_util:0.000062 | film_gamma_strength:0.017598 | film_beta_strength:0.003382 | factor_gate_mean:0.999725 | factor_gate_std:0.003310 | factor_gate_entropy:0.949541 | factor_gate_topk_mass_5:0.089379 | factor_gate_topk_mass_10:0.163754 | router_layer_0_time_ratio:0.317285 | router_layer_0_factor_ratio:0.337081 | router_layer_0_stock_ratio:0.345634 | router_layer_0_collapse_ratio:0.000000 | router_layer_0_entropy_norm:0.991416 | router_layer_0_logit_margin:0.129203 | expert_layer_0_time_expert_norm:4.535905 | expert_layer_0_factor_expert_norm:5.330073 | expert_layer_0_time_contrib_norm:1.451339 | expert_layer_0_factor_contrib_norm:1.798371 | expert_layer_0_contrib_norm_ratio:0.880075 | expert_layer_0_expert_cosine:-0.012636 | expert_layer_0_time_winner_ratio:0.284147 | expert_layer_0_stock_ratio:0.345634 | expert_layer_0_stock_expert_norm:0.497006 | expert_layer_0_stock_contrib_norm:0.173507 | expert_layer_0_stock_winner_ratio:0.000000 | expert_layer_0_expert_cosine_ts:0.026462 | expert_layer_0_expert_cosine_fs:0.003195 | router_layer_1_time_ratio:0.422435 | router_layer_1_factor_ratio:0.415597 | router_layer_1_stock_ratio:0.161968 | router_layer_1_collapse_ratio:0.000000 | router_layer_1_entropy_norm:0.924136 | router_layer_1_logit_margin:0.244764 | expert_layer_1_time_expert_norm:5.526855 | expert_layer_1_factor_expert_norm:5.376295 | expert_layer_1_time_contrib_norm:2.340343 | expert_layer_1_factor_contrib_norm:2.234414 | expert_layer_1_contrib_norm_ratio:1.115963 | expert_layer_1_expert_cosine:0.005101 | expert_layer_1_time_winner_ratio:0.480433 | expert_layer_1_stock_ratio:0.161968 | expert_layer_1_stock_expert_norm:1.465245 | expert_layer_1_stock_contrib_norm:0.253538 | expert_layer_1_stock_winner_ratio:0.005378 | expert_layer_1_expert_cosine_ts:0.070355 | expert_layer_1_expert_cosine_fs:0.000249 | tr_gate_g:0.119896 | tr_attn_last_frac:0.123041 | tr_attn_entropy:2.079350 | loss_total:1.388745 | loss_main:1.388716 | loss_listmle:4.710553 | loss_mse:1.388716 | loss_ic:-0.079489 | loss_aux:0.000029 | loss_sparsity:0.000000 | valid_ratio:1.000000 | score_std:0.066944 | label_std:1.166656 | score_label_std_ratio:0.057910 | ic_pearson_batch:0.079490 | ic_raw:0.079490 | rank_ic_batch:0.082136 | rank_ic:0.082136 | gate_entropy:1.052225 | time_ratio:0.369860 | grad_norm:7.641835 | grad_norm_other:2.891784 | grad_norm_time_embedding:3.572385 | grad_norm_factor_film:0.018553 | grad_norm_regime_encoder:0.214330 | grad_norm_router:0.653977 | grad_norm_time_expert:0.439417 | grad_norm_factor_expert:1.104979 | grad_norm_pooling_head:5.885880 | optimizer_steps:2979.000000 | grad_attempt_steps:2979.000000 | grad_skipped_steps:0.000000 | grad_nonfinite_steps:0.000000 | grad_skipped_rate:0.000000 | grad_nonfinite_rate:0.000000 | lr:0.000050 | sampler_epoch:1.000000 | sampler_num_days:2979.000000 | sampler_num_batches:2979.000000 | sampler_batch_size:300.000000 | sampler_total_source_samples:856246.000000 | sampler_total_draws:893700.000000 | sampler_unique_samples:566623.000000 | sampler_coverage_ratio:0.661753 | sampler_coverage_gap_vs_full:0.338247 | sampler_duplicate_draws:327077.000000 | sampler_duplicate_rate:0.365981 | sampler_downsample_days:0.000000 | sampler_upsample_days:2877.000000 | sampler_exact_days:102.000000 | sampler_downsample_day_ratio:0.000000 | sampler_upsample_day_ratio:0.965760
| Valid 02 | time_embedding_norm:0.159448 | time_embedding_to_value_norm_ratio:1.173653 | time_tau:5.002918 | time_half_life:3.467759 | time_tau_std:0.000000 | time_tau_p10:5.002918 | time_tau_p90:5.002918 | time_tau_range_util:0.000000 | film_gamma_strength:0.028619 | film_beta_strength:0.004485 | factor_gate_mean:1.000046 | factor_gate_std:0.005517 | factor_gate_entropy:0.949934 | factor_gate_topk_mass_5:0.091206 | factor_gate_topk_mass_10:0.166753 | router_layer_0_time_ratio:0.333857 | router_layer_0_factor_ratio:0.322192 | router_layer_0_stock_ratio:0.343951 | router_layer_0_collapse_ratio:0.000000 | router_layer_0_entropy_norm:0.992059 | router_layer_0_logit_margin:0.096441 | expert_layer_0_time_expert_norm:5.930283 | expert_layer_0_factor_expert_norm:5.554606 | expert_layer_0_time_contrib_norm:1.978020 | expert_layer_0_factor_contrib_norm:1.790740 | expert_layer_0_contrib_norm_ratio:1.179890 | expert_layer_0_expert_cosine:-0.003945 | expert_layer_0_time_winner_ratio:0.580724 | expert_layer_0_stock_ratio:0.343951 | expert_layer_0_stock_expert_norm:2.927861 | expert_layer_0_stock_contrib_norm:1.003382 | expert_layer_0_stock_winner_ratio:0.000087 | expert_layer_0_expert_cosine_ts:0.050463 | expert_layer_0_expert_cosine_fs:0.012341 | expert_layer_0_stock_attn_entropy_norm:1.000000 | expert_layer_0_stock_attn_self_frac:0.003339 | expert_layer_0_stock_attn_hub_top5_share:0.048826 | router_layer_1_time_ratio:0.465908 | router_layer_1_factor_ratio:0.357944 | router_layer_1_stock_ratio:0.176148 | router_layer_1_collapse_ratio:0.000000 | router_layer_1_entropy_norm:0.930950 | router_layer_1_logit_margin:0.333510 | expert_layer_1_time_expert_norm:9.192528 | expert_layer_1_factor_expert_norm:5.255516 | expert_layer_1_time_contrib_norm:4.275706 | expert_layer_1_factor_contrib_norm:1.876423 | expert_layer_1_contrib_norm_ratio:2.346057 | expert_layer_1_expert_cosine:0.004276 | expert_layer_1_time_winner_ratio:0.999978 | expert_layer_1_stock_ratio:0.176148 | expert_layer_1_stock_expert_norm:21.315251 | expert_layer_1_stock_contrib_norm:3.750716 | expert_layer_1_stock_winner_ratio:0.201165 | expert_layer_1_expert_cosine_ts:0.203096 | expert_layer_1_expert_cosine_fs:0.001185 | expert_layer_1_stock_attn_entropy_norm:1.000000 | expert_layer_1_stock_attn_self_frac:0.003338 | expert_layer_1_stock_attn_hub_top5_share:0.048836 | tr_gate_g:0.120301 | tr_attn_last_frac:0.121082 | tr_attn_entropy:2.079255 | loss_total:0.037742 | loss_main:0.037691 | loss_listmle:4.728751 | loss_mse:0.037691 | loss_ic:-0.033279 | loss_aux:0.000051 | loss_sparsity:0.000000 | valid_ratio:1.000000 | score_std:0.159020 | label_std:0.045755 | score_label_std_ratio:3.589390 | gate_entropy:1.056321 | time_ratio:0.399882 | ic_pearson_daily:0.033285 | rank_ic_daily:0.034638 | ic_raw:0.033285 | rank_ic:0.034638
| Train 03 | time_embedding_norm:0.156290 | time_embedding_to_value_norm_ratio:1.121345 | time_tau:4.992868 | time_half_life:3.460792 | time_tau_std:0.002769 | time_tau_p10:4.989747 | time_tau_p90:4.996028 | time_tau_range_util:0.000127 | film_gamma_strength:0.043859 | film_beta_strength:0.004405 | factor_gate_mean:0.999327 | factor_gate_std:0.010499 | factor_gate_entropy:0.944951 | factor_gate_topk_mass_5:0.099100 | factor_gate_topk_mass_10:0.178983 | router_layer_0_time_ratio:0.390486 | router_layer_0_factor_ratio:0.246018 | router_layer_0_stock_ratio:0.363495 | router_layer_0_collapse_ratio:0.000000 | router_layer_0_entropy_norm:0.968851 | router_layer_0_logit_margin:0.096489 | expert_layer_0_time_expert_norm:7.415455 | expert_layer_0_factor_expert_norm:5.230684 | expert_layer_0_time_contrib_norm:2.910739 | expert_layer_0_factor_contrib_norm:1.289907 | expert_layer_0_contrib_norm_ratio:2.606432 | expert_layer_0_expert_cosine:-0.002963 | expert_layer_0_time_winner_ratio:0.963573 | expert_layer_0_stock_ratio:0.363495 | expert_layer_0_stock_expert_norm:3.118818 | expert_layer_0_stock_contrib_norm:1.133940 | expert_layer_0_stock_winner_ratio:0.000781 | expert_layer_0_expert_cosine_ts:0.018833 | expert_layer_0_expert_cosine_fs:0.007633 | router_layer_1_time_ratio:0.411587 | router_layer_1_factor_ratio:0.363874 | router_layer_1_stock_ratio:0.224539 | router_layer_1_collapse_ratio:0.000000 | router_layer_1_entropy_norm:0.961006 | router_layer_1_logit_margin:0.316461 | expert_layer_1_time_expert_norm:12.496975 | expert_layer_1_factor_expert_norm:4.391752 | expert_layer_1_time_contrib_norm:5.122989 | expert_layer_1_factor_contrib_norm:1.599719 | expert_layer_1_contrib_norm_ratio:3.450647 | expert_layer_1_expert_cosine:0.004845 | expert_layer_1_time_winner_ratio:0.999993 | expert_layer_1_stock_ratio:0.224539 | expert_layer_1_stock_expert_norm:49.716437 | expert_layer_1_stock_contrib_norm:11.752771 | expert_layer_1_stock_winner_ratio:0.817351 | expert_layer_1_expert_cosine_ts:0.205227 | expert_layer_1_expert_cosine_fs:0.000602 | tr_gate_g:0.120768 | tr_attn_last_frac:0.120286 | tr_attn_entropy:2.079195 | loss_total:1.379218 | loss_main:1.379183 | loss_listmle:4.708282 | loss_mse:1.379183 | loss_ic:-0.103831 | loss_aux:0.000035 | loss_sparsity:0.000000 | valid_ratio:1.000000 | score_std:0.113533 | label_std:1.167125 | score_label_std_ratio:0.098247 | ic_pearson_batch:0.103832 | ic_raw:0.103832 | rank_ic_batch:0.105464 | rank_ic:0.105464 | gate_entropy:1.060082 | time_ratio:0.401037 | grad_norm:4.846607 | grad_norm_other:1.738274 | grad_norm_time_embedding:2.454412 | grad_norm_factor_film:0.035545 | grad_norm_regime_encoder:0.172671 | grad_norm_router:0.470054 | grad_norm_time_expert:0.381873 | grad_norm_factor_expert:0.492913 | grad_norm_pooling_head:3.647559 | grad_nonfinite_tensors:1.000000 | grad_nonfinite_values:1.000000 | optimizer_steps:2977.000000 | grad_attempt_steps:2979.000000 | grad_skipped_steps:2.000000 | grad_nonfinite_steps:2.000000 | grad_skipped_rate:0.000671 | grad_nonfinite_rate:0.000671 | lr:0.000049 | sampler_epoch:2.000000 | sampler_num_days:2979.000000 | sampler_num_batches:2979.000000 | sampler_batch_size:300.000000 | sampler_total_source_samples:856246.000000 | sampler_total_draws:893700.000000 | sampler_unique_samples:566467.000000 | sampler_coverage_ratio:0.661570 | sampler_coverage_gap_vs_full:0.338430 | sampler_duplicate_draws:327233.000000 | sampler_duplicate_rate:0.366155 | sampler_downsample_days:0.000000 | sampler_upsample_days:2877.000000 | sampler_exact_days:102.000000 | sampler_downsample_day_ratio:0.000000 | sampler_upsample_day_ratio:0.965760
| Valid 03 | time_embedding_norm:0.153312 | time_embedding_to_value_norm_ratio:1.070643 | time_tau:4.978697 | time_half_life:3.450970 | time_tau_std:0.000000 | time_tau_p10:4.978697 | time_tau_p90:4.978697 | time_tau_range_util:0.000000 | film_gamma_strength:0.046980 | film_beta_strength:0.005127 | factor_gate_mean:0.998946 | factor_gate_std:0.012697 | factor_gate_entropy:0.943282 | factor_gate_topk_mass_5:0.100230 | factor_gate_topk_mass_10:0.183882 | router_layer_0_time_ratio:0.440435 | router_layer_0_factor_ratio:0.219234 | router_layer_0_stock_ratio:0.340332 | router_layer_0_collapse_ratio:0.000000 | router_layer_0_entropy_norm:0.954372 | router_layer_0_logit_margin:0.255218 | expert_layer_0_time_expert_norm:9.387863 | expert_layer_0_factor_expert_norm:5.400016 | expert_layer_0_time_contrib_norm:4.131475 | expert_layer_0_factor_contrib_norm:1.186611 | expert_layer_0_contrib_norm_ratio:3.922040 | expert_layer_0_expert_cosine:-0.004017 | expert_layer_0_time_winner_ratio:1.000000 | expert_layer_0_stock_ratio:0.340332 | expert_layer_0_stock_expert_norm:5.141168 | expert_layer_0_stock_contrib_norm:1.743809 | expert_layer_0_stock_winner_ratio:0.000005 | expert_layer_0_expert_cosine_ts:-0.018721 | expert_layer_0_expert_cosine_fs:0.008983 | expert_layer_0_stock_attn_entropy_norm:1.000000 | expert_layer_0_stock_attn_self_frac:0.003339 | expert_layer_0_stock_attn_hub_top5_share:0.048828 | router_layer_1_time_ratio:0.425775 | router_layer_1_factor_ratio:0.315171 | router_layer_1_stock_ratio:0.259054 | router_layer_1_collapse_ratio:0.000000 | router_layer_1_entropy_norm:0.973311 | router_layer_1_logit_margin:0.388275 | expert_layer_1_time_expert_norm:15.084581 | expert_layer_1_factor_expert_norm:4.194361 | expert_layer_1_time_contrib_norm:6.424571 | expert_layer_1_factor_contrib_norm:1.320676 | expert_layer_1_contrib_norm_ratio:5.081329 | expert_layer_1_expert_cosine:0.005144 | expert_layer_1_time_winner_ratio:1.000000 | expert_layer_1_stock_ratio:0.259054 | expert_layer_1_stock_expert_norm:100.465705 | expert_layer_1_stock_contrib_norm:26.014570 | expert_layer_1_stock_winner_ratio:1.000000 | expert_layer_1_expert_cosine_ts:0.247396 | expert_layer_1_expert_cosine_fs:-0.001466 | expert_layer_1_stock_attn_entropy_norm:0.999989 | expert_layer_1_stock_attn_self_frac:0.003328 | expert_layer_1_stock_attn_hub_top5_share:0.048945 | tr_gate_g:0.121180 | tr_attn_last_frac:0.119467 | tr_attn_entropy:2.079121 | loss_total:0.030084 | loss_main:0.030044 | loss_listmle:4.717715 | loss_mse:0.030044 | loss_ic:-0.050852 | loss_aux:0.000040 | loss_sparsity:0.000000 | valid_ratio:1.000000 | score_std:0.150134 | label_std:0.045755 | score_label_std_ratio:3.394894 | gate_entropy:1.058888 | time_ratio:0.433105 | ic_pearson_daily:0.050860 | rank_ic_daily:0.058063 | ic_raw:0.050860 | rank_ic:0.058063
| Train 04 | time_embedding_norm:0.151032 | time_embedding_to_value_norm_ratio:1.036832 | time_tau:4.985302 | time_half_life:3.455548 | time_tau_std:0.004681 | time_tau_p10:4.979602 | time_tau_p90:4.990949 | time_tau_range_util:0.000229 | film_gamma_strength:0.051543 | film_beta_strength:0.005032 | factor_gate_mean:0.998790 | factor_gate_std:0.014512 | factor_gate_entropy:0.941194 | factor_gate_topk_mass_5:0.101432 | factor_gate_topk_mass_10:0.186558 | router_layer_0_time_ratio:0.400362 | router_layer_0_factor_ratio:0.225942 | router_layer_0_stock_ratio:0.373696 | router_layer_0_collapse_ratio:0.000000 | router_layer_0_entropy_norm:0.954826 | router_layer_0_logit_margin:0.128440 | expert_layer_0_time_expert_norm:9.346058 | expert_layer_0_factor_expert_norm:5.258197 | expert_layer_0_time_contrib_norm:3.740260 | expert_layer_0_factor_contrib_norm:1.192267 | expert_layer_0_contrib_norm_ratio:3.690561 | expert_layer_0_expert_cosine:-0.006753 | expert_layer_0_time_winner_ratio:0.999915 | expert_layer_0_stock_ratio:0.373696 | expert_layer_0_stock_expert_norm:4.287119 | expert_layer_0_stock_contrib_norm:1.607295 | expert_layer_0_stock_winner_ratio:0.002857 | expert_layer_0_expert_cosine_ts:-0.027728 | expert_layer_0_expert_cosine_fs:0.008435 | router_layer_1_time_ratio:0.384432 | router_layer_1_factor_ratio:0.334886 | router_layer_1_stock_ratio:0.280681 | router_layer_1_collapse_ratio:0.000000 | router_layer_1_entropy_norm:0.979228 | router_layer_1_logit_margin:0.338169 | expert_layer_1_time_expert_norm:18.713478 | expert_layer_1_factor_expert_norm:3.978162 | expert_layer_1_time_contrib_norm:7.196535 | expert_layer_1_factor_contrib_norm:1.335575 | expert_layer_1_contrib_norm_ratio:5.948978 | expert_layer_1_expert_cosine:0.007263 | expert_layer_1_time_winner_ratio:1.000000 | expert_layer_1_stock_ratio:0.280681 | expert_layer_1_stock_expert_norm:86.273014 | expert_layer_1_stock_contrib_norm:24.338448 | expert_layer_1_stock_winner_ratio:0.999330 | expert_layer_1_expert_cosine_ts:0.169869 | expert_layer_1_expert_cosine_fs:-0.005430 | tr_gate_g:0.121501 | tr_attn_last_frac:0.119043 | tr_attn_entropy:2.079045 | loss_total:1.367605 | loss_main:1.367579 | loss_listmle:4.705526 | loss_mse:1.367579 | loss_ic:-0.119815 | loss_aux:0.000026 | loss_sparsity:0.000000 | valid_ratio:1.000000 | score_std:0.132770 | label_std:1.165639 | score_label_std_ratio:0.115031 | ic_pearson_batch:0.119816 | ic_raw:0.119816 | rank_ic_batch:0.122411 | rank_ic:0.122411 | gate_entropy:1.062387 | time_ratio:0.392397 | grad_norm:3.542061 | grad_norm_other:1.409765 | grad_norm_time_embedding:1.536744 | grad_norm_factor_film:0.042576 | grad_norm_regime_encoder:0.228311 | grad_norm_router:0.494272 | grad_norm_time_expert:0.307042 | grad_norm_factor_expert:0.313672 | grad_norm_pooling_head:2.674904 | optimizer_steps:2979.000000 | grad_attempt_steps:2979.000000 | grad_skipped_steps:0.000000 | grad_nonfinite_steps:0.000000 | grad_skipped_rate:0.000000 | grad_nonfinite_rate:0.000000 | lr:0.000048 | sampler_epoch:3.000000 | sampler_num_days:2979.000000 | sampler_num_batches:2979.000000 | sampler_batch_size:300.000000 | sampler_total_source_samples:856246.000000 | sampler_total_draws:893700.000000 | sampler_unique_samples:566345.000000 | sampler_coverage_ratio:0.661428 | sampler_coverage_gap_vs_full:0.338572 | sampler_duplicate_draws:327355.000000 | sampler_duplicate_rate:0.366292 | sampler_downsample_days:0.000000 | sampler_upsample_days:2877.000000 | sampler_exact_days:102.000000 | sampler_downsample_day_ratio:0.000000 | sampler_upsample_day_ratio:0.965760
| Valid 04 | time_embedding_norm:0.148653 | time_embedding_to_value_norm_ratio:0.999467 | time_tau:4.949954 | time_half_life:3.431047 | time_tau_std:0.000000 | time_tau_p10:4.949954 | time_tau_p90:4.949954 | time_tau_range_util:0.000000 | film_gamma_strength:0.049340 | film_beta_strength:0.005550 | factor_gate_mean:0.997807 | factor_gate_std:0.014336 | factor_gate_entropy:0.940473 | factor_gate_topk_mass_5:0.099970 | factor_gate_topk_mass_10:0.184227 | router_layer_0_time_ratio:0.415166 | router_layer_0_factor_ratio:0.242163 | router_layer_0_stock_ratio:0.342670 | router_layer_0_collapse_ratio:0.000000 | router_layer_0_entropy_norm:0.963967 | router_layer_0_logit_margin:0.182130 | expert_layer_0_time_expert_norm:10.637287 | expert_layer_0_factor_expert_norm:5.713614 | expert_layer_0_time_contrib_norm:4.413311 | expert_layer_0_factor_contrib_norm:1.387105 | expert_layer_0_contrib_norm_ratio:3.638582 | expert_layer_0_expert_cosine:-0.009534 | expert_layer_0_time_winner_ratio:1.000000 | expert_layer_0_stock_ratio:0.342670 | expert_layer_0_stock_expert_norm:6.942389 | expert_layer_0_stock_contrib_norm:2.374119 | expert_layer_0_stock_winner_ratio:0.002901 | expert_layer_0_expert_cosine_ts:-0.059340 | expert_layer_0_expert_cosine_fs:0.012659 | expert_layer_0_stock_attn_entropy_norm:1.000000 | expert_layer_0_stock_attn_self_frac:0.003338 | expert_layer_0_stock_attn_hub_top5_share:0.048829 | router_layer_1_time_ratio:0.413698 | router_layer_1_factor_ratio:0.278416 | router_layer_1_stock_ratio:0.307886 | router_layer_1_collapse_ratio:0.000000 | router_layer_1_entropy_norm:0.980397 | router_layer_1_logit_margin:0.303844 | expert_layer_1_time_expert_norm:22.051745 | expert_layer_1_factor_expert_norm:3.659340 | expert_layer_1_time_contrib_norm:9.124513 | expert_layer_1_factor_contrib_norm:1.018611 | expert_layer_1_contrib_norm_ratio:9.313288 | expert_layer_1_expert_cosine:0.011939 | expert_layer_1_time_winner_ratio:1.000000 | expert_layer_1_stock_ratio:0.307886 | expert_layer_1_stock_expert_norm:132.244159 | expert_layer_1_stock_contrib_norm:40.719126 | expert_layer_1_stock_winner_ratio:1.000000 | expert_layer_1_expert_cosine_ts:0.161154 | expert_layer_1_expert_cosine_fs:-0.021545 | expert_layer_1_stock_attn_entropy_norm:0.999961 | expert_layer_1_stock_attn_self_frac:0.003318 | expert_layer_1_stock_attn_hub_top5_share:0.049069 | tr_gate_g:0.121759 | tr_attn_last_frac:0.119496 | tr_attn_entropy:2.079037 | loss_total:0.036953 | loss_main:0.036930 | loss_listmle:4.723532 | loss_mse:0.036930 | loss_ic:-0.050669 | loss_aux:0.000023 | loss_sparsity:0.000000 | valid_ratio:1.000000 | score_std:0.182890 | label_std:0.045755 | score_label_std_ratio:4.135637 | gate_entropy:1.068051 | time_ratio:0.414432 | ic_pearson_daily:0.050676 | rank_ic_daily:0.057858 | ic_raw:0.050676 | rank_ic:0.057858
| Train 05 | time_embedding_norm:0.146401 | time_embedding_to_value_norm_ratio:0.972297 | time_tau:4.973211 | time_half_life:3.447167 | time_tau_std:0.009513 | time_tau_p10:4.961337 | time_tau_p90:4.984974 | time_tau_range_util:0.000478 | film_gamma_strength:0.058036 | film_beta_strength:0.005700 | factor_gate_mean:0.998301 | factor_gate_std:0.017265 | factor_gate_entropy:0.943169 | factor_gate_topk_mass_5:0.097649 | factor_gate_topk_mass_10:0.179851 | router_layer_0_time_ratio:0.396636 | router_layer_0_factor_ratio:0.223509 | router_layer_0_stock_ratio:0.379855 | router_layer_0_collapse_ratio:0.000000 | router_layer_0_entropy_norm:0.949227 | router_layer_0_logit_margin:0.170687 | expert_layer_0_time_expert_norm:10.751642 | expert_layer_0_factor_expert_norm:5.349034 | expert_layer_0_time_contrib_norm:4.263303 | expert_layer_0_factor_contrib_norm:1.202044 | expert_layer_0_contrib_norm_ratio:4.279966 | expert_layer_0_expert_cosine:-0.008658 | expert_layer_0_time_winner_ratio:0.999980 | expert_layer_0_stock_ratio:0.379855 | expert_layer_0_stock_expert_norm:5.002003 | expert_layer_0_stock_contrib_norm:1.910132 | expert_layer_0_stock_winner_ratio:0.008212 | expert_layer_0_expert_cosine_ts:-0.034181 | expert_layer_0_expert_cosine_fs:0.011005 | router_layer_1_time_ratio:0.385518 | router_layer_1_factor_ratio:0.307270 | router_layer_1_stock_ratio:0.307211 | router_layer_1_collapse_ratio:0.000000 | router_layer_1_entropy_norm:0.979551 | router_layer_1_logit_margin:0.295940 | expert_layer_1_time_expert_norm:28.060604 | expert_layer_1_factor_expert_norm:3.653700 | expert_layer_1_time_contrib_norm:10.851965 | expert_layer_1_factor_contrib_norm:1.126405 | expert_layer_1_contrib_norm_ratio:10.721634 | expert_layer_1_expert_cosine:0.009331 | expert_layer_1_time_winner_ratio:1.000000 | expert_layer_1_stock_ratio:0.307211 | expert_layer_1_stock_expert_norm:101.005921 | expert_layer_1_stock_contrib_norm:31.087086 | expert_layer_1_stock_winner_ratio:0.999383 | expert_layer_1_expert_cosine_ts:0.132750 | expert_layer_1_expert_cosine_fs:-0.038845 | tr_gate_g:0.122158 | tr_attn_last_frac:0.118567 | tr_attn_entropy:2.078923 | loss_total:1.365625 | loss_main:1.365606 | loss_listmle:4.704503 | loss_mse:1.365606 | loss_ic:-0.127501 | loss_aux:0.000019 | loss_sparsity:0.000000 | valid_ratio:1.000000 | score_std:0.144813 | label_std:1.166157 | score_label_std_ratio:0.125421 | ic_pearson_batch:0.127501 | ic_raw:0.127501 | rank_ic_batch:0.129766 | rank_ic:0.129766 | gate_entropy:1.059490 | time_ratio:0.391077 | grad_norm:3.255463 | grad_norm_other:1.395511 | grad_norm_time_embedding:1.343681 | grad_norm_factor_film:0.048911 | grad_norm_regime_encoder:0.311553 | grad_norm_router:0.538460 | grad_norm_time_expert:0.296643 | grad_norm_factor_expert:0.274215 | grad_norm_pooling_head:2.370727 | grad_nonfinite_tensors:1.000000 | grad_nonfinite_values:2.000000 | optimizer_steps:2977.000000 | grad_attempt_steps:2979.000000 | grad_skipped_steps:2.000000 | grad_nonfinite_steps:2.000000 | grad_skipped_rate:0.000671 | grad_nonfinite_rate:0.000671 | lr:0.000047 | sampler_epoch:4.000000 | sampler_num_days:2979.000000 | sampler_num_batches:2979.000000 | sampler_batch_size:300.000000 | sampler_total_source_samples:856246.000000 | sampler_total_draws:893700.000000 | sampler_unique_samples:566325.000000 | sampler_coverage_ratio:0.661405 | sampler_coverage_gap_vs_full:0.338595 | sampler_duplicate_draws:327375.000000 | sampler_duplicate_rate:0.366314 | sampler_downsample_days:0.000000 | sampler_upsample_days:2877.000000 | sampler_exact_days:102.000000 | sampler_downsample_day_ratio:0.000000 | sampler_upsample_day_ratio:0.965760
| Valid 05 | time_embedding_norm:0.145471 | time_embedding_to_value_norm_ratio:0.949485 | time_tau:4.896756 | time_half_life:3.394173 | time_tau_std:0.000000 | time_tau_p10:4.896756 | time_tau_p90:4.896756 | time_tau_range_util:0.000000 | film_gamma_strength:0.059168 | film_beta_strength:0.006627 | factor_gate_mean:0.996207 | factor_gate_std:0.017888 | factor_gate_entropy:0.945194 | factor_gate_topk_mass_5:0.092831 | factor_gate_topk_mass_10:0.172250 | router_layer_0_time_ratio:0.404028 | router_layer_0_factor_ratio:0.247193 | router_layer_0_stock_ratio:0.348779 | router_layer_0_collapse_ratio:0.000000 | router_layer_0_entropy_norm:0.964223 | router_layer_0_logit_margin:0.193253 | expert_layer_0_time_expert_norm:10.680628 | expert_layer_0_factor_expert_norm:5.849857 | expert_layer_0_time_contrib_norm:4.313814 | expert_layer_0_factor_contrib_norm:1.451188 | expert_layer_0_contrib_norm_ratio:3.413919 | expert_layer_0_expert_cosine:-0.009979 | expert_layer_0_time_winner_ratio:1.000000 | expert_layer_0_stock_ratio:0.348779 | expert_layer_0_stock_expert_norm:7.894403 | expert_layer_0_stock_contrib_norm:2.754597 | expert_layer_0_stock_winner_ratio:0.062693 | expert_layer_0_expert_cosine_ts:-0.059820 | expert_layer_0_expert_cosine_fs:0.015176 | expert_layer_0_stock_attn_entropy_norm:1.000000 | expert_layer_0_stock_attn_self_frac:0.003338 | expert_layer_0_stock_attn_hub_top5_share:0.048830 | router_layer_1_time_ratio:0.438620 | router_layer_1_factor_ratio:0.264600 | router_layer_1_stock_ratio:0.296781 | router_layer_1_collapse_ratio:0.000000 | router_layer_1_entropy_norm:0.968217 | router_layer_1_logit_margin:0.392286 | expert_layer_1_time_expert_norm:31.256520 | expert_layer_1_factor_expert_norm:3.949481 | expert_layer_1_time_contrib_norm:13.727346 | expert_layer_1_factor_contrib_norm:1.047139 | expert_layer_1_contrib_norm_ratio:13.955684 | expert_layer_1_expert_cosine:0.006640 | expert_layer_1_time_winner_ratio:1.000000 | expert_layer_1_stock_ratio:0.296781 | expert_layer_1_stock_expert_norm:127.820729 | expert_layer_1_stock_contrib_norm:37.981870 | expert_layer_1_stock_winner_ratio:1.000000 | expert_layer_1_expert_cosine_ts:0.099497 | expert_layer_1_expert_cosine_fs:-0.072142 | expert_layer_1_stock_attn_entropy_norm:0.999976 | expert_layer_1_stock_attn_self_frac:0.003323 | expert_layer_1_stock_attn_hub_top5_share:0.049020 | tr_gate_g:0.122350 | tr_attn_last_frac:0.118780 | tr_attn_entropy:2.078888 | loss_total:0.033984 | loss_main:0.033952 | loss_listmle:4.725294 | loss_mse:0.033952 | loss_ic:-0.048357 | loss_aux:0.000031 | loss_sparsity:0.000000 | valid_ratio:1.000000 | score_std:0.156309 | label_std:0.045755 | score_label_std_ratio:3.535700 | gate_entropy:1.061501 | time_ratio:0.421324 | ic_pearson_daily:0.048365 | rank_ic_daily:0.050568 | ic_raw:0.048365 | rank_ic:0.050568
| Train 06 | time_embedding_norm:0.143700 | time_embedding_to_value_norm_ratio:0.928348 | time_tau:4.966731 | time_half_life:3.442676 | time_tau_std:0.013266 | time_tau_p10:4.950180 | time_tau_p90:4.983257 | time_tau_range_util:0.000668 | film_gamma_strength:0.065007 | film_beta_strength:0.006419 | factor_gate_mean:0.997880 | factor_gate_std:0.019987 | factor_gate_entropy:0.946226 | factor_gate_topk_mass_5:0.094179 | factor_gate_topk_mass_10:0.173514 | router_layer_0_time_ratio:0.392687 | router_layer_0_factor_ratio:0.221965 | router_layer_0_stock_ratio:0.385348 | router_layer_0_collapse_ratio:0.000000 | router_layer_0_entropy_norm:0.943972 | router_layer_0_logit_margin:0.223290 | expert_layer_0_time_expert_norm:11.010312 | expert_layer_0_factor_expert_norm:5.487395 | expert_layer_0_time_contrib_norm:4.325729 | expert_layer_0_factor_contrib_norm:1.226445 | expert_layer_0_contrib_norm_ratio:4.372304 | expert_layer_0_expert_cosine:-0.012493 | expert_layer_0_time_winner_ratio:0.998113 | expert_layer_0_stock_ratio:0.385348 | expert_layer_0_stock_expert_norm:5.511638 | expert_layer_0_stock_contrib_norm:2.142559 | expert_layer_0_stock_winner_ratio:0.038131 | expert_layer_0_expert_cosine_ts:-0.049130 | expert_layer_0_expert_cosine_fs:0.012350 | router_layer_1_time_ratio:0.388228 | router_layer_1_factor_ratio:0.296275 | router_layer_1_stock_ratio:0.315497 | router_layer_1_collapse_ratio:0.000000 | router_layer_1_entropy_norm:0.975099 | router_layer_1_logit_margin:0.292992 | expert_layer_1_time_expert_norm:34.224398 | expert_layer_1_factor_expert_norm:3.788836 | expert_layer_1_time_contrib_norm:13.336462 | expert_layer_1_factor_contrib_norm:1.126942 | expert_layer_1_contrib_norm_ratio:13.500182 | expert_layer_1_expert_cosine:-0.001744 | expert_layer_1_time_winner_ratio:1.000000 | expert_layer_1_stock_ratio:0.315497 | expert_layer_1_stock_expert_norm:106.646722 | expert_layer_1_stock_contrib_norm:33.780311 | expert_layer_1_stock_winner_ratio:0.999163 | expert_layer_1_expert_cosine_ts:0.101426 | expert_layer_1_expert_cosine_fs:-0.083231 | tr_gate_g:0.122659 | tr_attn_last_frac:0.118286 | tr_attn_entropy:2.078738 | loss_total:1.362203 | loss_main:1.362183 | loss_listmle:4.704298 | loss_mse:1.362183 | loss_ic:-0.133292 | loss_aux:0.000021 | loss_sparsity:0.000000 | valid_ratio:1.000000 | score_std:0.147443 | label_std:1.165976 | score_label_std_ratio:0.127660 | ic_pearson_batch:0.133293 | ic_raw:0.133293 | rank_ic_batch:0.134296 | rank_ic:0.134296 | gate_entropy:1.054158 | time_ratio:0.390458 | grad_norm:3.033118 | grad_norm_other:1.329713 | grad_norm_time_embedding:1.299969 | grad_norm_factor_film:0.050768 | grad_norm_regime_encoder:0.361415 | grad_norm_router:0.550484 | grad_norm_time_expert:0.299874 | grad_norm_factor_expert:0.265793 | grad_norm_pooling_head:2.111524 | optimizer_steps:2979.000000 | grad_attempt_steps:2979.000000 | grad_skipped_steps:0.000000 | grad_nonfinite_steps:0.000000 | grad_skipped_rate:0.000000 | grad_nonfinite_rate:0.000000 | lr:0.000045 | sampler_epoch:5.000000 | sampler_num_days:2979.000000 | sampler_num_batches:2979.000000 | sampler_batch_size:300.000000 | sampler_total_source_samples:856246.000000 | sampler_total_draws:893700.000000 | sampler_unique_samples:566350.000000 | sampler_coverage_ratio:0.661434 | sampler_coverage_gap_vs_full:0.338566 | sampler_duplicate_draws:327350.000000 | sampler_duplicate_rate:0.366286 | sampler_downsample_days:0.000000 | sampler_upsample_days:2877.000000 | sampler_exact_days:102.000000 | sampler_downsample_day_ratio:0.000000 | sampler_upsample_day_ratio:0.965760
| Valid 06 | time_embedding_norm:0.142728 | time_embedding_to_value_norm_ratio:0.908956 | time_tau:4.849076 | time_half_life:3.361123 | time_tau_std:0.000000 | time_tau_p10:4.849076 | time_tau_p90:4.849076 | time_tau_range_util:0.000000 | film_gamma_strength:0.063869 | film_beta_strength:0.006952 | factor_gate_mean:0.994423 | factor_gate_std:0.019709 | factor_gate_entropy:0.948986 | factor_gate_topk_mass_5:0.088114 | factor_gate_topk_mass_10:0.164141 | router_layer_0_time_ratio:0.441828 | router_layer_0_factor_ratio:0.225173 | router_layer_0_stock_ratio:0.333000 | router_layer_0_collapse_ratio:0.000000 | router_layer_0_entropy_norm:0.951190 | router_layer_0_logit_margin:0.302980 | expert_layer_0_time_expert_norm:11.596077 | expert_layer_0_factor_expert_norm:5.205632 | expert_layer_0_time_contrib_norm:5.121689 | expert_layer_0_factor_contrib_norm:1.175249 | expert_layer_0_contrib_norm_ratio:4.981015 | expert_layer_0_expert_cosine:-0.011883 | expert_layer_0_time_winner_ratio:1.000000 | expert_layer_0_stock_ratio:0.333000 | expert_layer_0_stock_expert_norm:7.558739 | expert_layer_0_stock_contrib_norm:2.522283 | expert_layer_0_stock_winner_ratio:0.020312 | expert_layer_0_expert_cosine_ts:-0.071805 | expert_layer_0_expert_cosine_fs:0.013351 | expert_layer_0_stock_attn_entropy_norm:1.000000 | expert_layer_0_stock_attn_self_frac:0.003338 | expert_layer_0_stock_attn_hub_top5_share:0.048829 | router_layer_1_time_ratio:0.452556 | router_layer_1_factor_ratio:0.249249 | router_layer_1_stock_ratio:0.298195 | router_layer_1_collapse_ratio:0.000000 | router_layer_1_entropy_norm:0.961703 | router_layer_1_logit_margin:0.415032 | expert_layer_1_time_expert_norm:43.749858 | expert_layer_1_factor_expert_norm:3.763640 | expert_layer_1_time_contrib_norm:19.829155 | expert_layer_1_factor_contrib_norm:0.939988 | expert_layer_1_contrib_norm_ratio:22.406875 | expert_layer_1_expert_cosine:0.001519 | expert_layer_1_time_winner_ratio:1.000000 | expert_layer_1_stock_ratio:0.298195 | expert_layer_1_stock_expert_norm:117.729313 | expert_layer_1_stock_contrib_norm:35.204926 | expert_layer_1_stock_winner_ratio:0.997598 | expert_layer_1_expert_cosine_ts:0.119142 | expert_layer_1_expert_cosine_fs:-0.131791 | expert_layer_1_stock_attn_entropy_norm:0.999971 | expert_layer_1_stock_attn_self_frac:0.003323 | expert_layer_1_stock_attn_hub_top5_share:0.049119 | tr_gate_g:0.122921 | tr_attn_last_frac:0.118519 | tr_attn_entropy:2.078669 | loss_total:0.029045 | loss_main:0.029023 | loss_listmle:4.718171 | loss_mse:0.029023 | loss_ic:-0.050856 | loss_aux:0.000021 | loss_sparsity:0.000000 | valid_ratio:1.000000 | score_std:0.137990 | label_std:0.045755 | score_label_std_ratio:3.113655 | gate_entropy:1.050764 | time_ratio:0.447192 | ic_pearson_daily:0.050864 | rank_ic_daily:0.056757 | ic_raw:0.050864 | rank_ic:0.056757
| Train 07 | time_embedding_norm:0.141115 | time_embedding_to_value_norm_ratio:0.891244 | time_tau:4.951669 | time_half_life:3.432236 | time_tau_std:0.014762 | time_tau_p10:4.933306 | time_tau_p90:4.970080 | time_tau_range_util:0.000743 | film_gamma_strength:0.068710 | film_beta_strength:0.006878 | factor_gate_mean:0.997442 | factor_gate_std:0.021415 | factor_gate_entropy:0.948286 | factor_gate_topk_mass_5:0.091570 | factor_gate_topk_mass_10:0.169461 | router_layer_0_time_ratio:0.404434 | router_layer_0_factor_ratio:0.217993 | router_layer_0_stock_ratio:0.377573 | router_layer_0_collapse_ratio:0.000000 | router_layer_0_entropy_norm:0.941960 | router_layer_0_logit_margin:0.251567 | expert_layer_0_time_expert_norm:11.629540 | expert_layer_0_factor_expert_norm:5.070294 | expert_layer_0_time_contrib_norm:4.702105 | expert_layer_0_factor_contrib_norm:1.112158 | expert_layer_0_contrib_norm_ratio:5.197568 | expert_layer_0_expert_cosine:-0.012739 | expert_layer_0_time_winner_ratio:0.999350 | expert_layer_0_stock_ratio:0.377573 | expert_layer_0_stock_expert_norm:5.473574 | expert_layer_0_stock_contrib_norm:2.085665 | expert_layer_0_stock_winner_ratio:0.026376 | expert_layer_0_expert_cosine_ts:-0.053746 | expert_layer_0_expert_cosine_fs:0.011714 | router_layer_1_time_ratio:0.388114 | router_layer_1_factor_ratio:0.284635 | router_layer_1_stock_ratio:0.327252 | router_layer_1_collapse_ratio:0.000000 | router_layer_1_entropy_norm:0.973897 | router_layer_1_logit_margin:0.259804 | expert_layer_1_time_expert_norm:41.453556 | expert_layer_1_factor_expert_norm:3.836786 | expert_layer_1_time_contrib_norm:16.159896 | expert_layer_1_factor_contrib_norm:1.096412 | expert_layer_1_contrib_norm_ratio:16.874817 | expert_layer_1_expert_cosine:-0.004676 | expert_layer_1_time_winner_ratio:1.000000 | expert_layer_1_stock_ratio:0.327252 | expert_layer_1_stock_expert_norm:107.691317 | expert_layer_1_stock_contrib_norm:35.399484 | expert_layer_1_stock_winner_ratio:0.995171 | expert_layer_1_expert_cosine_ts:0.092583 | expert_layer_1_expert_cosine_fs:-0.140873 | tr_gate_g:0.123150 | tr_attn_last_frac:0.118168 | tr_attn_entropy:2.078527 | loss_total:1.360447 | loss_main:1.360427 | loss_listmle:4.703788 | loss_mse:1.360427 | loss_ic:-0.137079 | loss_aux:0.000020 | loss_sparsity:0.000000 | valid_ratio:1.000000 | score_std:0.152971 | label_std:1.165952 | score_label_std_ratio:0.132506 | ic_pearson_batch:0.137080 | ic_raw:0.137080 | rank_ic_batch:0.139964 | rank_ic:0.139964 | gate_entropy:1.052392 | time_ratio:0.396274 | grad_norm:3.026484 | grad_norm_other:1.381434 | grad_norm_time_embedding:1.320116 | grad_norm_factor_film:0.055921 | grad_norm_regime_encoder:0.418676 | grad_norm_router:0.577483 | grad_norm_time_expert:0.324734 | grad_norm_factor_expert:0.258263 | grad_norm_pooling_head:2.012385 | grad_nonfinite_tensors:1.000000 | grad_nonfinite_values:3.000000 | optimizer_steps:2977.000000 | grad_attempt_steps:2979.000000 | grad_skipped_steps:2.000000 | grad_nonfinite_steps:2.000000 | grad_skipped_rate:0.000671 | grad_nonfinite_rate:0.000671 | lr:0.000043 | sampler_epoch:6.000000 | sampler_num_days:2979.000000 | sampler_num_batches:2979.000000 | sampler_batch_size:300.000000 | sampler_total_source_samples:856246.000000 | sampler_total_draws:893700.000000 | sampler_unique_samples:566695.000000 | sampler_coverage_ratio:0.661837 | sampler_coverage_gap_vs_full:0.338163 | sampler_duplicate_draws:327005.000000 | sampler_duplicate_rate:0.365900 | sampler_downsample_days:0.000000 | sampler_upsample_days:2877.000000 | sampler_exact_days:102.000000 | sampler_downsample_day_ratio:0.000000 | sampler_upsample_day_ratio:0.965760
| Valid 07 | time_embedding_norm:0.140055 | time_embedding_to_value_norm_ratio:0.874663 | time_tau:4.834868 | time_half_life:3.351275 | time_tau_std:0.000000 | time_tau_p10:4.834868 | time_tau_p90:4.834868 | time_tau_range_util:0.000000 | film_gamma_strength:0.073611 | film_beta_strength:0.007676 | factor_gate_mean:0.994240 | factor_gate_std:0.023040 | factor_gate_entropy:0.949131 | factor_gate_topk_mass_5:0.088617 | factor_gate_topk_mass_10:0.165287 | router_layer_0_time_ratio:0.453103 | router_layer_0_factor_ratio:0.240899 | router_layer_0_stock_ratio:0.305998 | router_layer_0_collapse_ratio:0.000000 | router_layer_0_entropy_norm:0.951194 | router_layer_0_logit_margin:0.382535 | expert_layer_0_time_expert_norm:12.441456 | expert_layer_0_factor_expert_norm:5.200847 | expert_layer_0_time_contrib_norm:5.633278 | expert_layer_0_factor_contrib_norm:1.256810 | expert_layer_0_contrib_norm_ratio:5.153872 | expert_layer_0_expert_cosine:-0.009936 | expert_layer_0_time_winner_ratio:1.000000 | expert_layer_0_stock_ratio:0.305998 | expert_layer_0_stock_expert_norm:7.357594 | expert_layer_0_stock_contrib_norm:2.252121 | expert_layer_0_stock_winner_ratio:0.009392 | expert_layer_0_expert_cosine_ts:-0.092714 | expert_layer_0_expert_cosine_fs:0.009080 | expert_layer_0_stock_attn_entropy_norm:1.000000 | expert_layer_0_stock_attn_self_frac:0.003338 | expert_layer_0_stock_attn_hub_top5_share:0.048829 | router_layer_1_time_ratio:0.435888 | router_layer_1_factor_ratio:0.232663 | router_layer_1_stock_ratio:0.331449 | router_layer_1_collapse_ratio:0.000000 | router_layer_1_entropy_norm:0.964171 | router_layer_1_logit_margin:0.287577 | expert_layer_1_time_expert_norm:43.056468 | expert_layer_1_factor_expert_norm:4.025340 | expert_layer_1_time_contrib_norm:18.798813 | expert_layer_1_factor_contrib_norm:0.938084 | expert_layer_1_contrib_norm_ratio:21.173800 | expert_layer_1_expert_cosine:-0.008806 | expert_layer_1_time_winner_ratio:1.000000 | expert_layer_1_stock_ratio:0.331449 | expert_layer_1_stock_expert_norm:133.353327 | expert_layer_1_stock_contrib_norm:44.271864 | expert_layer_1_stock_winner_ratio:1.000000 | expert_layer_1_expert_cosine_ts:0.104219 | expert_layer_1_expert_cosine_fs:-0.200800 | expert_layer_1_stock_attn_entropy_norm:0.999974 | expert_layer_1_stock_attn_self_frac:0.003326 | expert_layer_1_stock_attn_hub_top5_share:0.049099 | tr_gate_g:0.123362 | tr_attn_last_frac:0.118531 | tr_attn_entropy:2.078453 | loss_total:0.042710 | loss_main:0.042694 | loss_listmle:4.725480 | loss_mse:0.042694 | loss_ic:-0.060952 | loss_aux:0.000015 | loss_sparsity:0.000000 | valid_ratio:1.000000 | score_std:0.195519 | label_std:0.045755 | score_label_std_ratio:4.444744 | gate_entropy:1.052122 | time_ratio:0.444496 | ic_pearson_daily:0.060959 | rank_ic_daily:0.072300 | ic_raw:0.060959 | rank_ic:0.072300
| Train 08 | time_embedding_norm:0.138526 | time_embedding_to_value_norm_ratio:0.857204 | time_tau:4.953811 | time_half_life:3.433720 | time_tau_std:0.015160 | time_tau_p10:4.934972 | time_tau_p90:4.972724 | time_tau_range_util:0.000763 | film_gamma_strength:0.073183 | film_beta_strength:0.007244 | factor_gate_mean:0.997736 | factor_gate_std:0.022959 | factor_gate_entropy:0.949701 | factor_gate_topk_mass_5:0.091403 | factor_gate_topk_mass_10:0.168256 | router_layer_0_time_ratio:0.403383 | router_layer_0_factor_ratio:0.218505 | router_layer_0_stock_ratio:0.378112 | router_layer_0_collapse_ratio:0.000000 | router_layer_0_entropy_norm:0.938958 | router_layer_0_logit_margin:0.307747 | expert_layer_0_time_expert_norm:12.384426 | expert_layer_0_factor_expert_norm:4.929975 | expert_layer_0_time_contrib_norm:4.996863 | expert_layer_0_factor_contrib_norm:1.084494 | expert_layer_0_contrib_norm_ratio:5.665006 | expert_layer_0_expert_cosine:-0.007237 | expert_layer_0_time_winner_ratio:0.999989 | expert_layer_0_stock_ratio:0.378112 | expert_layer_0_stock_expert_norm:5.795617 | expert_layer_0_stock_contrib_norm:2.216355 | expert_layer_0_stock_winner_ratio:0.052719 | expert_layer_0_expert_cosine_ts:-0.067156 | expert_layer_0_expert_cosine_fs:0.007822 | router_layer_1_time_ratio:0.382402 | router_layer_1_factor_ratio:0.272292 | router_layer_1_stock_ratio:0.345307 | router_layer_1_collapse_ratio:0.000000 | router_layer_1_entropy_norm:0.974562 | router_layer_1_logit_margin:0.196293 | expert_layer_1_time_expert_norm:46.000572 | expert_layer_1_factor_expert_norm:4.077257 | expert_layer_1_time_contrib_norm:17.692786 | expert_layer_1_factor_contrib_norm:1.115466 | expert_layer_1_contrib_norm_ratio:18.093737 | expert_layer_1_expert_cosine:-0.029490 | expert_layer_1_time_winner_ratio:1.000000 | expert_layer_1_stock_ratio:0.345307 | expert_layer_1_stock_expert_norm:108.613344 | expert_layer_1_stock_contrib_norm:37.704370 | expert_layer_1_stock_winner_ratio:0.984374 | expert_layer_1_expert_cosine_ts:0.076644 | expert_layer_1_expert_cosine_fs:-0.176282 | tr_gate_g:0.123631 | tr_attn_last_frac:0.117951 | tr_attn_entropy:2.078280 | loss_total:1.356699 | loss_main:1.356678 | loss_listmle:4.702200 | loss_mse:1.356678 | loss_ic:-0.145281 | loss_aux:0.000021 | loss_sparsity:0.000000 | valid_ratio:1.000000 | score_std:0.166506 | label_std:1.166138 | score_label_std_ratio:0.144104 | ic_pearson_batch:0.145283 | ic_raw:0.145283 | rank_ic_batch:0.147505 | rank_ic:0.147505 | gate_entropy:1.051109 | time_ratio:0.392892 | grad_norm:3.113386 | grad_norm_other:1.493074 | grad_norm_time_embedding:1.431858 | grad_norm_factor_film:0.063178 | grad_norm_regime_encoder:0.488713 | grad_norm_router:0.641231 | grad_norm_time_expert:0.367149 | grad_norm_factor_expert:0.281456 | grad_norm_pooling_head:1.917643 | grad_nonfinite_tensors:1.000000 | grad_nonfinite_values:3.000000 | optimizer_steps:2978.000000 | grad_attempt_steps:2979.000000 | grad_skipped_steps:1.000000 | grad_nonfinite_steps:1.000000 | grad_skipped_rate:0.000336 | grad_nonfinite_rate:0.000336 | lr:0.000041 | sampler_epoch:7.000000 | sampler_num_days:2979.000000 | sampler_num_batches:2979.000000 | sampler_batch_size:300.000000 | sampler_total_source_samples:856246.000000 | sampler_total_draws:893700.000000 | sampler_unique_samples:566524.000000 | sampler_coverage_ratio:0.661637 | sampler_coverage_gap_vs_full:0.338363 | sampler_duplicate_draws:327176.000000 | sampler_duplicate_rate:0.366092 | sampler_downsample_days:0.000000 | sampler_upsample_days:2877.000000 | sampler_exact_days:102.000000 | sampler_downsample_day_ratio:0.000000 | sampler_upsample_day_ratio:0.965760
| Valid 08 | time_embedding_norm:0.137207 | time_embedding_to_value_norm_ratio:0.840865 | time_tau:4.830107 | time_half_life:3.347975 | time_tau_std:0.000000 | time_tau_p10:4.830107 | time_tau_p90:4.830107 | time_tau_range_util:0.000000 | film_gamma_strength:0.075885 | film_beta_strength:0.008347 | factor_gate_mean:0.994246 | factor_gate_std:0.023995 | factor_gate_entropy:0.949822 | factor_gate_topk_mass_5:0.089119 | factor_gate_topk_mass_10:0.164667 | router_layer_0_time_ratio:0.475795 | router_layer_0_factor_ratio:0.213414 | router_layer_0_stock_ratio:0.310791 | router_layer_0_collapse_ratio:0.000000 | router_layer_0_entropy_norm:0.936410 | router_layer_0_logit_margin:0.439989 | expert_layer_0_time_expert_norm:13.722391 | expert_layer_0_factor_expert_norm:4.876708 | expert_layer_0_time_contrib_norm:6.523864 | expert_layer_0_factor_contrib_norm:1.043626 | expert_layer_0_contrib_norm_ratio:7.111327 | expert_layer_0_expert_cosine:-0.004895 | expert_layer_0_time_winner_ratio:1.000000 | expert_layer_0_stock_ratio:0.310791 | expert_layer_0_stock_expert_norm:8.572832 | expert_layer_0_stock_contrib_norm:2.665735 | expert_layer_0_stock_winner_ratio:0.012656 | expert_layer_0_expert_cosine_ts:-0.089857 | expert_layer_0_expert_cosine_fs:0.004093 | expert_layer_0_stock_attn_entropy_norm:1.000000 | expert_layer_0_stock_attn_self_frac:0.003338 | expert_layer_0_stock_attn_hub_top5_share:0.048831 | router_layer_1_time_ratio:0.431728 | router_layer_1_factor_ratio:0.237700 | router_layer_1_stock_ratio:0.330572 | router_layer_1_collapse_ratio:0.000000 | router_layer_1_entropy_norm:0.965867 | router_layer_1_logit_margin:0.280621 | expert_layer_1_time_expert_norm:53.296391 | expert_layer_1_factor_expert_norm:4.681422 | expert_layer_1_time_contrib_norm:23.055405 | expert_layer_1_factor_contrib_norm:1.114843 | expert_layer_1_contrib_norm_ratio:22.032379 | expert_layer_1_expert_cosine:-0.072551 | expert_layer_1_time_winner_ratio:1.000000 | expert_layer_1_stock_ratio:0.330572 | expert_layer_1_stock_expert_norm:130.675670 | expert_layer_1_stock_contrib_norm:43.290011 | expert_layer_1_stock_winner_ratio:0.999056 | expert_layer_1_expert_cosine_ts:0.114167 | expert_layer_1_expert_cosine_fs:-0.253282 | expert_layer_1_stock_attn_entropy_norm:0.999954 | expert_layer_1_stock_attn_self_frac:0.003322 | expert_layer_1_stock_attn_hub_top5_share:0.049209 | tr_gate_g:0.123851 | tr_attn_last_frac:0.118553 | tr_attn_entropy:2.078233 | loss_total:0.042663 | loss_main:0.042638 | loss_listmle:4.724352 | loss_mse:0.042638 | loss_ic:-0.062508 | loss_aux:0.000025 | loss_sparsity:0.000000 | valid_ratio:1.000000 | score_std:0.178636 | label_std:0.045755 | score_label_std_ratio:4.052484 | gate_entropy:1.044932 | time_ratio:0.453762 | ic_pearson_daily:0.062517 | rank_ic_daily:0.070496 | ic_raw:0.062517 | rank_ic:0.070496
| Train 09 | time_embedding_norm:0.136499 | time_embedding_to_value_norm_ratio:0.830765 | time_tau:4.950238 | time_half_life:3.431244 | time_tau_std:0.015260 | time_tau_p10:4.931312 | time_tau_p90:4.969315 | time_tau_range_util:0.000768 | film_gamma_strength:0.076428 | film_beta_strength:0.007571 | factor_gate_mean:0.997513 | factor_gate_std:0.024288 | factor_gate_entropy:0.949441 | factor_gate_topk_mass_5:0.091463 | factor_gate_topk_mass_10:0.168405 | router_layer_0_time_ratio:0.413316 | router_layer_0_factor_ratio:0.212864 | router_layer_0_stock_ratio:0.373820 | router_layer_0_collapse_ratio:0.000000 | router_layer_0_entropy_norm:0.936548 | router_layer_0_logit_margin:0.303254 | expert_layer_0_time_expert_norm:12.949080 | expert_layer_0_factor_expert_norm:4.871738 | expert_layer_0_time_contrib_norm:5.348732 | expert_layer_0_factor_contrib_norm:1.042280 | expert_layer_0_contrib_norm_ratio:6.238009 | expert_layer_0_expert_cosine:-0.005200 | expert_layer_0_time_winner_ratio:0.999999 | expert_layer_0_stock_ratio:0.373820 | expert_layer_0_stock_expert_norm:5.893804 | expert_layer_0_stock_contrib_norm:2.223544 | expert_layer_0_stock_winner_ratio:0.030903 | expert_layer_0_expert_cosine_ts:-0.067593 | expert_layer_0_expert_cosine_fs:0.005211 | router_layer_1_time_ratio:0.382152 | router_layer_1_factor_ratio:0.269103 | router_layer_1_stock_ratio:0.348745 | router_layer_1_collapse_ratio:0.000000 | router_layer_1_entropy_norm:0.973772 | router_layer_1_logit_margin:0.184318 | expert_layer_1_time_expert_norm:52.493780 | expert_layer_1_factor_expert_norm:4.678772 | expert_layer_1_time_contrib_norm:20.156593 | expert_layer_1_factor_contrib_norm:1.262830 | expert_layer_1_contrib_norm_ratio:18.209377 | expert_layer_1_expert_cosine:-0.046852 | expert_layer_1_time_winner_ratio:1.000000 | expert_layer_1_stock_ratio:0.348745 | expert_layer_1_stock_expert_norm:106.336694 | expert_layer_1_stock_contrib_norm:37.245246 | expert_layer_1_stock_winner_ratio:0.965970 | expert_layer_1_expert_cosine_ts:0.071019 | expert_layer_1_expert_cosine_fs:-0.231588 | tr_gate_g:0.124040 | tr_attn_last_frac:0.118108 | tr_attn_entropy:2.078074 | loss_total:1.355751 | loss_main:1.355731 | loss_listmle:4.701882 | loss_mse:1.355731 | loss_ic:-0.149367 | loss_aux:0.000019 | loss_sparsity:0.000000 | valid_ratio:1.000000 | score_std:0.171058 | label_std:1.166243 | score_label_std_ratio:0.148032 | ic_pearson_batch:0.149369 | ic_raw:0.149369 | rank_ic_batch:0.150805 | rank_ic:0.150805 | gate_entropy:1.049351 | time_ratio:0.397734 | grad_norm:3.246293 | grad_norm_other:1.601051 | grad_norm_time_embedding:1.551616 | grad_norm_factor_film:0.068708 | grad_norm_regime_encoder:0.529897 | grad_norm_router:0.674626 | grad_norm_time_expert:0.405780 | grad_norm_factor_expert:0.293713 | grad_norm_pooling_head:1.910508 | optimizer_steps:2979.000000 | grad_attempt_steps:2979.000000 | grad_skipped_steps:0.000000 | grad_nonfinite_steps:0.000000 | grad_skipped_rate:0.000000 | grad_nonfinite_rate:0.000000 | lr:0.000038 | sampler_epoch:8.000000 | sampler_num_days:2979.000000 | sampler_num_batches:2979.000000 | sampler_batch_size:300.000000 | sampler_total_source_samples:856246.000000 | sampler_total_draws:893700.000000 | sampler_unique_samples:565875.000000 | sampler_coverage_ratio:0.660879 | sampler_coverage_gap_vs_full:0.339121 | sampler_duplicate_draws:327825.000000 | sampler_duplicate_rate:0.366818 | sampler_downsample_days:0.000000 | sampler_upsample_days:2877.000000 | sampler_exact_days:102.000000 | sampler_downsample_day_ratio:0.000000 | sampler_upsample_day_ratio:0.965760
| Valid 09 | time_embedding_norm:0.135715 | time_embedding_to_value_norm_ratio:0.819686 | time_tau:4.830295 | time_half_life:3.348105 | time_tau_std:0.000000 | time_tau_p10:4.830295 | time_tau_p90:4.830295 | time_tau_range_util:0.000000 | film_gamma_strength:0.080384 | film_beta_strength:0.008360 | factor_gate_mean:0.994629 | factor_gate_std:0.025358 | factor_gate_entropy:0.951298 | factor_gate_topk_mass_5:0.089466 | factor_gate_topk_mass_10:0.164632 | router_layer_0_time_ratio:0.465995 | router_layer_0_factor_ratio:0.232415 | router_layer_0_stock_ratio:0.301590 | router_layer_0_collapse_ratio:0.000000 | router_layer_0_entropy_norm:0.942901 | router_layer_0_logit_margin:0.422756 | expert_layer_0_time_expert_norm:13.855145 | expert_layer_0_factor_expert_norm:5.150368 | expert_layer_0_time_contrib_norm:6.451064 | expert_layer_0_factor_contrib_norm:1.202746 | expert_layer_0_contrib_norm_ratio:6.277384 | expert_layer_0_expert_cosine:0.003934 | expert_layer_0_time_winner_ratio:1.000000 | expert_layer_0_stock_ratio:0.301590 | expert_layer_0_stock_expert_norm:8.336307 | expert_layer_0_stock_contrib_norm:2.510577 | expert_layer_0_stock_winner_ratio:0.009109 | expert_layer_0_expert_cosine_ts:-0.093178 | expert_layer_0_expert_cosine_fs:-0.000248 | expert_layer_0_stock_attn_entropy_norm:1.000000 | expert_layer_0_stock_attn_self_frac:0.003338 | expert_layer_0_stock_attn_hub_top5_share:0.048830 | router_layer_1_time_ratio:0.444873 | router_layer_1_factor_ratio:0.222567 | router_layer_1_stock_ratio:0.332560 | router_layer_1_collapse_ratio:0.000000 | router_layer_1_entropy_norm:0.958031 | router_layer_1_logit_margin:0.300854 | expert_layer_1_time_expert_norm:61.900673 | expert_layer_1_factor_expert_norm:4.983434 | expert_layer_1_time_contrib_norm:27.583080 | expert_layer_1_factor_contrib_norm:1.111088 | expert_layer_1_contrib_norm_ratio:26.424166 | expert_layer_1_expert_cosine:-0.041967 | expert_layer_1_time_winner_ratio:1.000000 | expert_layer_1_stock_ratio:0.332560 | expert_layer_1_stock_expert_norm:121.236890 | expert_layer_1_stock_contrib_norm:40.376710 | expert_layer_1_stock_winner_ratio:0.978268 | expert_layer_1_expert_cosine_ts:0.087829 | expert_layer_1_expert_cosine_fs:-0.265775 | expert_layer_1_stock_attn_entropy_norm:0.999929 | expert_layer_1_stock_attn_self_frac:0.003320 | expert_layer_1_stock_attn_hub_top5_share:0.049318 | tr_gate_g:0.124300 | tr_attn_last_frac:0.118105 | tr_attn_entropy:2.078067 | loss_total:0.037305 | loss_main:0.037287 | loss_listmle:4.722303 | loss_mse:0.037287 | loss_ic:-0.063639 | loss_aux:0.000018 | loss_sparsity:0.000000 | valid_ratio:1.000000 | score_std:0.175539 | label_std:0.045755 | score_label_std_ratio:3.988817 | gate_entropy:1.044194 | time_ratio:0.455434 | ic_pearson_daily:0.063649 | rank_ic_daily:0.073813 | ic_raw:0.063649 | rank_ic:0.073813
| Train 10 | time_embedding_norm:0.134823 | time_embedding_to_value_norm_ratio:0.809645 | time_tau:4.948538 | time_half_life:3.430065 | time_tau_std:0.015287 | time_tau_p10:4.929563 | time_tau_p90:4.967618 | time_tau_range_util:0.000769 | film_gamma_strength:0.080302 | film_beta_strength:0.007761 | factor_gate_mean:0.997531 | factor_gate_std:0.025394 | factor_gate_entropy:0.949039 | factor_gate_topk_mass_5:0.091497 | factor_gate_topk_mass_10:0.168605 | router_layer_0_time_ratio:0.419583 | router_layer_0_factor_ratio:0.208948 | router_layer_0_stock_ratio:0.371469 | router_layer_0_collapse_ratio:0.000000 | router_layer_0_entropy_norm:0.935260 | router_layer_0_logit_margin:0.317425 | expert_layer_0_time_expert_norm:13.569675 | expert_layer_0_factor_expert_norm:4.959398 | expert_layer_0_time_contrib_norm:5.690039 | expert_layer_0_factor_contrib_norm:1.041984 | expert_layer_0_contrib_norm_ratio:6.601678 | expert_layer_0_expert_cosine:-0.004351 | expert_layer_0_time_winner_ratio:1.000000 | expert_layer_0_stock_ratio:0.371469 | expert_layer_0_stock_expert_norm:6.250934 | expert_layer_0_stock_contrib_norm:2.336090 | expert_layer_0_stock_winner_ratio:0.030672 | expert_layer_0_expert_cosine_ts:-0.074623 | expert_layer_0_expert_cosine_fs:0.000043 | router_layer_1_time_ratio:0.379267 | router_layer_1_factor_ratio:0.262584 | router_layer_1_stock_ratio:0.358149 | router_layer_1_collapse_ratio:0.000000 | router_layer_1_entropy_norm:0.974404 | router_layer_1_logit_margin:0.148269 | expert_layer_1_time_expert_norm:56.159029 | expert_layer_1_factor_expert_norm:5.079791 | expert_layer_1_time_contrib_norm:21.389509 | expert_layer_1_factor_contrib_norm:1.335981 | expert_layer_1_contrib_norm_ratio:18.061997 | expert_layer_1_expert_cosine:-0.059451 | expert_layer_1_time_winner_ratio:1.000000 | expert_layer_1_stock_ratio:0.358149 | expert_layer_1_stock_expert_norm:109.283244 | expert_layer_1_stock_contrib_norm:39.257167 | expert_layer_1_stock_winner_ratio:0.977419 | expert_layer_1_expert_cosine_ts:0.058942 | expert_layer_1_expert_cosine_fs:-0.252385 | tr_gate_g:0.124536 | tr_attn_last_frac:0.117672 | tr_attn_entropy:2.077866 | loss_total:1.350756 | loss_main:1.350736 | loss_listmle:4.701562 | loss_mse:1.350736 | loss_ic:-0.154678 | loss_aux:0.000020 | loss_sparsity:0.000000 | valid_ratio:1.000000 | score_std:0.176728 | label_std:1.165500 | score_label_std_ratio:0.153000 | ic_pearson_batch:0.154680 | ic_raw:0.154680 | rank_ic_batch:0.155850 | rank_ic:0.155850 | gate_entropy:1.048991 | time_ratio:0.399425 | grad_norm:3.272331 | grad_norm_other:1.663389 | grad_norm_time_embedding:1.604880 | grad_norm_factor_film:0.070723 | grad_norm_regime_encoder:0.564001 | grad_norm_router:0.705293 | grad_norm_time_expert:0.436286 | grad_norm_factor_expert:0.291194 | grad_norm_pooling_head:1.829652 | grad_nonfinite_tensors:1.000000 | grad_nonfinite_values:3.000000 | optimizer_steps:2977.000000 | grad_attempt_steps:2979.000000 | grad_skipped_steps:2.000000 | grad_nonfinite_steps:2.000000 | grad_skipped_rate:0.000671 | grad_nonfinite_rate:0.000671 | lr:0.000035 | sampler_epoch:9.000000 | sampler_num_days:2979.000000 | sampler_num_batches:2979.000000 | sampler_batch_size:300.000000 | sampler_total_source_samples:856246.000000 | sampler_total_draws:893700.000000 | sampler_unique_samples:566008.000000 | sampler_coverage_ratio:0.661034 | sampler_coverage_gap_vs_full:0.338966 | sampler_duplicate_draws:327692.000000 | sampler_duplicate_rate:0.366669 | sampler_downsample_days:0.000000 | sampler_upsample_days:2877.000000 | sampler_exact_days:102.000000 | sampler_downsample_day_ratio:0.000000 | sampler_upsample_day_ratio:0.965760
| Valid 10 | time_embedding_norm:0.133423 | time_embedding_to_value_norm_ratio:0.795321 | time_tau:4.832319 | time_half_life:3.349508 | time_tau_std:0.000000 | time_tau_p10:4.832319 | time_tau_p90:4.832319 | time_tau_range_util:0.000000 | film_gamma_strength:0.082878 | film_beta_strength:0.008949 | factor_gate_mean:0.993903 | factor_gate_std:0.026125 | factor_gate_entropy:0.950529 | factor_gate_topk_mass_5:0.089621 | factor_gate_topk_mass_10:0.164723 | router_layer_0_time_ratio:0.482629 | router_layer_0_factor_ratio:0.213096 | router_layer_0_stock_ratio:0.304275 | router_layer_0_collapse_ratio:0.000000 | router_layer_0_entropy_norm:0.934314 | router_layer_0_logit_margin:0.468961 | expert_layer_0_time_expert_norm:14.482744 | expert_layer_0_factor_expert_norm:5.160896 | expert_layer_0_time_contrib_norm:6.985727 | expert_layer_0_factor_contrib_norm:1.102695 | expert_layer_0_contrib_norm_ratio:7.126601 | expert_layer_0_expert_cosine:-0.010791 | expert_layer_0_time_winner_ratio:1.000000 | expert_layer_0_stock_ratio:0.304275 | expert_layer_0_stock_expert_norm:8.533317 | expert_layer_0_stock_contrib_norm:2.592720 | expert_layer_0_stock_winner_ratio:0.009365 | expert_layer_0_expert_cosine_ts:-0.094799 | expert_layer_0_expert_cosine_fs:-0.006076 | expert_layer_0_stock_attn_entropy_norm:1.000000 | expert_layer_0_stock_attn_self_frac:0.003338 | expert_layer_0_stock_attn_hub_top5_share:0.048832 | router_layer_1_time_ratio:0.417006 | router_layer_1_factor_ratio:0.228856 | router_layer_1_stock_ratio:0.354137 | router_layer_1_collapse_ratio:0.000000 | router_layer_1_entropy_norm:0.966742 | router_layer_1_logit_margin:0.185386 | expert_layer_1_time_expert_norm:60.708678 | expert_layer_1_factor_expert_norm:6.544696 | expert_layer_1_time_contrib_norm:25.359152 | expert_layer_1_factor_contrib_norm:1.499506 | expert_layer_1_contrib_norm_ratio:17.956550 | expert_layer_1_expert_cosine:-0.147278 | expert_layer_1_time_winner_ratio:1.000000 | expert_layer_1_stock_ratio:0.354137 | expert_layer_1_stock_expert_norm:131.957935 | expert_layer_1_stock_contrib_norm:46.779126 | expert_layer_1_stock_winner_ratio:0.999171 | expert_layer_1_expert_cosine_ts:0.083281 | expert_layer_1_expert_cosine_fs:-0.333677 | expert_layer_1_stock_attn_entropy_norm:0.999943 | expert_layer_1_stock_attn_self_frac:0.003325 | expert_layer_1_stock_attn_hub_top5_share:0.049264 | tr_gate_g:0.124729 | tr_attn_last_frac:0.118280 | tr_attn_entropy:2.077791 | loss_total:0.054702 | loss_main:0.054684 | loss_listmle:4.729473 | loss_mse:0.054684 | loss_ic:-0.064183 | loss_aux:0.000019 | loss_sparsity:0.000000 | valid_ratio:1.000000 | score_std:0.207648 | label_std:0.045755 | score_label_std_ratio:4.719941 | gate_entropy:1.044262 | time_ratio:0.449818 | ic_pearson_daily:0.064188 | rank_ic_daily:0.073641 | ic_raw:0.064188 | rank_ic:0.073641
| Train 11 | time_embedding_norm:0.132995 | time_embedding_to_value_norm_ratio:0.789073 | time_tau:4.948819 | time_half_life:3.430260 | time_tau_std:0.014435 | time_tau_p10:4.930922 | time_tau_p90:4.966827 | time_tau_range_util:0.000725 | film_gamma_strength:0.082429 | film_beta_strength:0.008287 | factor_gate_mean:0.997553 | factor_gate_std:0.025982 | factor_gate_entropy:0.948527 | factor_gate_topk_mass_5:0.090968 | factor_gate_topk_mass_10:0.168075 | router_layer_0_time_ratio:0.420628 | router_layer_0_factor_ratio:0.212468 | router_layer_0_stock_ratio:0.366903 | router_layer_0_collapse_ratio:0.000000 | router_layer_0_entropy_norm:0.936497 | router_layer_0_logit_margin:0.321690 | expert_layer_0_time_expert_norm:14.029846 | expert_layer_0_factor_expert_norm:5.001453 | expert_layer_0_time_contrib_norm:5.897734 | expert_layer_0_factor_contrib_norm:1.067089 | expert_layer_0_contrib_norm_ratio:6.632101 | expert_layer_0_expert_cosine:-0.003715 | expert_layer_0_time_winner_ratio:1.000000 | expert_layer_0_stock_ratio:0.366903 | expert_layer_0_stock_expert_norm:6.414195 | expert_layer_0_stock_contrib_norm:2.369378 | expert_layer_0_stock_winner_ratio:0.027631 | expert_layer_0_expert_cosine_ts:-0.078890 | expert_layer_0_expert_cosine_fs:-0.007398 | router_layer_1_time_ratio:0.383394 | router_layer_1_factor_ratio:0.251013 | router_layer_1_stock_ratio:0.365594 | router_layer_1_collapse_ratio:0.000000 | router_layer_1_entropy_norm:0.972174 | router_layer_1_logit_margin:0.137997 | expert_layer_1_time_expert_norm:59.531753 | expert_layer_1_factor_expert_norm:5.852873 | expert_layer_1_time_contrib_norm:22.909034 | expert_layer_1_factor_contrib_norm:1.471833 | expert_layer_1_contrib_norm_ratio:17.427096 | expert_layer_1_expert_cosine:-0.123380 | expert_layer_1_time_winner_ratio:1.000000 | expert_layer_1_stock_ratio:0.365594 | expert_layer_1_stock_expert_norm:105.665446 | expert_layer_1_stock_contrib_norm:38.753716 | expert_layer_1_stock_winner_ratio:0.955661 | expert_layer_1_expert_cosine_ts:0.048567 | expert_layer_1_expert_cosine_fs:-0.289789 | tr_gate_g:0.124918 | tr_attn_last_frac:0.117700 | tr_attn_entropy:2.077614 | loss_total:1.351646 | loss_main:1.351625 | loss_listmle:4.701308 | loss_mse:1.351625 | loss_ic:-0.158178 | loss_aux:0.000021 | loss_sparsity:0.000000 | valid_ratio:1.000000 | score_std:0.183693 | label_std:1.166237 | score_label_std_ratio:0.158866 | ic_pearson_batch:0.158180 | ic_raw:0.158180 | rank_ic_batch:0.158980 | rank_ic:0.158980 | gate_entropy:1.048445 | time_ratio:0.402011 | grad_norm:3.506070 | grad_norm_other:1.821448 | grad_norm_time_embedding:1.776238 | grad_norm_factor_film:0.077160 | grad_norm_regime_encoder:0.596053 | grad_norm_router:0.754173 | grad_norm_time_expert:0.488527 | grad_norm_factor_expert:0.319818 | grad_norm_pooling_head:1.877944 | optimizer_steps:2979.000000 | grad_attempt_steps:2979.000000 | grad_skipped_steps:0.000000 | grad_nonfinite_steps:0.000000 | grad_skipped_rate:0.000000 | grad_nonfinite_rate:0.000000 | lr:0.000032 | sampler_epoch:10.000000 | sampler_num_days:2979.000000 | sampler_num_batches:2979.000000 | sampler_batch_size:300.000000 | sampler_total_source_samples:856246.000000 | sampler_total_draws:893700.000000 | sampler_unique_samples:566249.000000 | sampler_coverage_ratio:0.661316 | sampler_coverage_gap_vs_full:0.338684 | sampler_duplicate_draws:327451.000000 | sampler_duplicate_rate:0.366399 | sampler_downsample_days:0.000000 | sampler_upsample_days:2877.000000 | sampler_exact_days:102.000000 | sampler_downsample_day_ratio:0.000000 | sampler_upsample_day_ratio:0.965760
| Valid 11 | time_embedding_norm:0.131861 | time_embedding_to_value_norm_ratio:0.778001 | time_tau:4.838859 | time_half_life:3.354041 | time_tau_std:0.000000 | time_tau_p10:4.838859 | time_tau_p90:4.838859 | time_tau_range_util:0.000000 | film_gamma_strength:0.084524 | film_beta_strength:0.009367 | factor_gate_mean:0.994199 | factor_gate_std:0.026436 | factor_gate_entropy:0.950422 | factor_gate_topk_mass_5:0.089105 | factor_gate_topk_mass_10:0.163826 | router_layer_0_time_ratio:0.475562 | router_layer_0_factor_ratio:0.215954 | router_layer_0_stock_ratio:0.308483 | router_layer_0_collapse_ratio:0.000000 | router_layer_0_entropy_norm:0.938294 | router_layer_0_logit_margin:0.438445 | expert_layer_0_time_expert_norm:15.295326 | expert_layer_0_factor_expert_norm:5.338695 | expert_layer_0_time_contrib_norm:7.269253 | expert_layer_0_factor_contrib_norm:1.155664 | expert_layer_0_contrib_norm_ratio:7.038150 | expert_layer_0_expert_cosine:0.014496 | expert_layer_0_time_winner_ratio:1.000000 | expert_layer_0_stock_ratio:0.308483 | expert_layer_0_stock_expert_norm:9.050625 | expert_layer_0_stock_contrib_norm:2.787534 | expert_layer_0_stock_winner_ratio:0.008012 | expert_layer_0_expert_cosine_ts:-0.092679 | expert_layer_0_expert_cosine_fs:-0.012937 | expert_layer_0_stock_attn_entropy_norm:1.000000 | expert_layer_0_stock_attn_self_frac:0.003338 | expert_layer_0_stock_attn_hub_top5_share:0.048831 | router_layer_1_time_ratio:0.429437 | router_layer_1_factor_ratio:0.215371 | router_layer_1_stock_ratio:0.355192 | router_layer_1_collapse_ratio:0.000000 | router_layer_1_entropy_norm:0.959883 | router_layer_1_logit_margin:0.207276 | expert_layer_1_time_expert_norm:64.903072 | expert_layer_1_factor_expert_norm:7.117354 | expert_layer_1_time_contrib_norm:27.910657 | expert_layer_1_factor_contrib_norm:1.534719 | expert_layer_1_contrib_norm_ratio:19.221228 | expert_layer_1_expert_cosine:-0.155286 | expert_layer_1_time_winner_ratio:1.000000 | expert_layer_1_stock_ratio:0.355192 | expert_layer_1_stock_expert_norm:126.311581 | expert_layer_1_stock_contrib_norm:44.909044 | expert_layer_1_stock_winner_ratio:0.994906 | expert_layer_1_expert_cosine_ts:0.074293 | expert_layer_1_expert_cosine_fs:-0.347131 | expert_layer_1_stock_attn_entropy_norm:0.999940 | expert_layer_1_stock_attn_self_frac:0.003325 | expert_layer_1_stock_attn_hub_top5_share:0.049242 | tr_gate_g:0.125134 | tr_attn_last_frac:0.118035 | tr_attn_entropy:2.077607 | loss_total:0.049270 | loss_main:0.049257 | loss_listmle:4.719364 | loss_mse:0.049257 | loss_ic:-0.062875 | loss_aux:0.000013 | loss_sparsity:0.000000 | valid_ratio:1.000000 | score_std:0.191499 | label_std:0.045755 | score_label_std_ratio:4.333205 | gate_entropy:1.042680 | time_ratio:0.452500 | ic_pearson_daily:0.062883 | rank_ic_daily:0.077174 | ic_raw:0.062883 | rank_ic:0.077174
| Train 12 | time_embedding_norm:0.131224 | time_embedding_to_value_norm_ratio:0.772262 | time_tau:4.947679 | time_half_life:3.429470 | time_tau_std:0.014989 | time_tau_p10:4.929114 | time_tau_p90:4.966407 | time_tau_range_util:0.000753 | film_gamma_strength:0.083956 | film_beta_strength:0.008665 | factor_gate_mean:0.997610 | factor_gate_std:0.026169 | factor_gate_entropy:0.947916 | factor_gate_topk_mass_5:0.090560 | factor_gate_topk_mass_10:0.167475 | router_layer_0_time_ratio:0.419530 | router_layer_0_factor_ratio:0.219494 | router_layer_0_stock_ratio:0.360977 | router_layer_0_collapse_ratio:0.000000 | router_layer_0_entropy_norm:0.939083 | router_layer_0_logit_margin:0.329635 | expert_layer_0_time_expert_norm:14.501351 | expert_layer_0_factor_expert_norm:5.075098 | expert_layer_0_time_contrib_norm:6.077800 | expert_layer_0_factor_contrib_norm:1.118918 | expert_layer_0_contrib_norm_ratio:6.511790 | expert_layer_0_expert_cosine:0.005868 | expert_layer_0_time_winner_ratio:1.000000 | expert_layer_0_stock_ratio:0.360977 | expert_layer_0_stock_expert_norm:6.500283 | expert_layer_0_stock_contrib_norm:2.360079 | expert_layer_0_stock_winner_ratio:0.025552 | expert_layer_0_expert_cosine_ts:-0.079217 | expert_layer_0_expert_cosine_fs:-0.011610 | router_layer_1_time_ratio:0.388168 | router_layer_1_factor_ratio:0.246384 | router_layer_1_stock_ratio:0.365448 | router_layer_1_collapse_ratio:0.000000 | router_layer_1_entropy_norm:0.970331 | router_layer_1_logit_margin:0.136066 | expert_layer_1_time_expert_norm:61.570508 | expert_layer_1_factor_expert_norm:6.832034 | expert_layer_1_time_contrib_norm:23.976844 | expert_layer_1_factor_contrib_norm:1.685475 | expert_layer_1_contrib_norm_ratio:15.925333 | expert_layer_1_expert_cosine:-0.146835 | expert_layer_1_time_winner_ratio:1.000000 | expert_layer_1_stock_ratio:0.365448 | expert_layer_1_stock_expert_norm:102.630700 | expert_layer_1_stock_contrib_norm:37.585673 | expert_layer_1_stock_winner_ratio:0.926133 | expert_layer_1_expert_cosine_ts:0.044515 | expert_layer_1_expert_cosine_fs:-0.315708 | tr_gate_g:0.125293 | tr_attn_last_frac:0.117634 | tr_attn_entropy:2.077439 | loss_total:1.346503 | loss_main:1.346481 | loss_listmle:4.701137 | loss_mse:1.346481 | loss_ic:-0.160784 | loss_aux:0.000022 | loss_sparsity:0.000000 | valid_ratio:1.000000 | score_std:0.185290 | label_std:1.165065 | score_label_std_ratio:0.160417 | ic_pearson_batch:0.160785 | ic_raw:0.160785 | rank_ic_batch:0.161102 | rank_ic:0.161102 | gate_entropy:1.048853 | time_ratio:0.403849 | grad_norm:3.565447 | grad_norm_other:1.886142 | grad_norm_time_embedding:1.876821 | grad_norm_factor_film:0.080881 | grad_norm_regime_encoder:0.653304 | grad_norm_router:0.768115 | grad_norm_time_expert:0.499087 | grad_norm_factor_expert:0.338979 | grad_norm_pooling_head:1.775523 | grad_nonfinite_tensors:1.000000 | grad_nonfinite_values:3.000000 | optimizer_steps:2977.000000 | grad_attempt_steps:2979.000000 | grad_skipped_steps:2.000000 | grad_nonfinite_steps:2.000000 | grad_skipped_rate:0.000671 | grad_nonfinite_rate:0.000671 | lr:0.000029 | sampler_epoch:11.000000 | sampler_num_days:2979.000000 | sampler_num_batches:2979.000000 | sampler_batch_size:300.000000 | sampler_total_source_samples:856246.000000 | sampler_total_draws:893700.000000 | sampler_unique_samples:566202.000000 | sampler_coverage_ratio:0.661261 | sampler_coverage_gap_vs_full:0.338739 | sampler_duplicate_draws:327498.000000 | sampler_duplicate_rate:0.366452 | sampler_downsample_days:0.000000 | sampler_upsample_days:2877.000000 | sampler_exact_days:102.000000 | sampler_downsample_day_ratio:0.000000 | sampler_upsample_day_ratio:0.965760
| Valid 12 | time_embedding_norm:0.130490 | time_embedding_to_value_norm_ratio:0.764431 | time_tau:4.825006 | time_half_life:3.344439 | time_tau_std:0.000000 | time_tau_p10:4.825006 | time_tau_p90:4.825006 | time_tau_range_util:0.000000 | film_gamma_strength:0.085498 | film_beta_strength:0.009710 | factor_gate_mean:0.993643 | factor_gate_std:0.026439 | factor_gate_entropy:0.949688 | factor_gate_topk_mass_5:0.089620 | factor_gate_topk_mass_10:0.164568 | router_layer_0_time_ratio:0.488985 | router_layer_0_factor_ratio:0.212099 | router_layer_0_stock_ratio:0.298916 | router_layer_0_collapse_ratio:0.000000 | router_layer_0_entropy_norm:0.930385 | router_layer_0_logit_margin:0.496677 | expert_layer_0_time_expert_norm:15.574645 | expert_layer_0_factor_expert_norm:5.245468 | expert_layer_0_time_contrib_norm:7.612013 | expert_layer_0_factor_contrib_norm:1.115151 | expert_layer_0_contrib_norm_ratio:7.679473 | expert_layer_0_expert_cosine:-0.000663 | expert_layer_0_time_winner_ratio:1.000000 | expert_layer_0_stock_ratio:0.298916 | expert_layer_0_stock_expert_norm:8.982969 | expert_layer_0_stock_contrib_norm:2.678657 | expert_layer_0_stock_winner_ratio:0.007940 | expert_layer_0_expert_cosine_ts:-0.106994 | expert_layer_0_expert_cosine_fs:-0.021811 | expert_layer_0_stock_attn_entropy_norm:1.000000 | expert_layer_0_stock_attn_self_frac:0.003338 | expert_layer_0_stock_attn_hub_top5_share:0.048830 | router_layer_1_time_ratio:0.425007 | router_layer_1_factor_ratio:0.213289 | router_layer_1_stock_ratio:0.361704 | router_layer_1_collapse_ratio:0.000000 | router_layer_1_entropy_norm:0.959801 | router_layer_1_logit_margin:0.177689 | expert_layer_1_time_expert_norm:68.107868 | expert_layer_1_factor_expert_norm:7.798849 | expert_layer_1_time_contrib_norm:28.985472 | expert_layer_1_factor_contrib_norm:1.664655 | expert_layer_1_contrib_norm_ratio:18.396918 | expert_layer_1_expert_cosine:-0.150117 | expert_layer_1_time_winner_ratio:1.000000 | expert_layer_1_stock_ratio:0.361704 | expert_layer_1_stock_expert_norm:121.504828 | expert_layer_1_stock_contrib_norm:43.966459 | expert_layer_1_stock_winner_ratio:0.989696 | expert_layer_1_expert_cosine_ts:0.064132 | expert_layer_1_expert_cosine_fs:-0.355170 | expert_layer_1_stock_attn_entropy_norm:0.999915 | expert_layer_1_stock_attn_self_frac:0.003324 | expert_layer_1_stock_attn_hub_top5_share:0.049400 | tr_gate_g:0.125464 | tr_attn_last_frac:0.118044 | tr_attn_entropy:2.077409 | loss_total:0.044669 | loss_main:0.044653 | loss_listmle:4.717076 | loss_mse:0.044653 | loss_ic:-0.063516 | loss_aux:0.000017 | loss_sparsity:0.000000 | valid_ratio:1.000000 | score_std:0.196333 | label_std:0.045755 | score_label_std_ratio:4.457658 | gate_entropy:1.038291 | time_ratio:0.456996 | ic_pearson_daily:0.063526 | rank_ic_daily:0.081191 | ic_raw:0.063526 | rank_ic:0.081191
| Train 13 | time_embedding_norm:0.130250 | time_embedding_to_value_norm_ratio:0.761159 | time_tau:4.947378 | time_half_life:3.429261 | time_tau_std:0.014772 | time_tau_p10:4.929050 | time_tau_p90:4.965811 | time_tau_range_util:0.000743 | film_gamma_strength:0.084734 | film_beta_strength:0.008919 | factor_gate_mean:0.997714 | factor_gate_std:0.026077 | factor_gate_entropy:0.947061 | factor_gate_topk_mass_5:0.090519 | factor_gate_topk_mass_10:0.167877 | router_layer_0_time_ratio:0.422708 | router_layer_0_factor_ratio:0.218805 | router_layer_0_stock_ratio:0.358487 | router_layer_0_collapse_ratio:0.000000 | router_layer_0_entropy_norm:0.937770 | router_layer_0_logit_margin:0.342918 | expert_layer_0_time_expert_norm:14.817057 | expert_layer_0_factor_expert_norm:4.998372 | expert_layer_0_time_contrib_norm:6.257817 | expert_layer_0_factor_contrib_norm:1.099449 | expert_layer_0_contrib_norm_ratio:6.832308 | expert_layer_0_expert_cosine:0.004728 | expert_layer_0_time_winner_ratio:1.000000 | expert_layer_0_stock_ratio:0.358487 | expert_layer_0_stock_expert_norm:6.499609 | expert_layer_0_stock_contrib_norm:2.341592 | expert_layer_0_stock_winner_ratio:0.021873 | expert_layer_0_expert_cosine_ts:-0.086270 | expert_layer_0_expert_cosine_fs:-0.015845 | router_layer_1_time_ratio:0.386378 | router_layer_1_factor_ratio:0.240174 | router_layer_1_stock_ratio:0.373449 | router_layer_1_collapse_ratio:0.000000 | router_layer_1_entropy_norm:0.968927 | router_layer_1_logit_margin:0.115737 | expert_layer_1_time_expert_norm:60.779956 | expert_layer_1_factor_expert_norm:7.503328 | expert_layer_1_time_contrib_norm:23.566080 | expert_layer_1_factor_contrib_norm:1.805652 | expert_layer_1_contrib_norm_ratio:14.627845 | expert_layer_1_expert_cosine:-0.145986 | expert_layer_1_time_winner_ratio:1.000000 | expert_layer_1_stock_ratio:0.373449 | expert_layer_1_stock_expert_norm:100.210449 | expert_layer_1_stock_contrib_norm:37.477196 | expert_layer_1_stock_winner_ratio:0.937381 | expert_layer_1_expert_cosine_ts:0.043022 | expert_layer_1_expert_cosine_fs:-0.322956 | tr_gate_g:0.125702 | tr_attn_last_frac:0.117387 | tr_attn_entropy:2.077182 | loss_total:1.345191 | loss_main:1.345169 | loss_listmle:4.700216 | loss_mse:1.345169 | loss_ic:-0.165440 | loss_aux:0.000022 | loss_sparsity:0.000000 | valid_ratio:1.000000 | score_std:0.191027 | label_std:1.165265 | score_label_std_ratio:0.165370 | ic_pearson_batch:0.165440 | ic_raw:0.165440 | rank_ic_batch:0.166023 | rank_ic:0.166023 | gate_entropy:1.047360 | time_ratio:0.404543 | grad_norm:3.839611 | grad_norm_other:2.052138 | grad_norm_time_embedding:2.104777 | grad_norm_factor_film:0.085268 | grad_norm_regime_encoder:0.714363 | grad_norm_router:0.839476 | grad_norm_time_expert:0.552178 | grad_norm_factor_expert:0.370814 | grad_norm_pooling_head:1.804013 | grad_nonfinite_tensors:1.000000 | grad_nonfinite_values:3.000000 | optimizer_steps:2978.000000 | grad_attempt_steps:2979.000000 | grad_skipped_steps:1.000000 | grad_nonfinite_steps:1.000000 | grad_skipped_rate:0.000336 | grad_nonfinite_rate:0.000336 | lr:0.000025 | sampler_epoch:12.000000 | sampler_num_days:2979.000000 | sampler_num_batches:2979.000000 | sampler_batch_size:300.000000 | sampler_total_source_samples:856246.000000 | sampler_total_draws:893700.000000 | sampler_unique_samples:566264.000000 | sampler_coverage_ratio:0.661333 | sampler_coverage_gap_vs_full:0.338667 | sampler_duplicate_draws:327436.000000 | sampler_duplicate_rate:0.366382 | sampler_downsample_days:0.000000 | sampler_upsample_days:2877.000000 | sampler_exact_days:102.000000 | sampler_downsample_day_ratio:0.000000 | sampler_upsample_day_ratio:0.965760
| Valid 13 | time_embedding_norm:0.129433 | time_embedding_to_value_norm_ratio:0.753124 | time_tau:4.814988 | time_half_life:3.337495 | time_tau_std:0.000000 | time_tau_p10:4.814988 | time_tau_p90:4.814988 | time_tau_range_util:0.000000 | film_gamma_strength:0.090718 | film_beta_strength:0.010054 | factor_gate_mean:0.993519 | factor_gate_std:0.027923 | factor_gate_entropy:0.949573 | factor_gate_topk_mass_5:0.088615 | factor_gate_topk_mass_10:0.163427 | router_layer_0_time_ratio:0.479257 | router_layer_0_factor_ratio:0.212785 | router_layer_0_stock_ratio:0.307957 | router_layer_0_collapse_ratio:0.000000 | router_layer_0_entropy_norm:0.934768 | router_layer_0_logit_margin:0.458586 | expert_layer_0_time_expert_norm:15.408718 | expert_layer_0_factor_expert_norm:5.287032 | expert_layer_0_time_contrib_norm:7.380382 | expert_layer_0_factor_contrib_norm:1.128517 | expert_layer_0_contrib_norm_ratio:7.291282 | expert_layer_0_expert_cosine:0.013568 | expert_layer_0_time_winner_ratio:1.000000 | expert_layer_0_stock_ratio:0.307957 | expert_layer_0_stock_expert_norm:9.751197 | expert_layer_0_stock_contrib_norm:2.994653 | expert_layer_0_stock_winner_ratio:0.016921 | expert_layer_0_expert_cosine_ts:-0.098224 | expert_layer_0_expert_cosine_fs:-0.025359 | expert_layer_0_stock_attn_entropy_norm:1.000000 | expert_layer_0_stock_attn_self_frac:0.003338 | expert_layer_0_stock_attn_hub_top5_share:0.048830 | router_layer_1_time_ratio:0.434088 | router_layer_1_factor_ratio:0.210244 | router_layer_1_stock_ratio:0.355668 | router_layer_1_collapse_ratio:0.000000 | router_layer_1_entropy_norm:0.957319 | router_layer_1_logit_margin:0.212067 | expert_layer_1_time_expert_norm:65.146044 | expert_layer_1_factor_expert_norm:8.763648 | expert_layer_1_time_contrib_norm:28.319452 | expert_layer_1_factor_contrib_norm:1.843114 | expert_layer_1_contrib_norm_ratio:16.164957 | expert_layer_1_expert_cosine:-0.158735 | expert_layer_1_time_winner_ratio:1.000000 | expert_layer_1_stock_ratio:0.355668 | expert_layer_1_stock_expert_norm:112.800259 | expert_layer_1_stock_contrib_norm:40.147542 | expert_layer_1_stock_winner_ratio:0.970409 | expert_layer_1_expert_cosine_ts:0.053037 | expert_layer_1_expert_cosine_fs:-0.365534 | expert_layer_1_stock_attn_entropy_norm:0.999923 | expert_layer_1_stock_attn_self_frac:0.003324 | expert_layer_1_stock_attn_hub_top5_share:0.049403 | tr_gate_g:0.125921 | tr_attn_last_frac:0.117587 | tr_attn_entropy:2.077202 | loss_total:0.041293 | loss_main:0.041275 | loss_listmle:4.718904 | loss_mse:0.041275 | loss_ic:-0.064364 | loss_aux:0.000018 | loss_sparsity:0.000000 | valid_ratio:1.000000 | score_std:0.174245 | label_std:0.045755 | score_label_std_ratio:3.958878 | gate_entropy:1.039335 | time_ratio:0.456673 | ic_pearson_daily:0.064373 | rank_ic_daily:0.077424 | ic_raw:0.064373 | rank_ic:0.077424
| Train 14 | time_embedding_norm:0.128993 | time_embedding_to_value_norm_ratio:0.748963 | time_tau:4.946163 | time_half_life:3.428419 | time_tau_std:0.015165 | time_tau_p10:4.927359 | time_tau_p90:4.965107 | time_tau_range_util:0.000763 | film_gamma_strength:0.088273 | film_beta_strength:0.009188 | factor_gate_mean:0.997761 | factor_gate_std:0.026857 | factor_gate_entropy:0.946029 | factor_gate_topk_mass_5:0.090547 | factor_gate_topk_mass_10:0.168686 | router_layer_0_time_ratio:0.428719 | router_layer_0_factor_ratio:0.214811 | router_layer_0_stock_ratio:0.356470 | router_layer_0_collapse_ratio:0.000000 | router_layer_0_entropy_norm:0.935145 | router_layer_0_logit_margin:0.347245 | expert_layer_0_time_expert_norm:15.174422 | expert_layer_0_factor_expert_norm:5.129218 | expert_layer_0_time_contrib_norm:6.500110 | expert_layer_0_factor_contrib_norm:1.108009 | expert_layer_0_contrib_norm_ratio:7.041700 | expert_layer_0_expert_cosine:0.005726 | expert_layer_0_time_winner_ratio:1.000000 | expert_layer_0_stock_ratio:0.356470 | expert_layer_0_stock_expert_norm:6.776519 | expert_layer_0_stock_contrib_norm:2.424901 | expert_layer_0_stock_winner_ratio:0.020958 | expert_layer_0_expert_cosine_ts:-0.080602 | expert_layer_0_expert_cosine_fs:-0.018053 | router_layer_1_time_ratio:0.391648 | router_layer_1_factor_ratio:0.238945 | router_layer_1_stock_ratio:0.369407 | router_layer_1_collapse_ratio:0.000000 | router_layer_1_entropy_norm:0.968328 | router_layer_1_logit_margin:0.121816 | expert_layer_1_time_expert_norm:63.357244 | expert_layer_1_factor_expert_norm:8.425082 | expert_layer_1_time_contrib_norm:24.891649 | expert_layer_1_factor_contrib_norm:2.014380 | expert_layer_1_contrib_norm_ratio:13.779885 | expert_layer_1_expert_cosine:-0.161001 | expert_layer_1_time_winner_ratio:1.000000 | expert_layer_1_stock_ratio:0.369407 | expert_layer_1_stock_expert_norm:95.154950 | expert_layer_1_stock_contrib_norm:35.179892 | expert_layer_1_stock_winner_ratio:0.867076 | expert_layer_1_expert_cosine_ts:0.042067 | expert_layer_1_expert_cosine_fs:-0.329498 | tr_gate_g:0.126067 | tr_attn_last_frac:0.117310 | tr_attn_entropy:2.077016 | loss_total:1.341870 | loss_main:1.341848 | loss_listmle:4.699914 | loss_mse:1.341848 | loss_ic:-0.169836 | loss_aux:0.000022 | loss_sparsity:0.000000 | valid_ratio:1.000000 | score_std:0.195971 | label_std:1.164713 | score_label_std_ratio:0.169729 | ic_pearson_batch:0.169837 | ic_raw:0.169837 | rank_ic_batch:0.169110 | rank_ic:0.169110 | gate_entropy:1.045590 | time_ratio:0.410184 | grad_norm:4.057148 | grad_norm_other:2.202667 | grad_norm_time_embedding:2.276938 | grad_norm_factor_film:0.089841 | grad_norm_regime_encoder:0.750076 | grad_norm_router:0.865647 | grad_norm_time_expert:0.588023 | grad_norm_factor_expert:0.385133 | grad_norm_pooling_head:1.838300 | grad_nonfinite_tensors:1.000000 | grad_nonfinite_values:3.000000 | optimizer_steps:2978.000000 | grad_attempt_steps:2979.000000 | grad_skipped_steps:1.000000 | grad_nonfinite_steps:1.000000 | grad_skipped_rate:0.000336 | grad_nonfinite_rate:0.000336 | lr:0.000022 | sampler_epoch:13.000000 | sampler_num_days:2979.000000 | sampler_num_batches:2979.000000 | sampler_batch_size:300.000000 | sampler_total_source_samples:856246.000000 | sampler_total_draws:893700.000000 | sampler_unique_samples:566705.000000 | sampler_coverage_ratio:0.661848 | sampler_coverage_gap_vs_full:0.338152 | sampler_duplicate_draws:326995.000000 | sampler_duplicate_rate:0.365889 | sampler_downsample_days:0.000000 | sampler_upsample_days:2877.000000 | sampler_exact_days:102.000000 | sampler_downsample_day_ratio:0.000000 | sampler_upsample_day_ratio:0.965760
| Valid 14 | time_embedding_norm:0.128631 | time_embedding_to_value_norm_ratio:0.745231 | time_tau:4.836366 | time_half_life:3.352313 | time_tau_std:0.000000 | time_tau_p10:4.836366 | time_tau_p90:4.836366 | time_tau_range_util:0.000000 | film_gamma_strength:0.093910 | film_beta_strength:0.010313 | factor_gate_mean:0.994644 | factor_gate_std:0.028461 | factor_gate_entropy:0.947766 | factor_gate_topk_mass_5:0.089448 | factor_gate_topk_mass_10:0.166026 | router_layer_0_time_ratio:0.489130 | router_layer_0_factor_ratio:0.215610 | router_layer_0_stock_ratio:0.295260 | router_layer_0_collapse_ratio:0.000000 | router_layer_0_entropy_norm:0.929739 | router_layer_0_logit_margin:0.496377 | expert_layer_0_time_expert_norm:16.402098 | expert_layer_0_factor_expert_norm:5.380943 | expert_layer_0_time_contrib_norm:8.016824 | expert_layer_0_factor_contrib_norm:1.164079 | expert_layer_0_contrib_norm_ratio:7.858514 | expert_layer_0_expert_cosine:0.011610 | expert_layer_0_time_winner_ratio:1.000000 | expert_layer_0_stock_ratio:0.295260 | expert_layer_0_stock_expert_norm:9.248768 | expert_layer_0_stock_contrib_norm:2.724088 | expert_layer_0_stock_winner_ratio:0.004193 | expert_layer_0_expert_cosine_ts:-0.097707 | expert_layer_0_expert_cosine_fs:-0.028120 | expert_layer_0_stock_attn_entropy_norm:1.000000 | expert_layer_0_stock_attn_self_frac:0.003338 | expert_layer_0_stock_attn_hub_top5_share:0.048830 | router_layer_1_time_ratio:0.417035 | router_layer_1_factor_ratio:0.209831 | router_layer_1_stock_ratio:0.373134 | router_layer_1_collapse_ratio:0.000000 | router_layer_1_entropy_norm:0.959302 | router_layer_1_logit_margin:0.134745 | expert_layer_1_time_expert_norm:65.791978 | expert_layer_1_factor_expert_norm:9.610738 | expert_layer_1_time_contrib_norm:27.472206 | expert_layer_1_factor_contrib_norm:2.018242 | expert_layer_1_contrib_norm_ratio:14.366181 | expert_layer_1_expert_cosine:-0.179304 | expert_layer_1_time_winner_ratio:1.000000 | expert_layer_1_stock_ratio:0.373134 | expert_layer_1_stock_expert_norm:119.905005 | expert_layer_1_stock_contrib_norm:44.754826 | expert_layer_1_stock_winner_ratio:0.995921 | expert_layer_1_expert_cosine_ts:0.061898 | expert_layer_1_expert_cosine_fs:-0.365514 | expert_layer_1_stock_attn_entropy_norm:0.999904 | expert_layer_1_stock_attn_self_frac:0.003321 | expert_layer_1_stock_attn_hub_top5_share:0.049451 | tr_gate_g:0.126249 | tr_attn_last_frac:0.117539 | tr_attn_entropy:2.077043 | loss_total:0.060184 | loss_main:0.060164 | loss_listmle:4.720363 | loss_mse:0.060164 | loss_ic:-0.059664 | loss_aux:0.000020 | loss_sparsity:0.000000 | valid_ratio:1.000000 | score_std:0.210327 | label_std:0.045755 | score_label_std_ratio:4.778051 | gate_entropy:1.037662 | time_ratio:0.453082 | ic_pearson_daily:0.059672 | rank_ic_daily:0.077158 | ic_raw:0.059672 | rank_ic:0.077158
| Train 15 | time_embedding_norm:0.128132 | time_embedding_to_value_norm_ratio:0.740881 | time_tau:4.945140 | time_half_life:3.427710 | time_tau_std:0.015298 | time_tau_p10:4.926248 | time_tau_p90:4.964275 | time_tau_range_util:0.000768 | film_gamma_strength:0.089571 | film_beta_strength:0.009356 | factor_gate_mean:0.997827 | factor_gate_std:0.026961 | factor_gate_entropy:0.945647 | factor_gate_topk_mass_5:0.090767 | factor_gate_topk_mass_10:0.169513 | router_layer_0_time_ratio:0.431514 | router_layer_0_factor_ratio:0.214102 | router_layer_0_stock_ratio:0.354384 | router_layer_0_collapse_ratio:0.000000 | router_layer_0_entropy_norm:0.934245 | router_layer_0_logit_margin:0.353896 | expert_layer_0_time_expert_norm:15.450925 | expert_layer_0_factor_expert_norm:5.213265 | expert_layer_0_time_contrib_norm:6.660200 | expert_layer_0_factor_contrib_norm:1.123284 | expert_layer_0_contrib_norm_ratio:7.139548 | expert_layer_0_expert_cosine:0.008527 | expert_layer_0_time_winner_ratio:1.000000 | expert_layer_0_stock_ratio:0.354384 | expert_layer_0_stock_expert_norm:6.912214 | expert_layer_0_stock_contrib_norm:2.458559 | expert_layer_0_stock_winner_ratio:0.021470 | expert_layer_0_expert_cosine_ts:-0.078472 | expert_layer_0_expert_cosine_fs:-0.021088 | router_layer_1_time_ratio:0.386931 | router_layer_1_factor_ratio:0.236082 | router_layer_1_stock_ratio:0.376987 | router_layer_1_collapse_ratio:0.000000 | router_layer_1_entropy_norm:0.968461 | router_layer_1_logit_margin:0.103177 | expert_layer_1_time_expert_norm:61.965120 | expert_layer_1_factor_expert_norm:8.983270 | expert_layer_1_time_contrib_norm:24.038361 | expert_layer_1_factor_contrib_norm:2.122273 | expert_layer_1_contrib_norm_ratio:12.525110 | expert_layer_1_expert_cosine:-0.153416 | expert_layer_1_time_winner_ratio:1.000000 | expert_layer_1_stock_ratio:0.376987 | expert_layer_1_stock_expert_norm:94.415351 | expert_layer_1_stock_contrib_norm:35.602260 | expert_layer_1_stock_winner_ratio:0.916077 | expert_layer_1_expert_cosine_ts:0.038678 | expert_layer_1_expert_cosine_fs:-0.333332 | tr_gate_g:0.126336 | tr_attn_last_frac:0.117171 | tr_attn_entropy:2.076868 | loss_total:1.340680 | loss_main:1.340658 | loss_listmle:4.699878 | loss_mse:1.340658 | loss_ic:-0.170476 | loss_aux:0.000021 | loss_sparsity:0.000000 | valid_ratio:1.000000 | score_std:0.196856 | label_std:1.164462 | score_label_std_ratio:0.170479 | ic_pearson_batch:0.170476 | ic_raw:0.170476 | rank_ic_batch:0.170029 | rank_ic:0.170029 | gate_entropy:1.045168 | time_ratio:0.409222 | grad_norm:4.106098 | grad_norm_other:2.279530 | grad_norm_time_embedding:2.306500 | grad_norm_factor_film:0.093158 | grad_norm_regime_encoder:0.774815 | grad_norm_router:0.883620 | grad_norm_time_expert:0.615377 | grad_norm_factor_expert:0.390088 | grad_norm_pooling_head:1.777327 | optimizer_steps:2979.000000 | grad_attempt_steps:2979.000000 | grad_skipped_steps:0.000000 | grad_nonfinite_steps:0.000000 | grad_skipped_rate:0.000000 | grad_nonfinite_rate:0.000000 | lr:0.000019 | sampler_epoch:14.000000 | sampler_num_days:2979.000000 | sampler_num_batches:2979.000000 | sampler_batch_size:300.000000 | sampler_total_source_samples:856246.000000 | sampler_total_draws:893700.000000 | sampler_unique_samples:566494.000000 | sampler_coverage_ratio:0.661602 | sampler_coverage_gap_vs_full:0.338398 | sampler_duplicate_draws:327206.000000 | sampler_duplicate_rate:0.366125 | sampler_downsample_days:0.000000 | sampler_upsample_days:2877.000000 | sampler_exact_days:102.000000 | sampler_downsample_day_ratio:0.000000 | sampler_upsample_day_ratio:0.965760
| Valid 15 | time_embedding_norm:0.127357 | time_embedding_to_value_norm_ratio:0.734878 | time_tau:4.813088 | time_half_life:3.336179 | time_tau_std:0.000000 | time_tau_p10:4.813088 | time_tau_p90:4.813088 | time_tau_range_util:0.000000 | film_gamma_strength:0.094171 | film_beta_strength:0.010508 | factor_gate_mean:0.994273 | factor_gate_std:0.028318 | factor_gate_entropy:0.947905 | factor_gate_topk_mass_5:0.089798 | factor_gate_topk_mass_10:0.166543 | router_layer_0_time_ratio:0.487507 | router_layer_0_factor_ratio:0.215597 | router_layer_0_stock_ratio:0.296896 | router_layer_0_collapse_ratio:0.000000 | router_layer_0_entropy_norm:0.930818 | router_layer_0_logit_margin:0.486967 | expert_layer_0_time_expert_norm:16.436664 | expert_layer_0_factor_expert_norm:5.510930 | expert_layer_0_time_contrib_norm:8.006406 | expert_layer_0_factor_contrib_norm:1.193142 | expert_layer_0_contrib_norm_ratio:7.643483 | expert_layer_0_expert_cosine:0.017724 | expert_layer_0_time_winner_ratio:1.000000 | expert_layer_0_stock_ratio:0.296896 | expert_layer_0_stock_expert_norm:9.616501 | expert_layer_0_stock_contrib_norm:2.848637 | expert_layer_0_stock_winner_ratio:0.005329 | expert_layer_0_expert_cosine_ts:-0.098970 | expert_layer_0_expert_cosine_fs:-0.032519 | expert_layer_0_stock_attn_entropy_norm:1.000000 | expert_layer_0_stock_attn_self_frac:0.003338 | expert_layer_0_stock_attn_hub_top5_share:0.048830 | router_layer_1_time_ratio:0.430924 | router_layer_1_factor_ratio:0.204211 | router_layer_1_stock_ratio:0.364865 | router_layer_1_collapse_ratio:0.000000 | router_layer_1_entropy_norm:0.955449 | router_layer_1_logit_margin:0.182256 | expert_layer_1_time_expert_norm:67.289804 | expert_layer_1_factor_expert_norm:10.396251 | expert_layer_1_time_contrib_norm:29.027906 | expert_layer_1_factor_contrib_norm:2.124996 | expert_layer_1_contrib_norm_ratio:14.332061 | expert_layer_1_expert_cosine:-0.169623 | expert_layer_1_time_winner_ratio:1.000000 | expert_layer_1_stock_ratio:0.364865 | expert_layer_1_stock_expert_norm:108.604638 | expert_layer_1_stock_contrib_norm:39.633266 | expert_layer_1_stock_winner_ratio:0.955865 | expert_layer_1_expert_cosine_ts:0.057597 | expert_layer_1_expert_cosine_fs:-0.366677 | expert_layer_1_stock_attn_entropy_norm:0.999894 | expert_layer_1_stock_attn_self_frac:0.003323 | expert_layer_1_stock_attn_hub_top5_share:0.049575 | tr_gate_g:0.126492 | tr_attn_last_frac:0.117435 | tr_attn_entropy:2.076886 | loss_total:0.050884 | loss_main:0.050867 | loss_listmle:4.722640 | loss_mse:0.050867 | loss_ic:-0.065127 | loss_aux:0.000017 | loss_sparsity:0.000000 | valid_ratio:1.000000 | score_std:0.203528 | label_std:0.045755 | score_label_std_ratio:4.633766 | gate_entropy:1.036138 | time_ratio:0.459216 | ic_pearson_daily:0.065136 | rank_ic_daily:0.080778 | ic_raw:0.065136 | rank_ic:0.080778
| Train 16 | time_embedding_norm:0.127103 | time_embedding_to_value_norm_ratio:0.732603 | time_tau:4.939544 | time_half_life:3.423831 | time_tau_std:0.015299 | time_tau_p10:4.920590 | time_tau_p90:4.958661 | time_tau_range_util:0.000769 | film_gamma_strength:0.090228 | film_beta_strength:0.009454 | factor_gate_mean:0.997884 | factor_gate_std:0.026891 | factor_gate_entropy:0.945479 | factor_gate_topk_mass_5:0.091163 | factor_gate_topk_mass_10:0.170084 | router_layer_0_time_ratio:0.435943 | router_layer_0_factor_ratio:0.212705 | router_layer_0_stock_ratio:0.351351 | router_layer_0_collapse_ratio:0.000000 | router_layer_0_entropy_norm:0.932483 | router_layer_0_logit_margin:0.363319 | expert_layer_0_time_expert_norm:15.747803 | expert_layer_0_factor_expert_norm:5.265797 | expert_layer_0_time_contrib_norm:6.856830 | expert_layer_0_factor_contrib_norm:1.127175 | expert_layer_0_contrib_norm_ratio:7.326348 | expert_layer_0_expert_cosine:0.012011 | expert_layer_0_time_winner_ratio:1.000000 | expert_layer_0_stock_ratio:0.351351 | expert_layer_0_stock_expert_norm:7.072333 | expert_layer_0_stock_contrib_norm:2.493618 | expert_layer_0_stock_winner_ratio:0.018734 | expert_layer_0_expert_cosine_ts:-0.078567 | expert_layer_0_expert_cosine_fs:-0.023507 | router_layer_1_time_ratio:0.398036 | router_layer_1_factor_ratio:0.225674 | router_layer_1_stock_ratio:0.376290 | router_layer_1_collapse_ratio:0.000000 | router_layer_1_entropy_norm:0.965384 | router_layer_1_logit_margin:0.120967 | expert_layer_1_time_expert_norm:61.935089 | expert_layer_1_factor_expert_norm:9.771563 | expert_layer_1_time_contrib_norm:24.705948 | expert_layer_1_factor_contrib_norm:2.208295 | expert_layer_1_contrib_norm_ratio:12.218761 | expert_layer_1_expert_cosine:-0.161912 | expert_layer_1_time_winner_ratio:1.000000 | expert_layer_1_stock_ratio:0.376290 | expert_layer_1_stock_expert_norm:93.673643 | expert_layer_1_stock_contrib_norm:35.277998 | expert_layer_1_stock_winner_ratio:0.893884 | expert_layer_1_expert_cosine_ts:0.037055 | expert_layer_1_expert_cosine_fs:-0.340815 | tr_gate_g:0.126628 | tr_attn_last_frac:0.117065 | tr_attn_entropy:2.076712 | loss_total:1.341584 | loss_main:1.341562 | loss_listmle:4.699374 | loss_mse:1.341562 | loss_ic:-0.173422 | loss_aux:0.000022 | loss_sparsity:0.000000 | valid_ratio:1.000000 | score_std:0.203357 | label_std:1.165486 | score_label_std_ratio:0.175969 | ic_pearson_batch:0.173422 | ic_raw:0.173422 | rank_ic_batch:0.173144 | rank_ic:0.173144 | gate_entropy:1.042510 | time_ratio:0.416990 | grad_norm:4.387361 | grad_norm_other:2.470682 | grad_norm_time_embedding:2.509647 | grad_norm_factor_film:0.098324 | grad_norm_regime_encoder:0.829951 | grad_norm_router:0.934531 | grad_norm_time_expert:0.664700 | grad_norm_factor_expert:0.406974 | grad_norm_pooling_head:1.832063 | grad_nonfinite_tensors:2.500000 | grad_nonfinite_values:8.000000 | optimizer_steps:2977.000000 | grad_attempt_steps:2979.000000 | grad_skipped_steps:2.000000 | grad_nonfinite_steps:2.000000 | grad_skipped_rate:0.000671 | grad_nonfinite_rate:0.000671 | lr:0.000016 | sampler_epoch:15.000000 | sampler_num_days:2979.000000 | sampler_num_batches:2979.000000 | sampler_batch_size:300.000000 | sampler_total_source_samples:856246.000000 | sampler_total_draws:893700.000000 | sampler_unique_samples:566266.000000 | sampler_coverage_ratio:0.661336 | sampler_coverage_gap_vs_full:0.338664 | sampler_duplicate_draws:327434.000000 | sampler_duplicate_rate:0.366380 | sampler_downsample_days:0.000000 | sampler_upsample_days:2877.000000 | sampler_exact_days:102.000000 | sampler_downsample_day_ratio:0.000000 | sampler_upsample_day_ratio:0.965760
| Valid 16 | time_embedding_norm:0.126741 | time_embedding_to_value_norm_ratio:0.729634 | time_tau:4.807225 | time_half_life:3.332114 | time_tau_std:0.000000 | time_tau_p10:4.807225 | time_tau_p90:4.807225 | time_tau_range_util:0.000000 | film_gamma_strength:0.096399 | film_beta_strength:0.010583 | factor_gate_mean:0.994260 | factor_gate_std:0.028746 | factor_gate_entropy:0.947932 | factor_gate_topk_mass_5:0.090202 | factor_gate_topk_mass_10:0.167191 | router_layer_0_time_ratio:0.490168 | router_layer_0_factor_ratio:0.207331 | router_layer_0_stock_ratio:0.302502 | router_layer_0_collapse_ratio:0.000000 | router_layer_0_entropy_norm:0.928014 | router_layer_0_logit_margin:0.491030 | expert_layer_0_time_expert_norm:16.565926 | expert_layer_0_factor_expert_norm:5.500278 | expert_layer_0_time_contrib_norm:8.113484 | expert_layer_0_factor_contrib_norm:1.144593 | expert_layer_0_contrib_norm_ratio:8.001985 | expert_layer_0_expert_cosine:0.011966 | expert_layer_0_time_winner_ratio:1.000000 | expert_layer_0_stock_ratio:0.302502 | expert_layer_0_stock_expert_norm:10.298138 | expert_layer_0_stock_contrib_norm:3.107678 | expert_layer_0_stock_winner_ratio:0.009533 | expert_layer_0_expert_cosine_ts:-0.100019 | expert_layer_0_expert_cosine_fs:-0.032921 | expert_layer_0_stock_attn_entropy_norm:1.000000 | expert_layer_0_stock_attn_self_frac:0.003338 | expert_layer_0_stock_attn_hub_top5_share:0.048830 | router_layer_1_time_ratio:0.434143 | router_layer_1_factor_ratio:0.201799 | router_layer_1_stock_ratio:0.364058 | router_layer_1_collapse_ratio:0.000000 | router_layer_1_entropy_norm:0.954466 | router_layer_1_logit_margin:0.186750 | expert_layer_1_time_expert_norm:64.089064 | expert_layer_1_factor_expert_norm:11.108082 | expert_layer_1_time_contrib_norm:27.850223 | expert_layer_1_factor_contrib_norm:2.243007 | expert_layer_1_contrib_norm_ratio:12.947611 | expert_layer_1_expert_cosine:-0.150157 | expert_layer_1_time_winner_ratio:1.000000 | expert_layer_1_stock_ratio:0.364058 | expert_layer_1_stock_expert_norm:107.120318 | expert_layer_1_stock_contrib_norm:39.001725 | expert_layer_1_stock_winner_ratio:0.969151 | expert_layer_1_expert_cosine_ts:0.041450 | expert_layer_1_expert_cosine_fs:-0.374737 | expert_layer_1_stock_attn_entropy_norm:0.999888 | expert_layer_1_stock_attn_self_frac:0.003322 | expert_layer_1_stock_attn_hub_top5_share:0.049600 | tr_gate_g:0.126736 | tr_attn_last_frac:0.117348 | tr_attn_entropy:2.076730 | loss_total:0.055285 | loss_main:0.055263 | loss_listmle:4.726398 | loss_mse:0.055263 | loss_ic:-0.064547 | loss_aux:0.000021 | loss_sparsity:0.000000 | valid_ratio:1.000000 | score_std:0.205749 | label_std:0.045755 | score_label_std_ratio:4.677274 | gate_entropy:1.034058 | time_ratio:0.462156 | ic_pearson_daily:0.064554 | rank_ic_daily:0.077200 | ic_raw:0.064554 | rank_ic:0.077200
| Train 17 | time_embedding_norm:0.126560 | time_embedding_to_value_norm_ratio:0.728009 | time_tau:4.939793 | time_half_life:3.424004 | time_tau_std:0.015180 | time_tau_p10:4.920965 | time_tau_p90:4.958737 | time_tau_range_util:0.000763 | film_gamma_strength:0.092488 | film_beta_strength:0.009495 | factor_gate_mean:0.997898 | factor_gate_std:0.027425 | factor_gate_entropy:0.945138 | factor_gate_topk_mass_5:0.091396 | factor_gate_topk_mass_10:0.170735 | router_layer_0_time_ratio:0.436180 | router_layer_0_factor_ratio:0.213006 | router_layer_0_stock_ratio:0.350813 | router_layer_0_collapse_ratio:0.000000 | router_layer_0_entropy_norm:0.932499 | router_layer_0_logit_margin:0.360151 | expert_layer_0_time_expert_norm:15.789144 | expert_layer_0_factor_expert_norm:5.365893 | expert_layer_0_time_contrib_norm:6.877659 | expert_layer_0_factor_contrib_norm:1.150084 | expert_layer_0_contrib_norm_ratio:7.222705 | expert_layer_0_expert_cosine:0.010151 | expert_layer_0_time_winner_ratio:1.000000 | expert_layer_0_stock_ratio:0.350813 | expert_layer_0_stock_expert_norm:7.119301 | expert_layer_0_stock_contrib_norm:2.504144 | expert_layer_0_stock_winner_ratio:0.018238 | expert_layer_0_expert_cosine_ts:-0.077980 | expert_layer_0_expert_cosine_fs:-0.024852 | router_layer_1_time_ratio:0.400270 | router_layer_1_factor_ratio:0.222709 | router_layer_1_stock_ratio:0.377021 | router_layer_1_collapse_ratio:0.000000 | router_layer_1_entropy_norm:0.965049 | router_layer_1_logit_margin:0.117550 | expert_layer_1_time_expert_norm:59.794447 | expert_layer_1_factor_expert_norm:10.153737 | expert_layer_1_time_contrib_norm:23.980964 | expert_layer_1_factor_contrib_norm:2.266131 | expert_layer_1_contrib_norm_ratio:11.482805 | expert_layer_1_expert_cosine:-0.144707 | expert_layer_1_time_winner_ratio:1.000000 | expert_layer_1_stock_ratio:0.377021 | expert_layer_1_stock_expert_norm:89.754724 | expert_layer_1_stock_contrib_norm:33.857900 | expert_layer_1_stock_winner_ratio:0.891559 | expert_layer_1_expert_cosine_ts:0.030173 | expert_layer_1_expert_cosine_fs:-0.336481 | tr_gate_g:0.126866 | tr_attn_last_frac:0.116953 | tr_attn_entropy:2.076553 | loss_total:1.339110 | loss_main:1.339089 | loss_listmle:4.699052 | loss_mse:1.339089 | loss_ic:-0.176642 | loss_aux:0.000021 | loss_sparsity:0.000000 | valid_ratio:1.000000 | score_std:0.204095 | label_std:1.165369 | score_label_std_ratio:0.176625 | ic_pearson_batch:0.176643 | ic_raw:0.176643 | rank_ic_batch:0.175842 | rank_ic:0.175842 | gate_entropy:1.042335 | time_ratio:0.418225 | grad_norm:4.563609 | grad_norm_other:2.583171 | grad_norm_time_embedding:2.679274 | grad_norm_factor_film:0.100408 | grad_norm_regime_encoder:0.847915 | grad_norm_router:0.952895 | grad_norm_time_expert:0.695266 | grad_norm_factor_expert:0.428990 | grad_norm_pooling_head:1.817607 | grad_nonfinite_tensors:5.000000 | grad_nonfinite_values:18.000000 | optimizer_steps:2978.000000 | grad_attempt_steps:2979.000000 | grad_skipped_steps:1.000000 | grad_nonfinite_steps:1.000000 | grad_skipped_rate:0.000336 | grad_nonfinite_rate:0.000336 | lr:0.000013 | sampler_epoch:16.000000 | sampler_num_days:2979.000000 | sampler_num_batches:2979.000000 | sampler_batch_size:300.000000 | sampler_total_source_samples:856246.000000 | sampler_total_draws:893700.000000 | sampler_unique_samples:566807.000000 | sampler_coverage_ratio:0.661967 | sampler_coverage_gap_vs_full:0.338033 | sampler_duplicate_draws:326893.000000 | sampler_duplicate_rate:0.365775 | sampler_downsample_days:0.000000 | sampler_upsample_days:2877.000000 | sampler_exact_days:102.000000 | sampler_downsample_day_ratio:0.000000 | sampler_upsample_day_ratio:0.965760
| Valid 17 | time_embedding_norm:0.126068 | time_embedding_to_value_norm_ratio:0.724190 | time_tau:4.807604 | time_half_life:3.332377 | time_tau_std:0.000000 | time_tau_p10:4.807604 | time_tau_p90:4.807604 | time_tau_range_util:0.000000 | film_gamma_strength:0.097469 | film_beta_strength:0.010712 | factor_gate_mean:0.994354 | factor_gate_std:0.028888 | factor_gate_entropy:0.947383 | factor_gate_topk_mass_5:0.090063 | factor_gate_topk_mass_10:0.167590 | router_layer_0_time_ratio:0.485179 | router_layer_0_factor_ratio:0.208211 | router_layer_0_stock_ratio:0.306610 | router_layer_0_collapse_ratio:0.000000 | router_layer_0_entropy_norm:0.930968 | router_layer_0_logit_margin:0.466990 | expert_layer_0_time_expert_norm:16.548365 | expert_layer_0_factor_expert_norm:5.699830 | expert_layer_0_time_contrib_norm:8.022114 | expert_layer_0_factor_contrib_norm:1.190211 | expert_layer_0_contrib_norm_ratio:7.601922 | expert_layer_0_expert_cosine:0.009053 | expert_layer_0_time_winner_ratio:1.000000 | expert_layer_0_stock_ratio:0.306610 | expert_layer_0_stock_expert_norm:10.381754 | expert_layer_0_stock_contrib_norm:3.174260 | expert_layer_0_stock_winner_ratio:0.007637 | expert_layer_0_expert_cosine_ts:-0.094464 | expert_layer_0_expert_cosine_fs:-0.032810 | expert_layer_0_stock_attn_entropy_norm:1.000000 | expert_layer_0_stock_attn_self_frac:0.003338 | expert_layer_0_stock_attn_hub_top5_share:0.048830 | router_layer_1_time_ratio:0.433603 | router_layer_1_factor_ratio:0.202915 | router_layer_1_stock_ratio:0.363482 | router_layer_1_collapse_ratio:0.000000 | router_layer_1_entropy_norm:0.955031 | router_layer_1_logit_margin:0.186219 | expert_layer_1_time_expert_norm:63.991955 | expert_layer_1_factor_expert_norm:11.679359 | expert_layer_1_time_contrib_norm:27.772997 | expert_layer_1_factor_contrib_norm:2.372038 | expert_layer_1_contrib_norm_ratio:12.226350 | expert_layer_1_expert_cosine:-0.144983 | expert_layer_1_time_winner_ratio:1.000000 | expert_layer_1_stock_ratio:0.363482 | expert_layer_1_stock_expert_norm:108.672545 | expert_layer_1_stock_contrib_norm:39.492262 | expert_layer_1_stock_winner_ratio:0.975810 | expert_layer_1_expert_cosine_ts:0.043017 | expert_layer_1_expert_cosine_fs:-0.382973 | expert_layer_1_stock_attn_entropy_norm:0.999878 | expert_layer_1_stock_attn_self_frac:0.003321 | expert_layer_1_stock_attn_hub_top5_share:0.049668 | tr_gate_g:0.126921 | tr_attn_last_frac:0.117110 | tr_attn_entropy:2.076607 | loss_total:0.055500 | loss_main:0.055480 | loss_listmle:4.728475 | loss_mse:0.055480 | loss_ic:-0.063188 | loss_aux:0.000020 | loss_sparsity:0.000000 | valid_ratio:1.000000 | score_std:0.207141 | label_std:0.045755 | score_label_std_ratio:4.701450 | gate_entropy:1.035991 | time_ratio:0.459391 | ic_pearson_daily:0.063196 | rank_ic_daily:0.073845 | ic_raw:0.063196 | rank_ic:0.073845
| Train 18 | time_embedding_norm:0.126014 | time_embedding_to_value_norm_ratio:0.723815 | time_tau:4.934989 | time_half_life:3.420673 | time_tau_std:0.015039 | time_tau_p10:4.916379 | time_tau_p90:4.953768 | time_tau_range_util:0.000755 | film_gamma_strength:0.093509 | film_beta_strength:0.009598 | factor_gate_mean:0.997846 | factor_gate_std:0.027572 | factor_gate_entropy:0.944548 | factor_gate_topk_mass_5:0.091555 | factor_gate_topk_mass_10:0.171244 | router_layer_0_time_ratio:0.440725 | router_layer_0_factor_ratio:0.212661 | router_layer_0_stock_ratio:0.346614 | router_layer_0_collapse_ratio:0.000000 | router_layer_0_entropy_norm:0.932162 | router_layer_0_logit_margin:0.363063 | expert_layer_0_time_expert_norm:15.858146 | expert_layer_0_factor_expert_norm:5.450240 | expert_layer_0_time_contrib_norm:6.979491 | expert_layer_0_factor_contrib_norm:1.165996 | expert_layer_0_contrib_norm_ratio:7.240152 | expert_layer_0_expert_cosine:0.010335 | expert_layer_0_time_winner_ratio:1.000000 | expert_layer_0_stock_ratio:0.346614 | expert_layer_0_stock_expert_norm:7.153752 | expert_layer_0_stock_contrib_norm:2.482760 | expert_layer_0_stock_winner_ratio:0.013459 | expert_layer_0_expert_cosine_ts:-0.076909 | expert_layer_0_expert_cosine_fs:-0.024961 | router_layer_1_time_ratio:0.402303 | router_layer_1_factor_ratio:0.222226 | router_layer_1_stock_ratio:0.375472 | router_layer_1_collapse_ratio:0.000000 | router_layer_1_entropy_norm:0.964542 | router_layer_1_logit_margin:0.124997 | expert_layer_1_time_expert_norm:59.753946 | expert_layer_1_factor_expert_norm:10.562217 | expert_layer_1_time_contrib_norm:24.080958 | expert_layer_1_factor_contrib_norm:2.352551 | expert_layer_1_contrib_norm_ratio:11.114211 | expert_layer_1_expert_cosine:-0.131661 | expert_layer_1_time_winner_ratio:1.000000 | expert_layer_1_stock_ratio:0.375472 | expert_layer_1_stock_expert_norm:87.963853 | expert_layer_1_stock_contrib_norm:33.036020 | expert_layer_1_stock_winner_ratio:0.873289 | expert_layer_1_expert_cosine_ts:0.027613 | expert_layer_1_expert_cosine_fs:-0.337791 | tr_gate_g:0.127024 | tr_attn_last_frac:0.117028 | tr_attn_entropy:2.076467 | loss_total:1.337502 | loss_main:1.337481 | loss_listmle:4.698545 | loss_mse:1.337481 | loss_ic:-0.178908 | loss_aux:0.000021 | loss_sparsity:0.000000 | valid_ratio:1.000000 | score_std:0.208312 | label_std:1.165127 | score_label_std_ratio:0.180356 | ic_pearson_batch:0.178908 | ic_raw:0.178908 | rank_ic_batch:0.178003 | rank_ic:0.178003 | gate_entropy:1.041871 | time_ratio:0.421514 | grad_norm:4.701448 | grad_norm_other:2.686774 | grad_norm_time_embedding:2.796882 | grad_norm_factor_film:0.102211 | grad_norm_regime_encoder:0.849694 | grad_norm_router:0.959018 | grad_norm_time_expert:0.726605 | grad_norm_factor_expert:0.446214 | grad_norm_pooling_head:1.811890 | grad_nonfinite_tensors:4.000000 | grad_nonfinite_values:13.000000 | optimizer_steps:2978.000000 | grad_attempt_steps:2979.000000 | grad_skipped_steps:1.000000 | grad_nonfinite_steps:1.000000 | grad_skipped_rate:0.000336 | grad_nonfinite_rate:0.000336 | lr:0.000010 | sampler_epoch:17.000000 | sampler_num_days:2979.000000 | sampler_num_batches:2979.000000 | sampler_batch_size:300.000000 | sampler_total_source_samples:856246.000000 | sampler_total_draws:893700.000000 | sampler_unique_samples:566444.000000 | sampler_coverage_ratio:0.661544 | sampler_coverage_gap_vs_full:0.338456 | sampler_duplicate_draws:327256.000000 | sampler_duplicate_rate:0.366181 | sampler_downsample_days:0.000000 | sampler_upsample_days:2877.000000 | sampler_exact_days:102.000000 | sampler_downsample_day_ratio:0.000000 | sampler_upsample_day_ratio:0.965760
| Valid 18 | time_embedding_norm:0.125544 | time_embedding_to_value_norm_ratio:0.720328 | time_tau:4.809086 | time_half_life:3.333405 | time_tau_std:0.000000 | time_tau_p10:4.809086 | time_tau_p90:4.809086 | time_tau_range_util:0.000000 | film_gamma_strength:0.097804 | film_beta_strength:0.010875 | factor_gate_mean:0.994268 | factor_gate_std:0.028796 | factor_gate_entropy:0.946831 | factor_gate_topk_mass_5:0.090509 | factor_gate_topk_mass_10:0.168495 | router_layer_0_time_ratio:0.484482 | router_layer_0_factor_ratio:0.207569 | router_layer_0_stock_ratio:0.307949 | router_layer_0_collapse_ratio:0.000000 | router_layer_0_entropy_norm:0.930857 | router_layer_0_logit_margin:0.463094 | expert_layer_0_time_expert_norm:16.459056 | expert_layer_0_factor_expert_norm:5.684515 | expert_layer_0_time_contrib_norm:7.967454 | expert_layer_0_factor_contrib_norm:1.183886 | expert_layer_0_contrib_norm_ratio:7.586577 | expert_layer_0_expert_cosine:0.014750 | expert_layer_0_time_winner_ratio:1.000000 | expert_layer_0_stock_ratio:0.307949 | expert_layer_0_stock_expert_norm:10.387116 | expert_layer_0_stock_contrib_norm:3.189635 | expert_layer_0_stock_winner_ratio:0.008360 | expert_layer_0_expert_cosine_ts:-0.096000 | expert_layer_0_expert_cosine_fs:-0.033366 | expert_layer_0_stock_attn_entropy_norm:1.000000 | expert_layer_0_stock_attn_self_frac:0.003338 | expert_layer_0_stock_attn_hub_top5_share:0.048830 | router_layer_1_time_ratio:0.437186 | router_layer_1_factor_ratio:0.201671 | router_layer_1_stock_ratio:0.361142 | router_layer_1_collapse_ratio:0.000000 | router_layer_1_entropy_norm:0.953776 | router_layer_1_logit_margin:0.197802 | expert_layer_1_time_expert_norm:61.687693 | expert_layer_1_factor_expert_norm:12.265959 | expert_layer_1_time_contrib_norm:26.993874 | expert_layer_1_factor_contrib_norm:2.475873 | expert_layer_1_contrib_norm_ratio:11.392383 | expert_layer_1_expert_cosine:-0.149564 | expert_layer_1_time_winner_ratio:1.000000 | expert_layer_1_stock_ratio:0.361142 | expert_layer_1_stock_expert_norm:102.497709 | expert_layer_1_stock_contrib_norm:37.007678 | expert_layer_1_stock_winner_ratio:0.961170 | expert_layer_1_expert_cosine_ts:0.035344 | expert_layer_1_expert_cosine_fs:-0.381055 | expert_layer_1_stock_attn_entropy_norm:0.999891 | expert_layer_1_stock_attn_self_frac:0.003323 | expert_layer_1_stock_attn_hub_top5_share:0.049615 | tr_gate_g:0.127134 | tr_attn_last_frac:0.117058 | tr_attn_entropy:2.076479 | loss_total:0.059181 | loss_main:0.059160 | loss_listmle:4.728822 | loss_mse:0.059160 | loss_ic:-0.064136 | loss_aux:0.000021 | loss_sparsity:0.000000 | valid_ratio:1.000000 | score_std:0.211542 | label_std:0.045755 | score_label_std_ratio:4.799686 | gate_entropy:1.035241 | time_ratio:0.460834 | ic_pearson_daily:0.064143 | rank_ic_daily:0.074228 | ic_raw:0.064143 | rank_ic:0.074228
| Train 19 | time_embedding_norm:0.125443 | time_embedding_to_value_norm_ratio:0.719706 | time_tau:4.936500 | time_half_life:3.421721 | time_tau_std:0.015031 | time_tau_p10:4.917829 | time_tau_p90:4.955244 | time_tau_range_util:0.000756 | film_gamma_strength:0.094049 | film_beta_strength:0.009690 | factor_gate_mean:0.997900 | factor_gate_std:0.027635 | factor_gate_entropy:0.944367 | factor_gate_topk_mass_5:0.091819 | factor_gate_topk_mass_10:0.171654 | router_layer_0_time_ratio:0.438883 | router_layer_0_factor_ratio:0.213990 | router_layer_0_stock_ratio:0.347126 | router_layer_0_collapse_ratio:0.000000 | router_layer_0_entropy_norm:0.932552 | router_layer_0_logit_margin:0.365054 | expert_layer_0_time_expert_norm:15.860879 | expert_layer_0_factor_expert_norm:5.453993 | expert_layer_0_time_contrib_norm:6.952074 | expert_layer_0_factor_contrib_norm:1.174126 | expert_layer_0_contrib_norm_ratio:7.140335 | expert_layer_0_expert_cosine:0.013541 | expert_layer_0_time_winner_ratio:1.000000 | expert_layer_0_stock_ratio:0.347126 | expert_layer_0_stock_expert_norm:7.225821 | expert_layer_0_stock_contrib_norm:2.513425 | expert_layer_0_stock_winner_ratio:0.017491 | expert_layer_0_expert_cosine_ts:-0.079119 | expert_layer_0_expert_cosine_fs:-0.025732 | router_layer_1_time_ratio:0.401563 | router_layer_1_factor_ratio:0.225081 | router_layer_1_stock_ratio:0.373356 | router_layer_1_collapse_ratio:0.000000 | router_layer_1_entropy_norm:0.965940 | router_layer_1_logit_margin:0.119929 | expert_layer_1_time_expert_norm:57.138303 | expert_layer_1_factor_expert_norm:11.225733 | expert_layer_1_time_contrib_norm:22.984020 | expert_layer_1_factor_contrib_norm:2.531197 | expert_layer_1_contrib_norm_ratio:9.844114 | expert_layer_1_expert_cosine:-0.139371 | expert_layer_1_time_winner_ratio:1.000000 | expert_layer_1_stock_ratio:0.373356 | expert_layer_1_stock_expert_norm:85.948479 | expert_layer_1_stock_contrib_norm:32.089168 | expert_layer_1_stock_winner_ratio:0.888868 | expert_layer_1_expert_cosine_ts:0.025524 | expert_layer_1_expert_cosine_fs:-0.340039 | tr_gate_g:0.127201 | tr_attn_last_frac:0.116845 | tr_attn_entropy:2.076345 | loss_total:1.334925 | loss_main:1.334903 | loss_listmle:4.698802 | loss_mse:1.334903 | loss_ic:-0.180359 | loss_aux:0.000022 | loss_sparsity:0.000000 | valid_ratio:1.000000 | score_std:0.211519 | label_std:1.164681 | score_label_std_ratio:0.183144 | ic_pearson_batch:0.180360 | ic_raw:0.180360 | rank_ic_batch:0.179689 | rank_ic:0.179689 | gate_entropy:1.042853 | time_ratio:0.420223 | grad_norm:4.999633 | grad_norm_other:2.861860 | grad_norm_time_embedding:3.052064 | grad_norm_factor_film:0.106305 | grad_norm_regime_encoder:0.895831 | grad_norm_router:1.012302 | grad_norm_time_expert:0.770155 | grad_norm_factor_expert:0.484920 | grad_norm_pooling_head:1.822009 | grad_nonfinite_tensors:1.000000 | grad_nonfinite_values:3.000000 | optimizer_steps:2977.000000 | grad_attempt_steps:2979.000000 | grad_skipped_steps:2.000000 | grad_nonfinite_steps:2.000000 | grad_skipped_rate:0.000671 | grad_nonfinite_rate:0.000671 | lr:0.000007 | sampler_epoch:18.000000 | sampler_num_days:2979.000000 | sampler_num_batches:2979.000000 | sampler_batch_size:300.000000 | sampler_total_source_samples:856246.000000 | sampler_total_draws:893700.000000 | sampler_unique_samples:566802.000000 | sampler_coverage_ratio:0.661962 | sampler_coverage_gap_vs_full:0.338038 | sampler_duplicate_draws:326898.000000 | sampler_duplicate_rate:0.365780 | sampler_downsample_days:0.000000 | sampler_upsample_days:2877.000000 | sampler_exact_days:102.000000 | sampler_downsample_day_ratio:0.000000 | sampler_upsample_day_ratio:0.965760
| Valid 19 | time_embedding_norm:0.125158 | time_embedding_to_value_norm_ratio:0.717526 | time_tau:4.805823 | time_half_life:3.331142 | time_tau_std:0.000000 | time_tau_p10:4.805823 | time_tau_p90:4.805823 | time_tau_range_util:0.000000 | film_gamma_strength:0.097787 | film_beta_strength:0.010886 | factor_gate_mean:0.994165 | factor_gate_std:0.028628 | factor_gate_entropy:0.946940 | factor_gate_topk_mass_5:0.090513 | factor_gate_topk_mass_10:0.168450 | router_layer_0_time_ratio:0.490702 | router_layer_0_factor_ratio:0.204336 | router_layer_0_stock_ratio:0.304961 | router_layer_0_collapse_ratio:0.000000 | router_layer_0_entropy_norm:0.926977 | router_layer_0_logit_margin:0.485547 | expert_layer_0_time_expert_norm:16.635565 | expert_layer_0_factor_expert_norm:5.691826 | expert_layer_0_time_contrib_norm:8.156344 | expert_layer_0_factor_contrib_norm:1.167041 | expert_layer_0_contrib_norm_ratio:7.880347 | expert_layer_0_expert_cosine:0.018131 | expert_layer_0_time_winner_ratio:1.000000 | expert_layer_0_stock_ratio:0.304961 | expert_layer_0_stock_expert_norm:10.479843 | expert_layer_0_stock_contrib_norm:3.186975 | expert_layer_0_stock_winner_ratio:0.007982 | expert_layer_0_expert_cosine_ts:-0.101052 | expert_layer_0_expert_cosine_fs:-0.034083 | expert_layer_0_stock_attn_entropy_norm:1.000000 | expert_layer_0_stock_attn_self_frac:0.003338 | expert_layer_0_stock_attn_hub_top5_share:0.048830 | router_layer_1_time_ratio:0.436934 | router_layer_1_factor_ratio:0.203460 | router_layer_1_stock_ratio:0.359606 | router_layer_1_collapse_ratio:0.000000 | router_layer_1_entropy_norm:0.954892 | router_layer_1_logit_margin:0.200842 | expert_layer_1_time_expert_norm:60.188939 | expert_layer_1_factor_expert_norm:12.771064 | expert_layer_1_time_contrib_norm:26.322452 | expert_layer_1_factor_contrib_norm:2.600557 | expert_layer_1_contrib_norm_ratio:10.553658 | expert_layer_1_expert_cosine:-0.145194 | expert_layer_1_time_winner_ratio:1.000000 | expert_layer_1_stock_ratio:0.359606 | expert_layer_1_stock_expert_norm:101.635666 | expert_layer_1_stock_contrib_norm:36.539084 | expert_layer_1_stock_winner_ratio:0.965263 | expert_layer_1_expert_cosine_ts:0.035042 | expert_layer_1_expert_cosine_fs:-0.378470 | expert_layer_1_stock_attn_entropy_norm:0.999895 | expert_layer_1_stock_attn_self_frac:0.003323 | expert_layer_1_stock_attn_hub_top5_share:0.049608 | tr_gate_g:0.127280 | tr_attn_last_frac:0.117011 | tr_attn_entropy:2.076405 | loss_total:0.059358 | loss_main:0.059338 | loss_listmle:4.729244 | loss_mse:0.059338 | loss_ic:-0.063690 | loss_aux:0.000020 | loss_sparsity:0.000000 | valid_ratio:1.000000 | score_std:0.217957 | label_std:0.045755 | score_label_std_ratio:4.952187 | gate_entropy:1.033722 | time_ratio:0.463818 | ic_pearson_daily:0.063697 | rank_ic_daily:0.075787 | ic_raw:0.063697 | rank_ic:0.075787
| Train 20 | time_embedding_norm:0.125184 | time_embedding_to_value_norm_ratio:0.717612 | time_tau:4.937499 | time_half_life:3.422414 | time_tau_std:0.015061 | time_tau_p10:4.918817 | time_tau_p90:4.956239 | time_tau_range_util:0.000756 | film_gamma_strength:0.094254 | film_beta_strength:0.009679 | factor_gate_mean:0.997897 | factor_gate_std:0.027612 | factor_gate_entropy:0.944353 | factor_gate_topk_mass_5:0.091838 | factor_gate_topk_mass_10:0.171654 | router_layer_0_time_ratio:0.438952 | router_layer_0_factor_ratio:0.214060 | router_layer_0_stock_ratio:0.346988 | router_layer_0_collapse_ratio:0.000000 | router_layer_0_entropy_norm:0.933051 | router_layer_0_logit_margin:0.359870 | expert_layer_0_time_expert_norm:15.873097 | expert_layer_0_factor_expert_norm:5.493730 | expert_layer_0_time_contrib_norm:6.958371 | expert_layer_0_factor_contrib_norm:1.183471 | expert_layer_0_contrib_norm_ratio:7.112959 | expert_layer_0_expert_cosine:0.014292 | expert_layer_0_time_winner_ratio:1.000000 | expert_layer_0_stock_ratio:0.346988 | expert_layer_0_stock_expert_norm:7.337690 | expert_layer_0_stock_contrib_norm:2.550849 | expert_layer_0_stock_winner_ratio:0.017158 | expert_layer_0_expert_cosine_ts:-0.079907 | expert_layer_0_expert_cosine_fs:-0.026014 | router_layer_1_time_ratio:0.407805 | router_layer_1_factor_ratio:0.222269 | router_layer_1_stock_ratio:0.369926 | router_layer_1_collapse_ratio:0.000000 | router_layer_1_entropy_norm:0.964422 | router_layer_1_logit_margin:0.131205 | expert_layer_1_time_expert_norm:56.639452 | expert_layer_1_factor_expert_norm:11.270444 | expert_layer_1_time_contrib_norm:23.136241 | expert_layer_1_factor_contrib_norm:2.510868 | expert_layer_1_contrib_norm_ratio:9.979550 | expert_layer_1_expert_cosine:-0.134391 | expert_layer_1_time_winner_ratio:1.000000 | expert_layer_1_stock_ratio:0.369926 | expert_layer_1_stock_expert_norm:83.955382 | expert_layer_1_stock_contrib_norm:31.060359 | expert_layer_1_stock_winner_ratio:0.854431 | expert_layer_1_expert_cosine_ts:0.023035 | expert_layer_1_expert_cosine_fs:-0.338020 | tr_gate_g:0.127331 | tr_attn_last_frac:0.116796 | tr_attn_entropy:2.076282 | loss_total:1.337165 | loss_main:1.337144 | loss_listmle:4.699404 | loss_mse:1.337144 | loss_ic:-0.180714 | loss_aux:0.000021 | loss_sparsity:0.000000 | valid_ratio:1.000000 | score_std:0.210758 | label_std:1.165963 | score_label_std_ratio:0.182277 | ic_pearson_batch:0.180716 | ic_raw:0.180716 | rank_ic_batch:0.179757 | rank_ic:0.179757 | gate_entropy:1.042294 | time_ratio:0.423378 | grad_norm:5.110413 | grad_norm_other:2.942727 | grad_norm_time_embedding:3.155971 | grad_norm_factor_film:0.107995 | grad_norm_regime_encoder:0.912657 | grad_norm_router:1.013325 | grad_norm_time_expert:0.790303 | grad_norm_factor_expert:0.500967 | grad_norm_pooling_head:1.803110 | grad_nonfinite_tensors:1.000000 | grad_nonfinite_values:3.000000 | optimizer_steps:2978.000000 | grad_attempt_steps:2979.000000 | grad_skipped_steps:1.000000 | grad_nonfinite_steps:1.000000 | grad_skipped_rate:0.000336 | grad_nonfinite_rate:0.000336 | lr:0.000005 | sampler_epoch:19.000000 | sampler_num_days:2979.000000 | sampler_num_batches:2979.000000 | sampler_batch_size:300.000000 | sampler_total_source_samples:856246.000000 | sampler_total_draws:893700.000000 | sampler_unique_samples:566712.000000 | sampler_coverage_ratio:0.661857 | sampler_coverage_gap_vs_full:0.338143 | sampler_duplicate_draws:326988.000000 | sampler_duplicate_rate:0.365881 | sampler_downsample_days:0.000000 | sampler_upsample_days:2877.000000 | sampler_exact_days:102.000000 | sampler_downsample_day_ratio:0.000000 | sampler_upsample_day_ratio:0.965760
| Valid 20 | time_embedding_norm:0.124767 | time_embedding_to_value_norm_ratio:0.714978 | time_tau:4.806942 | time_half_life:3.331919 | time_tau_std:0.000000 | time_tau_p10:4.806942 | time_tau_p90:4.806942 | time_tau_range_util:0.000000 | film_gamma_strength:0.098358 | film_beta_strength:0.010927 | factor_gate_mean:0.994129 | factor_gate_std:0.028718 | factor_gate_entropy:0.946821 | factor_gate_topk_mass_5:0.090662 | factor_gate_topk_mass_10:0.168741 | router_layer_0_time_ratio:0.490830 | router_layer_0_factor_ratio:0.202880 | router_layer_0_stock_ratio:0.306290 | router_layer_0_collapse_ratio:0.000000 | router_layer_0_entropy_norm:0.926700 | router_layer_0_logit_margin:0.483060 | expert_layer_0_time_expert_norm:16.635219 | expert_layer_0_factor_expert_norm:5.701116 | expert_layer_0_time_contrib_norm:8.158638 | expert_layer_0_factor_contrib_norm:1.160438 | expert_layer_0_contrib_norm_ratio:7.903478 | expert_layer_0_expert_cosine:0.020069 | expert_layer_0_time_winner_ratio:1.000000 | expert_layer_0_stock_ratio:0.306290 | expert_layer_0_stock_expert_norm:10.593616 | expert_layer_0_stock_contrib_norm:3.234698 | expert_layer_0_stock_winner_ratio:0.008556 | expert_layer_0_expert_cosine_ts:-0.099588 | expert_layer_0_expert_cosine_fs:-0.034473 | expert_layer_0_stock_attn_entropy_norm:1.000000 | expert_layer_0_stock_attn_self_frac:0.003338 | expert_layer_0_stock_attn_hub_top5_share:0.048830 | router_layer_1_time_ratio:0.433713 | router_layer_1_factor_ratio:0.204679 | router_layer_1_stock_ratio:0.361608 | router_layer_1_collapse_ratio:0.000000 | router_layer_1_entropy_norm:0.956048 | router_layer_1_logit_margin:0.189240 | expert_layer_1_time_expert_norm:60.878565 | expert_layer_1_factor_expert_norm:12.895129 | expert_layer_1_time_contrib_norm:26.428373 | expert_layer_1_factor_contrib_norm:2.641217 | expert_layer_1_contrib_norm_ratio:10.428684 | expert_layer_1_expert_cosine:-0.140134 | expert_layer_1_time_winner_ratio:1.000000 | expert_layer_1_stock_ratio:0.361608 | expert_layer_1_stock_expert_norm:105.303188 | expert_layer_1_stock_contrib_norm:38.064621 | expert_layer_1_stock_winner_ratio:0.978460 | expert_layer_1_expert_cosine_ts:0.037726 | expert_layer_1_expert_cosine_fs:-0.382886 | expert_layer_1_stock_attn_entropy_norm:0.999883 | expert_layer_1_stock_attn_self_frac:0.003321 | expert_layer_1_stock_attn_hub_top5_share:0.049668 | tr_gate_g:0.127370 | tr_attn_last_frac:0.117066 | tr_attn_entropy:2.076371 | loss_total:0.069778 | loss_main:0.069759 | loss_listmle:4.736500 | loss_mse:0.069759 | loss_ic:-0.062822 | loss_aux:0.000019 | loss_sparsity:0.000000 | valid_ratio:1.000000 | score_std:0.238927 | label_std:0.045755 | score_label_std_ratio:5.425593 | gate_entropy:1.034205 | time_ratio:0.462272 | ic_pearson_daily:0.062829 | rank_ic_daily:0.073528 | ic_raw:0.062829 | rank_ic:0.073528
| Train 21 | time_embedding_norm:0.124845 | time_embedding_to_value_norm_ratio:0.715526 | time_tau:4.933488 | time_half_life:3.419633 | time_tau_std:0.015132 | time_tau_p10:4.914748 | time_tau_p90:4.952383 | time_tau_range_util:0.000760 | film_gamma_strength:0.094131 | film_beta_strength:0.009712 | factor_gate_mean:0.997901 | factor_gate_std:0.027428 | factor_gate_entropy:0.944228 | factor_gate_topk_mass_5:0.092048 | factor_gate_topk_mass_10:0.171981 | router_layer_0_time_ratio:0.442915 | router_layer_0_factor_ratio:0.212331 | router_layer_0_stock_ratio:0.344754 | router_layer_0_collapse_ratio:0.000000 | router_layer_0_entropy_norm:0.931457 | router_layer_0_logit_margin:0.366945 | expert_layer_0_time_expert_norm:15.938289 | expert_layer_0_factor_expert_norm:5.498167 | expert_layer_0_time_contrib_norm:7.050014 | expert_layer_0_factor_contrib_norm:1.174613 | expert_layer_0_contrib_norm_ratio:7.283081 | expert_layer_0_expert_cosine:0.013555 | expert_layer_0_time_winner_ratio:1.000000 | expert_layer_0_stock_ratio:0.344754 | expert_layer_0_stock_expert_norm:7.320738 | expert_layer_0_stock_contrib_norm:2.527758 | expert_layer_0_stock_winner_ratio:0.014448 | expert_layer_0_expert_cosine_ts:-0.079078 | expert_layer_0_expert_cosine_fs:-0.025777 | router_layer_1_time_ratio:0.406727 | router_layer_1_factor_ratio:0.224301 | router_layer_1_stock_ratio:0.368972 | router_layer_1_collapse_ratio:0.000000 | router_layer_1_entropy_norm:0.965250 | router_layer_1_logit_margin:0.133047 | expert_layer_1_time_expert_norm:56.629351 | expert_layer_1_factor_expert_norm:11.597716 | expert_layer_1_time_contrib_norm:23.070749 | expert_layer_1_factor_contrib_norm:2.607470 | expert_layer_1_contrib_norm_ratio:9.593928 | expert_layer_1_expert_cosine:-0.126194 | expert_layer_1_time_winner_ratio:1.000000 | expert_layer_1_stock_ratio:0.368972 | expert_layer_1_stock_expert_norm:83.560621 | expert_layer_1_stock_contrib_norm:30.825658 | expert_layer_1_stock_winner_ratio:0.854964 | expert_layer_1_expert_cosine_ts:0.025267 | expert_layer_1_expert_cosine_fs:-0.340578 | tr_gate_g:0.127411 | tr_attn_last_frac:0.116835 | tr_attn_entropy:2.076251 | loss_total:1.334202 | loss_main:1.334181 | loss_listmle:4.698449 | loss_mse:1.334181 | loss_ic:-0.183873 | loss_aux:0.000022 | loss_sparsity:0.000000 | valid_ratio:1.000000 | score_std:0.216698 | label_std:1.165414 | score_label_std_ratio:0.187574 | ic_pearson_batch:0.183874 | ic_raw:0.183874 | rank_ic_batch:0.182510 | rank_ic:0.182510 | gate_entropy:1.041873 | time_ratio:0.424821 | grad_norm:5.253510 | grad_norm_other:3.057505 | grad_norm_time_embedding:3.253899 | grad_norm_factor_film:0.110833 | grad_norm_regime_encoder:0.929403 | grad_norm_router:1.038126 | grad_norm_time_expert:0.814854 | grad_norm_factor_expert:0.509799 | grad_norm_pooling_head:1.803525 | grad_nonfinite_tensors:1.000000 | grad_nonfinite_values:3.000000 | optimizer_steps:2978.000000 | grad_attempt_steps:2979.000000 | grad_skipped_steps:1.000000 | grad_nonfinite_steps:1.000000 | grad_skipped_rate:0.000336 | grad_nonfinite_rate:0.000336 | lr:0.000003 | sampler_epoch:20.000000 | sampler_num_days:2979.000000 | sampler_num_batches:2979.000000 | sampler_batch_size:300.000000 | sampler_total_source_samples:856246.000000 | sampler_total_draws:893700.000000 | sampler_unique_samples:566419.000000 | sampler_coverage_ratio:0.661514 | sampler_coverage_gap_vs_full:0.338486 | sampler_duplicate_draws:327281.000000 | sampler_duplicate_rate:0.366209 | sampler_downsample_days:0.000000 | sampler_upsample_days:2877.000000 | sampler_exact_days:102.000000 | sampler_downsample_day_ratio:0.000000 | sampler_upsample_day_ratio:0.965760
| Valid 21 | time_embedding_norm:0.124557 | time_embedding_to_value_norm_ratio:0.713641 | time_tau:4.801072 | time_half_life:3.327850 | time_tau_std:0.000000 | time_tau_p10:4.801072 | time_tau_p90:4.801072 | time_tau_range_util:0.000000 | film_gamma_strength:0.099099 | film_beta_strength:0.010947 | factor_gate_mean:0.994177 | factor_gate_std:0.028870 | factor_gate_entropy:0.946736 | factor_gate_topk_mass_5:0.090804 | factor_gate_topk_mass_10:0.169014 | router_layer_0_time_ratio:0.488058 | router_layer_0_factor_ratio:0.207041 | router_layer_0_stock_ratio:0.304902 | router_layer_0_collapse_ratio:0.000000 | router_layer_0_entropy_norm:0.928770 | router_layer_0_logit_margin:0.477215 | expert_layer_0_time_expert_norm:16.579216 | expert_layer_0_factor_expert_norm:5.749167 | expert_layer_0_time_contrib_norm:8.084768 | expert_layer_0_factor_contrib_norm:1.194365 | expert_layer_0_contrib_norm_ratio:7.655419 | expert_layer_0_expert_cosine:0.018519 | expert_layer_0_time_winner_ratio:1.000000 | expert_layer_0_stock_ratio:0.304902 | expert_layer_0_stock_expert_norm:10.618463 | expert_layer_0_stock_contrib_norm:3.227698 | expert_layer_0_stock_winner_ratio:0.008842 | expert_layer_0_expert_cosine_ts:-0.098493 | expert_layer_0_expert_cosine_fs:-0.034726 | expert_layer_0_stock_attn_entropy_norm:1.000000 | expert_layer_0_stock_attn_self_frac:0.003338 | expert_layer_0_stock_attn_hub_top5_share:0.048830 | router_layer_1_time_ratio:0.439595 | router_layer_1_factor_ratio:0.202547 | router_layer_1_stock_ratio:0.357858 | router_layer_1_collapse_ratio:0.000000 | router_layer_1_entropy_norm:0.953942 | router_layer_1_logit_margin:0.210756 | expert_layer_1_time_expert_norm:59.476235 | expert_layer_1_factor_expert_norm:12.906173 | expert_layer_1_time_contrib_norm:26.168146 | expert_layer_1_factor_contrib_norm:2.616216 | expert_layer_1_contrib_norm_ratio:10.427681 | expert_layer_1_expert_cosine:-0.131895 | expert_layer_1_time_winner_ratio:1.000000 | expert_layer_1_stock_ratio:0.357858 | expert_layer_1_stock_expert_norm:101.437493 | expert_layer_1_stock_contrib_norm:36.285934 | expert_layer_1_stock_winner_ratio:0.965685 | expert_layer_1_expert_cosine_ts:0.033266 | expert_layer_1_expert_cosine_fs:-0.380652 | expert_layer_1_stock_attn_entropy_norm:0.999886 | expert_layer_1_stock_attn_self_frac:0.003321 | expert_layer_1_stock_attn_hub_top5_share:0.049662 | tr_gate_g:0.127455 | tr_attn_last_frac:0.116973 | tr_attn_entropy:2.076325 | loss_total:0.062489 | loss_main:0.062471 | loss_listmle:4.732977 | loss_mse:0.062471 | loss_ic:-0.063118 | loss_aux:0.000019 | loss_sparsity:0.000000 | valid_ratio:1.000000 | score_std:0.224120 | label_std:0.045755 | score_label_std_ratio:5.092290 | gate_entropy:1.034186 | time_ratio:0.463826 | ic_pearson_daily:0.063125 | rank_ic_daily:0.073914 | ic_raw:0.063125 | rank_ic:0.073914
| Train 22 | time_embedding_norm:0.124637 | time_embedding_to_value_norm_ratio:0.714282 | time_tau:4.932419 | time_half_life:3.418892 | time_tau_std:0.015148 | time_tau_p10:4.913597 | time_tau_p90:4.951297 | time_tau_range_util:0.000762 | film_gamma_strength:0.094611 | film_beta_strength:0.009736 | factor_gate_mean:0.997899 | factor_gate_std:0.027533 | factor_gate_entropy:0.944219 | factor_gate_topk_mass_5:0.092124 | factor_gate_topk_mass_10:0.172038 | router_layer_0_time_ratio:0.441341 | router_layer_0_factor_ratio:0.212663 | router_layer_0_stock_ratio:0.345996 | router_layer_0_collapse_ratio:0.000000 | router_layer_0_entropy_norm:0.931471 | router_layer_0_logit_margin:0.367186 | expert_layer_0_time_expert_norm:15.878821 | expert_layer_0_factor_expert_norm:5.506131 | expert_layer_0_time_contrib_norm:6.998969 | expert_layer_0_factor_contrib_norm:1.178343 | expert_layer_0_contrib_norm_ratio:7.208523 | expert_layer_0_expert_cosine:0.014638 | expert_layer_0_time_winner_ratio:1.000000 | expert_layer_0_stock_ratio:0.345996 | expert_layer_0_stock_expert_norm:7.404460 | expert_layer_0_stock_contrib_norm:2.566747 | expert_layer_0_stock_winner_ratio:0.017594 | expert_layer_0_expert_cosine_ts:-0.078733 | expert_layer_0_expert_cosine_fs:-0.026241 | router_layer_1_time_ratio:0.410193 | router_layer_1_factor_ratio:0.221898 | router_layer_1_stock_ratio:0.367909 | router_layer_1_collapse_ratio:0.000000 | router_layer_1_entropy_norm:0.964137 | router_layer_1_logit_margin:0.139196 | expert_layer_1_time_expert_norm:55.938839 | expert_layer_1_factor_expert_norm:11.556709 | expert_layer_1_time_contrib_norm:22.982550 | expert_layer_1_factor_contrib_norm:2.570173 | expert_layer_1_contrib_norm_ratio:9.671162 | expert_layer_1_expert_cosine:-0.119037 | expert_layer_1_time_winner_ratio:1.000000 | expert_layer_1_stock_ratio:0.367909 | expert_layer_1_stock_expert_norm:82.443417 | expert_layer_1_stock_contrib_norm:30.324041 | expert_layer_1_stock_winner_ratio:0.836192 | expert_layer_1_expert_cosine_ts:0.021476 | expert_layer_1_expert_cosine_fs:-0.338990 | tr_gate_g:0.127476 | tr_attn_last_frac:0.116821 | tr_attn_entropy:2.076215 | loss_total:1.332568 | loss_main:1.332546 | loss_listmle:4.698334 | loss_mse:1.332546 | loss_ic:-0.186162 | loss_aux:0.000021 | loss_sparsity:0.000000 | valid_ratio:1.000000 | score_std:0.218208 | label_std:1.165395 | score_label_std_ratio:0.188817 | ic_pearson_batch:0.186163 | ic_raw:0.186163 | rank_ic_batch:0.184457 | rank_ic:0.184457 | gate_entropy:1.041269 | time_ratio:0.425767 | grad_norm:5.495770 | grad_norm_other:3.188428 | grad_norm_time_embedding:3.458098 | grad_norm_factor_film:0.113350 | grad_norm_regime_encoder:0.962627 | grad_norm_router:1.061222 | grad_norm_time_expert:0.846962 | grad_norm_factor_expert:0.535729 | grad_norm_pooling_head:1.845071 | grad_nonfinite_tensors:1.000000 | grad_nonfinite_values:3.000000 | optimizer_steps:2978.000000 | grad_attempt_steps:2979.000000 | grad_skipped_steps:1.000000 | grad_nonfinite_steps:1.000000 | grad_skipped_rate:0.000336 | grad_nonfinite_rate:0.000336 | lr:0.000002 | sampler_epoch:21.000000 | sampler_num_days:2979.000000 | sampler_num_batches:2979.000000 | sampler_batch_size:300.000000 | sampler_total_source_samples:856246.000000 | sampler_total_draws:893700.000000 | sampler_unique_samples:566498.000000 | sampler_coverage_ratio:0.661607 | sampler_coverage_gap_vs_full:0.338393 | sampler_duplicate_draws:327202.000000 | sampler_duplicate_rate:0.366121 | sampler_downsample_days:0.000000 | sampler_upsample_days:2877.000000 | sampler_exact_days:102.000000 | sampler_downsample_day_ratio:0.000000 | sampler_upsample_day_ratio:0.965760
| Valid 22 | time_embedding_norm:0.124438 | time_embedding_to_value_norm_ratio:0.712868 | time_tau:4.800820 | time_half_life:3.327675 | time_tau_std:0.000000 | time_tau_p10:4.800820 | time_tau_p90:4.800820 | time_tau_range_util:0.000000 | film_gamma_strength:0.099113 | film_beta_strength:0.010970 | factor_gate_mean:0.994156 | factor_gate_std:0.028815 | factor_gate_entropy:0.946759 | factor_gate_topk_mass_5:0.090791 | factor_gate_topk_mass_10:0.168967 | router_layer_0_time_ratio:0.492290 | router_layer_0_factor_ratio:0.204555 | router_layer_0_stock_ratio:0.303155 | router_layer_0_collapse_ratio:0.000000 | router_layer_0_entropy_norm:0.926007 | router_layer_0_logit_margin:0.491479 | expert_layer_0_time_expert_norm:16.615029 | expert_layer_0_factor_expert_norm:5.725427 | expert_layer_0_time_contrib_norm:8.172478 | expert_layer_0_factor_contrib_norm:1.175356 | expert_layer_0_contrib_norm_ratio:7.883100 | expert_layer_0_expert_cosine:0.019863 | expert_layer_0_time_winner_ratio:1.000000 | expert_layer_0_stock_ratio:0.303155 | expert_layer_0_stock_expert_norm:10.577933 | expert_layer_0_stock_contrib_norm:3.197056 | expert_layer_0_stock_winner_ratio:0.007818 | expert_layer_0_expert_cosine_ts:-0.099058 | expert_layer_0_expert_cosine_fs:-0.035166 | expert_layer_0_stock_attn_entropy_norm:1.000000 | expert_layer_0_stock_attn_self_frac:0.003338 | expert_layer_0_stock_attn_hub_top5_share:0.048831 | router_layer_1_time_ratio:0.438925 | router_layer_1_factor_ratio:0.201924 | router_layer_1_stock_ratio:0.359151 | router_layer_1_collapse_ratio:0.000000 | router_layer_1_entropy_norm:0.953771 | router_layer_1_logit_margin:0.206306 | expert_layer_1_time_expert_norm:58.593290 | expert_layer_1_factor_expert_norm:13.006790 | expert_layer_1_time_contrib_norm:25.740348 | expert_layer_1_factor_contrib_norm:2.628575 | expert_layer_1_contrib_norm_ratio:10.207892 | expert_layer_1_expert_cosine:-0.123728 | expert_layer_1_time_winner_ratio:1.000000 | expert_layer_1_stock_ratio:0.359151 | expert_layer_1_stock_expert_norm:100.669367 | expert_layer_1_stock_contrib_norm:36.138693 | expert_layer_1_stock_winner_ratio:0.970087 | expert_layer_1_expert_cosine_ts:0.028324 | expert_layer_1_expert_cosine_fs:-0.377192 | expert_layer_1_stock_attn_entropy_norm:0.999889 | expert_layer_1_stock_attn_self_frac:0.003322 | expert_layer_1_stock_attn_hub_top5_share:0.049650 | tr_gate_g:0.127481 | tr_attn_last_frac:0.117030 | tr_attn_entropy:2.076296 | loss_total:0.065065 | loss_main:0.065046 | loss_listmle:4.733414 | loss_mse:0.065046 | loss_ic:-0.063104 | loss_aux:0.000019 | loss_sparsity:0.000000 | valid_ratio:1.000000 | score_std:0.231639 | label_std:0.045755 | score_label_std_ratio:5.263547 | gate_entropy:1.032574 | time_ratio:0.465607 | ic_pearson_daily:0.063111 | rank_ic_daily:0.075022 | ic_raw:0.063111 | rank_ic:0.075022
| Train 23 | time_embedding_norm:0.124575 | time_embedding_to_value_norm_ratio:0.713942 | time_tau:4.932618 | time_half_life:3.419030 | time_tau_std:0.015146 | time_tau_p10:4.913824 | time_tau_p90:4.951513 | time_tau_range_util:0.000761 | film_gamma_strength:0.094746 | film_beta_strength:0.009746 | factor_gate_mean:0.997891 | factor_gate_std:0.027524 | factor_gate_entropy:0.944213 | factor_gate_topk_mass_5:0.092149 | factor_gate_topk_mass_10:0.172081 | router_layer_0_time_ratio:0.443489 | router_layer_0_factor_ratio:0.212325 | router_layer_0_stock_ratio:0.344186 | router_layer_0_collapse_ratio:0.000000 | router_layer_0_entropy_norm:0.931036 | router_layer_0_logit_margin:0.368748 | expert_layer_0_time_expert_norm:15.883626 | expert_layer_0_factor_expert_norm:5.516096 | expert_layer_0_time_contrib_norm:7.034879 | expert_layer_0_factor_contrib_norm:1.178766 | expert_layer_0_contrib_norm_ratio:7.264054 | expert_layer_0_expert_cosine:0.013487 | expert_layer_0_time_winner_ratio:1.000000 | expert_layer_0_stock_ratio:0.344186 | expert_layer_0_stock_expert_norm:7.392352 | expert_layer_0_stock_contrib_norm:2.548110 | expert_layer_0_stock_winner_ratio:0.015455 | expert_layer_0_expert_cosine_ts:-0.078900 | expert_layer_0_expert_cosine_fs:-0.026133 | router_layer_1_time_ratio:0.409909 | router_layer_1_factor_ratio:0.221427 | router_layer_1_stock_ratio:0.368664 | router_layer_1_collapse_ratio:0.000000 | router_layer_1_entropy_norm:0.963895 | router_layer_1_logit_margin:0.137328 | expert_layer_1_time_expert_norm:55.403677 | expert_layer_1_factor_expert_norm:11.644064 | expert_layer_1_time_contrib_norm:22.746281 | expert_layer_1_factor_contrib_norm:2.584466 | expert_layer_1_contrib_norm_ratio:9.528617 | expert_layer_1_expert_cosine:-0.118688 | expert_layer_1_time_winner_ratio:1.000000 | expert_layer_1_stock_ratio:0.368664 | expert_layer_1_stock_expert_norm:82.499327 | expert_layer_1_stock_contrib_norm:30.405843 | expert_layer_1_stock_winner_ratio:0.853077 | expert_layer_1_expert_cosine_ts:0.020340 | expert_layer_1_expert_cosine_fs:-0.338003 | tr_gate_g:0.127491 | tr_attn_last_frac:0.116796 | tr_attn_entropy:2.076196 | loss_total:1.331728 | loss_main:1.331707 | loss_listmle:4.697889 | loss_mse:1.331707 | loss_ic:-0.188604 | loss_aux:0.000021 | loss_sparsity:0.000000 | valid_ratio:1.000000 | score_std:0.219884 | label_std:1.165205 | score_label_std_ratio:0.190329 | ic_pearson_batch:0.188605 | ic_raw:0.188605 | rank_ic_batch:0.187607 | rank_ic:0.187607 | gate_entropy:1.040897 | time_ratio:0.426699 | grad_norm:5.620387 | grad_norm_other:3.255843 | grad_norm_time_embedding:3.548185 | grad_norm_factor_film:0.114641 | grad_norm_regime_encoder:0.977257 | grad_norm_router:1.089403 | grad_norm_time_expert:0.867127 | grad_norm_factor_expert:0.547801 | grad_norm_pooling_head:1.874545 | grad_nonfinite_tensors:1.000000 | grad_nonfinite_values:3.000000 | optimizer_steps:2978.000000 | grad_attempt_steps:2979.000000 | grad_skipped_steps:1.000000 | grad_nonfinite_steps:1.000000 | grad_skipped_rate:0.000336 | grad_nonfinite_rate:0.000336 | lr:0.000001 | sampler_epoch:22.000000 | sampler_num_days:2979.000000 | sampler_num_batches:2979.000000 | sampler_batch_size:300.000000 | sampler_total_source_samples:856246.000000 | sampler_total_draws:893700.000000 | sampler_unique_samples:566534.000000 | sampler_coverage_ratio:0.661649 | sampler_coverage_gap_vs_full:0.338351 | sampler_duplicate_draws:327166.000000 | sampler_duplicate_rate:0.366080 | sampler_downsample_days:0.000000 | sampler_upsample_days:2877.000000 | sampler_exact_days:102.000000 | sampler_downsample_day_ratio:0.000000 | sampler_upsample_day_ratio:0.965760
| Valid 23 | time_embedding_norm:0.124326 | time_embedding_to_value_norm_ratio:0.712162 | time_tau:4.801343 | time_half_life:3.328037 | time_tau_std:0.000000 | time_tau_p10:4.801343 | time_tau_p90:4.801343 | time_tau_range_util:0.000000 | film_gamma_strength:0.099299 | film_beta_strength:0.010988 | factor_gate_mean:0.994149 | factor_gate_std:0.028838 | factor_gate_entropy:0.946728 | factor_gate_topk_mass_5:0.090826 | factor_gate_topk_mass_10:0.169029 | router_layer_0_time_ratio:0.491911 | router_layer_0_factor_ratio:0.204835 | router_layer_0_stock_ratio:0.303254 | router_layer_0_collapse_ratio:0.000000 | router_layer_0_entropy_norm:0.926395 | router_layer_0_logit_margin:0.490123 | expert_layer_0_time_expert_norm:16.623998 | expert_layer_0_factor_expert_norm:5.742441 | expert_layer_0_time_contrib_norm:8.170495 | expert_layer_0_factor_contrib_norm:1.180399 | expert_layer_0_contrib_norm_ratio:7.840897 | expert_layer_0_expert_cosine:0.018943 | expert_layer_0_time_winner_ratio:1.000000 | expert_layer_0_stock_ratio:0.303254 | expert_layer_0_stock_expert_norm:10.632452 | expert_layer_0_stock_contrib_norm:3.214404 | expert_layer_0_stock_winner_ratio:0.007796 | expert_layer_0_expert_cosine_ts:-0.099269 | expert_layer_0_expert_cosine_fs:-0.035115 | expert_layer_0_stock_attn_entropy_norm:1.000000 | expert_layer_0_stock_attn_self_frac:0.003338 | expert_layer_0_stock_attn_hub_top5_share:0.048830 | router_layer_1_time_ratio:0.439818 | router_layer_1_factor_ratio:0.202173 | router_layer_1_stock_ratio:0.358009 | router_layer_1_collapse_ratio:0.000000 | router_layer_1_entropy_norm:0.953715 | router_layer_1_logit_margin:0.210770 | expert_layer_1_time_expert_norm:59.030134 | expert_layer_1_factor_expert_norm:13.108484 | expert_layer_1_time_contrib_norm:25.984781 | expert_layer_1_factor_contrib_norm:2.652308 | expert_layer_1_contrib_norm_ratio:10.212679 | expert_layer_1_expert_cosine:-0.128722 | expert_layer_1_time_winner_ratio:1.000000 | expert_layer_1_stock_ratio:0.358009 | expert_layer_1_stock_expert_norm:101.076267 | expert_layer_1_stock_contrib_norm:36.168751 | expert_layer_1_stock_winner_ratio:0.966952 | expert_layer_1_expert_cosine_ts:0.029579 | expert_layer_1_expert_cosine_fs:-0.378678 | expert_layer_1_stock_attn_entropy_norm:0.999885 | expert_layer_1_stock_attn_self_frac:0.003322 | expert_layer_1_stock_attn_hub_top5_share:0.049658 | tr_gate_g:0.127498 | tr_attn_last_frac:0.116999 | tr_attn_entropy:2.076292 | loss_total:0.070665 | loss_main:0.070646 | loss_listmle:4.737613 | loss_mse:0.070646 | loss_ic:-0.062403 | loss_aux:0.000019 | loss_sparsity:0.000000 | valid_ratio:1.000000 | score_std:0.241502 | label_std:0.045755 | score_label_std_ratio:5.488211 | gate_entropy:1.032756 | time_ratio:0.465865 | ic_pearson_daily:0.062408 | rank_ic_daily:0.074043 | ic_raw:0.062408 | rank_ic:0.074043
| Train 24 | time_embedding_norm:0.124522 | time_embedding_to_value_norm_ratio:0.713415 | time_tau:4.932575 | time_half_life:3.419000 | time_tau_std:0.015181 | time_tau_p10:4.913835 | time_tau_p90:4.951521 | time_tau_range_util:0.000761 | film_gamma_strength:0.094828 | film_beta_strength:0.009745 | factor_gate_mean:0.997886 | factor_gate_std:0.027537 | factor_gate_entropy:0.944203 | factor_gate_topk_mass_5:0.092158 | factor_gate_topk_mass_10:0.172097 | router_layer_0_time_ratio:0.445009 | router_layer_0_factor_ratio:0.212301 | router_layer_0_stock_ratio:0.342690 | router_layer_0_collapse_ratio:0.000000 | router_layer_0_entropy_norm:0.930829 | router_layer_0_logit_margin:0.370532 | expert_layer_0_time_expert_norm:15.920564 | expert_layer_0_factor_expert_norm:5.523156 | expert_layer_0_time_contrib_norm:7.075395 | expert_layer_0_factor_contrib_norm:1.180233 | expert_layer_0_contrib_norm_ratio:7.302172 | expert_layer_0_expert_cosine:0.013583 | expert_layer_0_time_winner_ratio:1.000000 | expert_layer_0_stock_ratio:0.342690 | expert_layer_0_stock_expert_norm:7.370150 | expert_layer_0_stock_contrib_norm:2.529109 | expert_layer_0_stock_winner_ratio:0.013867 | expert_layer_0_expert_cosine_ts:-0.079220 | expert_layer_0_expert_cosine_fs:-0.026348 | router_layer_1_time_ratio:0.409529 | router_layer_1_factor_ratio:0.222275 | router_layer_1_stock_ratio:0.368197 | router_layer_1_collapse_ratio:0.000000 | router_layer_1_entropy_norm:0.964267 | router_layer_1_logit_margin:0.137439 | expert_layer_1_time_expert_norm:55.583898 | expert_layer_1_factor_expert_norm:11.710923 | expert_layer_1_time_contrib_norm:22.798662 | expert_layer_1_factor_contrib_norm:2.609261 | expert_layer_1_contrib_norm_ratio:9.461881 | expert_layer_1_expert_cosine:-0.120670 | expert_layer_1_time_winner_ratio:1.000000 | expert_layer_1_stock_ratio:0.368197 | expert_layer_1_stock_expert_norm:82.140912 | expert_layer_1_stock_contrib_norm:30.234392 | expert_layer_1_stock_winner_ratio:0.846799 | expert_layer_1_expert_cosine_ts:0.020935 | expert_layer_1_expert_cosine_fs:-0.337460 | tr_gate_g:0.127500 | tr_attn_last_frac:0.116795 | tr_attn_entropy:2.076192 | loss_total:1.334686 | loss_main:1.334665 | loss_listmle:4.698017 | loss_mse:1.334665 | loss_ic:-0.187540 | loss_aux:0.000021 | loss_sparsity:0.000000 | valid_ratio:1.000000 | score_std:0.221409 | label_std:1.166639 | score_label_std_ratio:0.191419 | ic_pearson_batch:0.187542 | ic_raw:0.187542 | rank_ic_batch:0.185959 | rank_ic:0.185959 | gate_entropy:1.040988 | time_ratio:0.427269 | grad_norm:5.635812 | grad_norm_other:3.299051 | grad_norm_time_embedding:3.549716 | grad_norm_factor_film:0.116078 | grad_norm_regime_encoder:0.979184 | grad_norm_router:1.078004 | grad_norm_time_expert:0.877853 | grad_norm_factor_expert:0.546991 | grad_norm_pooling_head:1.847974 | grad_nonfinite_tensors:1.000000 | grad_nonfinite_values:3.000000 | optimizer_steps:2978.000000 | grad_attempt_steps:2979.000000 | grad_skipped_steps:1.000000 | grad_nonfinite_steps:1.000000 | grad_skipped_rate:0.000336 | grad_nonfinite_rate:0.000336 | lr:0.000000 | sampler_epoch:23.000000 | sampler_num_days:2979.000000 | sampler_num_batches:2979.000000 | sampler_batch_size:300.000000 | sampler_total_source_samples:856246.000000 | sampler_total_draws:893700.000000 | sampler_unique_samples:566499.000000 | sampler_coverage_ratio:0.661608 | sampler_coverage_gap_vs_full:0.338392 | sampler_duplicate_draws:327201.000000 | sampler_duplicate_rate:0.366120 | sampler_downsample_days:0.000000 | sampler_upsample_days:2877.000000 | sampler_exact_days:102.000000 | sampler_downsample_day_ratio:0.000000 | sampler_upsample_day_ratio:0.965760
| Valid 24 | time_embedding_norm:0.124301 | time_embedding_to_value_norm_ratio:0.711988 | time_tau:4.801078 | time_half_life:3.327854 | time_tau_std:0.000000 | time_tau_p10:4.801078 | time_tau_p90:4.801078 | time_tau_range_util:0.000000 | film_gamma_strength:0.099324 | film_beta_strength:0.010992 | factor_gate_mean:0.994144 | factor_gate_std:0.028836 | factor_gate_entropy:0.946719 | factor_gate_topk_mass_5:0.090830 | factor_gate_topk_mass_10:0.169037 | router_layer_0_time_ratio:0.491783 | router_layer_0_factor_ratio:0.204596 | router_layer_0_stock_ratio:0.303621 | router_layer_0_collapse_ratio:0.000000 | router_layer_0_entropy_norm:0.926423 | router_layer_0_logit_margin:0.488943 | expert_layer_0_time_expert_norm:16.622827 | expert_layer_0_factor_expert_norm:5.744678 | expert_layer_0_time_contrib_norm:8.167775 | expert_layer_0_factor_contrib_norm:1.179499 | expert_layer_0_contrib_norm_ratio:7.843026 | expert_layer_0_expert_cosine:0.018780 | expert_layer_0_time_winner_ratio:1.000000 | expert_layer_0_stock_ratio:0.303621 | expert_layer_0_stock_expert_norm:10.655182 | expert_layer_0_stock_contrib_norm:3.225199 | expert_layer_0_stock_winner_ratio:0.007840 | expert_layer_0_expert_cosine_ts:-0.098857 | expert_layer_0_expert_cosine_fs:-0.035056 | expert_layer_0_stock_attn_entropy_norm:1.000000 | expert_layer_0_stock_attn_self_frac:0.003338 | expert_layer_0_stock_attn_hub_top5_share:0.048830 | router_layer_1_time_ratio:0.439686 | router_layer_1_factor_ratio:0.202317 | router_layer_1_stock_ratio:0.357997 | router_layer_1_collapse_ratio:0.000000 | router_layer_1_entropy_norm:0.953820 | router_layer_1_logit_margin:0.210504 | expert_layer_1_time_expert_norm:58.924337 | expert_layer_1_factor_expert_norm:13.103929 | expert_layer_1_time_contrib_norm:25.930272 | expert_layer_1_factor_contrib_norm:2.653259 | expert_layer_1_contrib_norm_ratio:10.186987 | expert_layer_1_expert_cosine:-0.127838 | expert_layer_1_time_winner_ratio:1.000000 | expert_layer_1_stock_ratio:0.357997 | expert_layer_1_stock_expert_norm:100.802299 | expert_layer_1_stock_contrib_norm:36.069627 | expert_layer_1_stock_winner_ratio:0.966558 | expert_layer_1_expert_cosine_ts:0.028745 | expert_layer_1_expert_cosine_fs:-0.378375 | expert_layer_1_stock_attn_entropy_norm:0.999886 | expert_layer_1_stock_attn_self_frac:0.003322 | expert_layer_1_stock_attn_hub_top5_share:0.049654 | tr_gate_g:0.127503 | tr_attn_last_frac:0.116980 | tr_attn_entropy:2.076286 | loss_total:0.069315 | loss_main:0.069295 | loss_listmle:4.737573 | loss_mse:0.069295 | loss_ic:-0.062371 | loss_aux:0.000019 | loss_sparsity:0.000000 | valid_ratio:1.000000 | score_std:0.239733 | label_std:0.045755 | score_label_std_ratio:5.447806 | gate_entropy:1.032829 | time_ratio:0.465735 | ic_pearson_daily:0.062378 | rank_ic_daily:0.073530 | ic_raw:0.062378 | rank_ic:0.073530
| Train 25 | time_embedding_norm:0.124507 | time_embedding_to_value_norm_ratio:0.713467 | time_tau:4.932723 | time_half_life:3.419103 | time_tau_std:0.015188 | time_tau_p10:4.913869 | time_tau_p90:4.951694 | time_tau_range_util:0.000764 | film_gamma_strength:0.094820 | film_beta_strength:0.009746 | factor_gate_mean:0.997891 | factor_gate_std:0.027529 | factor_gate_entropy:0.944198 | factor_gate_topk_mass_5:0.092166 | factor_gate_topk_mass_10:0.172104 | router_layer_0_time_ratio:0.444325 | router_layer_0_factor_ratio:0.212274 | router_layer_0_stock_ratio:0.343402 | router_layer_0_collapse_ratio:0.000000 | router_layer_0_entropy_norm:0.930980 | router_layer_0_logit_margin:0.369482 | expert_layer_0_time_expert_norm:15.905173 | expert_layer_0_factor_expert_norm:5.526622 | expert_layer_0_time_contrib_norm:7.057614 | expert_layer_0_factor_contrib_norm:1.180719 | expert_layer_0_contrib_norm_ratio:7.274957 | expert_layer_0_expert_cosine:0.013380 | expert_layer_0_time_winner_ratio:1.000000 | expert_layer_0_stock_ratio:0.343402 | expert_layer_0_stock_expert_norm:7.391831 | expert_layer_0_stock_contrib_norm:2.542116 | expert_layer_0_stock_winner_ratio:0.014611 | expert_layer_0_expert_cosine_ts:-0.079046 | expert_layer_0_expert_cosine_fs:-0.026235 | router_layer_1_time_ratio:0.410092 | router_layer_1_factor_ratio:0.221883 | router_layer_1_stock_ratio:0.368025 | router_layer_1_collapse_ratio:0.000000 | router_layer_1_entropy_norm:0.964077 | router_layer_1_logit_margin:0.138167 | expert_layer_1_time_expert_norm:55.530162 | expert_layer_1_factor_expert_norm:11.687567 | expert_layer_1_time_contrib_norm:22.807565 | expert_layer_1_factor_contrib_norm:2.599320 | expert_layer_1_contrib_norm_ratio:9.497904 | expert_layer_1_expert_cosine:-0.119721 | expert_layer_1_time_winner_ratio:1.000000 | expert_layer_1_stock_ratio:0.368025 | expert_layer_1_stock_expert_norm:81.977879 | expert_layer_1_stock_contrib_norm:30.159682 | expert_layer_1_stock_winner_ratio:0.843263 | expert_layer_1_expert_cosine_ts:0.020336 | expert_layer_1_expert_cosine_fs:-0.337327 | tr_gate_g:0.127504 | tr_attn_last_frac:0.116775 | tr_attn_entropy:2.076190 | loss_total:1.333070 | loss_main:1.333049 | loss_listmle:4.698630 | loss_mse:1.333049 | loss_ic:-0.186757 | loss_aux:0.000021 | loss_sparsity:0.000000 | valid_ratio:1.000000 | score_std:0.220314 | label_std:1.165470 | score_label_std_ratio:0.190819 | ic_pearson_batch:0.186758 | ic_raw:0.186758 | rank_ic_batch:0.184768 | rank_ic:0.184768 | gate_entropy:1.040967 | time_ratio:0.427208 | grad_norm:5.583124 | grad_norm_other:3.259087 | grad_norm_time_embedding:3.515269 | grad_norm_factor_film:0.114582 | grad_norm_regime_encoder:0.971242 | grad_norm_router:1.076993 | grad_norm_time_expert:0.870678 | grad_norm_factor_expert:0.542217 | grad_norm_pooling_head:1.839821 | grad_nonfinite_tensors:1.000000 | grad_nonfinite_values:3.000000 | optimizer_steps:2978.000000 | grad_attempt_steps:2979.000000 | grad_skipped_steps:1.000000 | grad_nonfinite_steps:1.000000 | grad_skipped_rate:0.000336 | grad_nonfinite_rate:0.000336 | lr:0.000000 | sampler_epoch:24.000000 | sampler_num_days:2979.000000 | sampler_num_batches:2979.000000 | sampler_batch_size:300.000000 | sampler_total_source_samples:856246.000000 | sampler_total_draws:893700.000000 | sampler_unique_samples:566300.000000 | sampler_coverage_ratio:0.661375 | sampler_coverage_gap_vs_full:0.338625 | sampler_duplicate_draws:327400.000000 | sampler_duplicate_rate:0.366342 | sampler_downsample_days:0.000000 | sampler_upsample_days:2877.000000 | sampler_exact_days:102.000000 | sampler_downsample_day_ratio:0.000000 | sampler_upsample_day_ratio:0.965760
| Valid 25 | time_embedding_norm:0.124297 | time_embedding_to_value_norm_ratio:0.711961 | time_tau:4.801116 | time_half_life:3.327880 | time_tau_std:0.000000 | time_tau_p10:4.801116 | time_tau_p90:4.801116 | time_tau_range_util:0.000000 | film_gamma_strength:0.099327 | film_beta_strength:0.010992 | factor_gate_mean:0.994145 | factor_gate_std:0.028836 | factor_gate_entropy:0.946718 | factor_gate_topk_mass_5:0.090833 | factor_gate_topk_mass_10:0.169041 | router_layer_0_time_ratio:0.491766 | router_layer_0_factor_ratio:0.204560 | router_layer_0_stock_ratio:0.303674 | router_layer_0_collapse_ratio:0.000000 | router_layer_0_entropy_norm:0.926425 | router_layer_0_logit_margin:0.488802 | expert_layer_0_time_expert_norm:16.621634 | expert_layer_0_factor_expert_norm:5.745867 | expert_layer_0_time_contrib_norm:8.166900 | expert_layer_0_factor_contrib_norm:1.179526 | expert_layer_0_contrib_norm_ratio:7.841400 | expert_layer_0_expert_cosine:0.018748 | expert_layer_0_time_winner_ratio:1.000000 | expert_layer_0_stock_ratio:0.303674 | expert_layer_0_stock_expert_norm:10.658172 | expert_layer_0_stock_contrib_norm:3.226694 | expert_layer_0_stock_winner_ratio:0.007873 | expert_layer_0_expert_cosine_ts:-0.098902 | expert_layer_0_expert_cosine_fs:-0.035032 | expert_layer_0_stock_attn_entropy_norm:1.000000 | expert_layer_0_stock_attn_self_frac:0.003338 | expert_layer_0_stock_attn_hub_top5_share:0.048830 | router_layer_1_time_ratio:0.439869 | router_layer_1_factor_ratio:0.202235 | router_layer_1_stock_ratio:0.357895 | router_layer_1_collapse_ratio:0.000000 | router_layer_1_entropy_norm:0.953748 | router_layer_1_logit_margin:0.211130 | expert_layer_1_time_expert_norm:58.894521 | expert_layer_1_factor_expert_norm:13.104465 | expert_layer_1_time_contrib_norm:25.927905 | expert_layer_1_factor_contrib_norm:2.652293 | expert_layer_1_contrib_norm_ratio:10.189546 | expert_layer_1_expert_cosine:-0.127766 | expert_layer_1_time_winner_ratio:1.000000 | expert_layer_1_stock_ratio:0.357895 | expert_layer_1_stock_expert_norm:100.717532 | expert_layer_1_stock_contrib_norm:36.028991 | expert_layer_1_stock_winner_ratio:0.966176 | expert_layer_1_expert_cosine_ts:0.028575 | expert_layer_1_expert_cosine_fs:-0.378250 | expert_layer_1_stock_attn_entropy_norm:0.999886 | expert_layer_1_stock_attn_self_frac:0.003322 | expert_layer_1_stock_attn_hub_top5_share:0.049654 | tr_gate_g:0.127504 | tr_attn_last_frac:0.116979 | tr_attn_entropy:2.076286 | loss_total:0.069242 | loss_main:0.069223 | loss_listmle:4.737451 | loss_mse:0.069223 | loss_ic:-0.062354 | loss_aux:0.000019 | loss_sparsity:0.000000 | valid_ratio:1.000000 | score_std:0.239530 | label_std:0.045755 | score_label_std_ratio:5.442961 | gate_entropy:1.032791 | time_ratio:0.465818 | ic_pearson_daily:0.062360 | rank_ic_daily:0.073544 | ic_raw:0.062360 | rank_ic:0.073544
>>> [Train] restored best checkpoint (valid_rank_ic=0.081191, epoch=12)
>>> [Phase 1.1] Export Spatio-Temporal Visuals...
>>> [Visual] save_objects(raw) failed: [WinError 32] 另一个程序正在使用此文件，进程无法访问。: 'C:\\Users\\60585\\PycharmProjects\\qibMacV2\\tmp_run\\tmpxwluplga'
>>> [Phase 2] Signal Analysis...
[26328:MainThread](2026-06-22 10:01:28,310) INFO - qlib.workflow - [record_temp.py:198] - Signal record 'pred.pkl' has been saved as the artifact of the Experiment 770068690771068793
'The following are prediction results of the QlibQuantMoE model.'
                          score
datetime   instrument          
2020-07-01 SH600000    0.206909
           SH600004   -0.102356
           SH600009    0.143799
           SH600010    0.012650
           SH600011    0.305908
Downloading artifacts:   0%|          | 0/1 [00:00<?, ?it/s]Downloading artifacts:   0%|          | 0/1 [00:00<?, ?it/s]
Downloading artifacts:   0%|          | 0/1 [00:00<?, ?it/s]Downloading artifacts: 100%|██████████| 1/1 [00:00<?, ?it/s]Downloading artifacts: 100%|██████████| 1/1 [00:00<?, ?it/s]
Downloading artifacts:   0%|          | 0/1 [00:00<?, ?it/s]Downloading artifacts:   0%|          | 0/1 [00:00<?, ?it/s]
Downloading artifacts:   0%|          | 0/1 [00:00<?, ?it/s]Downloading artifacts: 100%|██████████| 1/1 [00:00<00:00, 166.67it/s]Downloading artifacts: 100%|██████████| 1/1 [00:00<00:00, 166.67it/s]
{'IC': np.float64(0.06358465285303776),
 'ICIR': np.float64(0.41171837928818394),
 'Rank IC': np.float64(0.08126297722934857),
 'Rank ICIR': np.float64(0.5358019787358751)}
Downloading artifacts:   0%|          | 0/1 [00:00<?, ?it/s]Downloading artifacts: 100%|██████████| 1/1 [00:00<?, ?it/s]Downloading artifacts: 100%|██████████| 1/1 [00:00<?, ?it/s]
>>> [Config] Clip backtest window (pred.pkl datetime range): 2020-07-01~2022-12-31 -> 2020-07-01~2022-12-30
>>> [Phase 3] Backtesting...
Downloading artifacts:   0%|          | 0/1 [00:00<?, ?it/s]Downloading artifacts:   0%|          | 0/1 [00:00<?, ?it/s]
Downloading artifacts:   0%|          | 0/1 [00:00<?, ?it/s]Downloading artifacts: 100%|██████████| 1/1 [00:00<?, ?it/s]Downloading artifacts: 100%|██████████| 1/1 [00:00<?, ?it/s]
[26328:MainThread](2026-06-22 10:01:29,905) INFO - qlib.backtest caller - [__init__.py:93] - Create new exchange
[26328:MainThread](2026-06-22 10:01:54,253) WARNING - qlib.online operator - [exchange.py:219] - $close field data contains nan.
[26328:MainThread](2026-06-22 10:01:54,253) WARNING - qlib.online operator - [exchange.py:219] - $close field data contains nan.
[26328:MainThread](2026-06-22 10:02:04,002) WARNING - qlib.BaseExecutor - [executor.py:121] - `common_infra` is not set for <qlib.backtest.executor.SimulatorExecutor object at 0x00000137082966B0>
backtest loop:   0%|          | 0/611 [00:00<?, ?it/s]C:\Users\60585\miniconda3\envs\quantEnv\lib\site-packages\qlib\utils\index_data.py:492: RuntimeWarning: Mean of empty slice
  return np.nanmean(self.data)
backtest loop:   3%|▎         | 19/611 [00:00<00:03, 187.11it/s]backtest loop:   7%|▋         | 41/611 [00:00<00:02, 193.39it/s]backtest loop:  10%|█         | 62/611 [00:00<00:02, 191.02it/s]backtest loop:  13%|█▎        | 82/611 [00:00<00:02, 186.61it/s]backtest loop:  17%|█▋        | 102/611 [00:00<00:02, 184.12it/s]backtest loop:  20%|██        | 123/611 [00:00<00:02, 185.62it/s]backtest loop:  24%|██▎       | 144/611 [00:00<00:02, 186.92it/s]backtest loop:  27%|██▋       | 164/611 [00:00<00:02, 184.55it/s]backtest loop:  30%|███       | 185/611 [00:00<00:02, 185.72it/s]backtest loop:  34%|███▎      | 205/611 [00:01<00:02, 183.80it/s]backtest loop:  37%|███▋      | 226/611 [00:01<00:02, 185.53it/s]backtest loop:  40%|████      | 246/611 [00:01<00:01, 183.43it/s]backtest loop:  44%|████▎     | 267/611 [00:01<00:01, 184.88it/s]backtest loop:  47%|████▋     | 289/611 [00:01<00:01, 188.57it/s]backtest loop:  51%|█████     | 309/611 [00:01<00:01, 185.85it/s]backtest loop:  54%|█████▍    | 329/611 [00:01<00:01, 183.74it/s]backtest loop:  57%|█████▋    | 350/611 [00:01<00:01, 185.24it/s]backtest loop:  61%|██████    | 371/611 [00:01<00:01, 186.38it/s]backtest loop:  64%|██████▍   | 390/611 [00:02<00:01, 187.33it/s]backtest loop:  67%|██████▋   | 409/611 [00:02<00:01, 187.92it/s]backtest loop:  70%|███████   | 429/611 [00:02<00:00, 185.31it/s]backtest loop:  73%|███████▎  | 449/611 [00:02<00:00, 182.53it/s]backtest loop:  77%|███████▋  | 468/611 [00:02<00:01, 137.49it/s]backtest loop:  80%|███████▉  | 488/611 [00:02<00:00, 148.10it/s]backtest loop:  83%|████████▎ | 508/611 [00:02<00:00, 158.44it/s]backtest loop:  86%|████████▋ | 527/611 [00:02<00:00, 166.10it/s]backtest loop:  90%|████████▉ | 548/611 [00:03<00:00, 172.93it/s]backtest loop:  93%|█████████▎| 569/611 [00:03<00:00, 177.60it/s]backtest loop:  97%|█████████▋| 591/611 [00:03<00:00, 183.47it/s]backtest loop: 100%|██████████| 611/611 [00:03<00:00, 182.62it/s]backtest loop: 100%|██████████| 611/611 [00:03<00:00, 179.51it/s]
[26328:MainThread](2026-06-22 10:02:07,423) INFO - qlib.workflow - [record_temp.py:515] - Portfolio analysis record 'port_analysis_1day.pkl' has been saved as the artifact of the Experiment 770068690771068793
'The following are analysis results of benchmark return(1day).'
                       risk
mean              -0.000040
std                0.012572
annualized_return -0.009549
information_ratio -0.049231
max_drawdown      -0.473380
'The following are analysis results of the excess return without cost(1day).'
                       risk
mean               0.001245
std                0.007207
annualized_return  0.296259
information_ratio  2.664671
max_drawdown      -0.102938
'The following are analysis results of the excess return with cost(1day).'
                       risk
mean               0.000587
std                0.007210
annualized_return  0.139784
information_ratio  1.256684
max_drawdown      -0.132777
[26328:MainThread](2026-06-22 10:02:07,423) INFO - qlib.workflow - [record_temp.py:540] - Indicator analysis record 'indicator_analysis_1day.pkl' has been saved as the artifact of the Experiment 770068690771068793
'The following are analysis results of indicators(1day).'
     value
ffr    1.0
pa     0.0
pos    0.0
>>> [Phase 3.1] Export Qlib Official Graphs...
Downloading artifacts:   0%|          | 0/1 [00:00<?, ?it/s]Downloading artifacts:   0%|          | 0/1 [00:00<?, ?it/s]
Downloading artifacts:   0%|          | 0/1 [00:00<?, ?it/s]Downloading artifacts:   0%|          | 0/1 [00:00<?, ?it/s]
Downloading artifacts:   0%|          | 0/1 [00:00<?, ?it/s]Downloading artifacts: 100%|██████████| 1/1 [00:00<?, ?it/s]Downloading artifacts: 100%|██████████| 1/1 [00:00<?, ?it/s]
Downloading artifacts:   0%|          | 0/1 [00:00<?, ?it/s]Downloading artifacts: 100%|██████████| 1/1 [00:00<?, ?it/s]Downloading artifacts: 100%|██████████| 1/1 [00:00<?, ?it/s]
Downloading artifacts:   0%|          | 0/1 [00:00<?, ?it/s]Downloading artifacts: 100%|██████████| 1/1 [00:00<?, ?it/s]Downloading artifacts: 100%|██████████| 1/1 [00:00<?, ?it/s]
Downloading artifacts:   0%|          | 0/1 [00:00<?, ?it/s]Downloading artifacts: 100%|██████████| 1/1 [00:00<?, ?it/s]Downloading artifacts: 100%|██████████| 1/1 [00:00<?, ?it/s]
Downloading artifacts:   0%|          | 0/1 [00:00<?, ?it/s]Downloading artifacts: 100%|██████████| 1/1 [00:00<00:00, 997.69it/s]Downloading artifacts: 100%|██████████| 1/1 [00:00<00:00, 997.69it/s]
C:\Users\60585\miniconda3\envs\quantEnv\lib\site-packages\qlib\contrib\report\analysis_position\parse_position.py:36: FutureWarning:

DataFrame.fillna with 'method' is deprecated and will raise in a future version. Use obj.ffill() or obj.bfill() instead.

C:\Users\60585\miniconda3\envs\quantEnv\lib\site-packages\qlib\contrib\report\analysis_position\risk_analysis.py:104: FutureWarning:

When grouping with a length-1 list-like, you will need to pass a length-1 tuple to get_group in a future version of pandas. Pass `(name,)` instead of `name` to silence this warning.

C:\Users\60585\miniconda3\envs\quantEnv\lib\site-packages\qlib\contrib\report\analysis_position\risk_analysis.py:104: FutureWarning:

When grouping with a length-1 list-like, you will need to pass a length-1 tuple to get_group in a future version of pandas. Pass `(name,)` instead of `name` to silence this warning.

C:\Users\60585\miniconda3\envs\quantEnv\lib\site-packages\qlib\contrib\report\analysis_position\risk_analysis.py:104: FutureWarning:

When grouping with a length-1 list-like, you will need to pass a length-1 tuple to get_group in a future version of pandas. Pass `(name,)` instead of `name` to silence this warning.

C:\Users\60585\miniconda3\envs\quantEnv\lib\site-packages\qlib\contrib\report\analysis_position\risk_analysis.py:104: FutureWarning:

When grouping with a length-1 list-like, you will need to pass a length-1 tuple to get_group in a future version of pandas. Pass `(name,)` instead of `name` to silence this warning.

C:\Users\60585\miniconda3\envs\quantEnv\lib\site-packages\qlib\contrib\report\analysis_position\parse_position.py:36: FutureWarning:

DataFrame.fillna with 'method' is deprecated and will raise in a future version. Use obj.ffill() or obj.bfill() instead.

C:\Users\60585\miniconda3\envs\quantEnv\lib\site-packages\qlib\contrib\report\analysis_model\analysis_model_performance.py:157: FutureWarning:

'M' is deprecated and will be removed in a future version, please use 'ME' instead.

Downloading artifacts:   0%|          | 0/1 [00:00<?, ?it/s]Downloading artifacts: 100%|██████████| 1/1 [00:00<?, ?it/s]Downloading artifacts: 100%|██████████| 1/1 [00:00<?, ?it/s]

================================================================================
>>> [Metrics Summary] SignalRecord + PortAnaRecord
================================================================================

[Signal Analysis Metrics]
Downloading artifacts:   0%|          | 0/1 [00:00<?, ?it/s]Downloading artifacts: 100%|██████████| 1/1 [00:00<?, ?it/s]Downloading artifacts: 100%|██████████| 1/1 [00:00<?, ?it/s]
  IC mean=0.063585, std=0.154437, IR=0.411718
Downloading artifacts:   0%|          | 0/1 [00:00<?, ?it/s]Downloading artifacts: 100%|██████████| 1/1 [00:00<?, ?it/s]Downloading artifacts: 100%|██████████| 1/1 [00:00<?, ?it/s]
  RankIC mean=0.081263, std=0.151666, IR=0.535802
Downloading artifacts:   0%|          | 0/1 [00:00<?, ?it/s]Downloading artifacts: 100%|██████████| 1/1 [00:00<?, ?it/s]Downloading artifacts: 100%|██████████| 1/1 [00:00<?, ?it/s]

[Portfolio Analysis Metrics]
                                                  risk
excess_return_without_cost mean               0.001245
                           std                0.007207
                           annualized_return  0.296259
                           information_ratio  2.664671
                           max_drawdown      -0.102938
excess_return_with_cost    mean               0.000587
                           std                0.007210
                           annualized_return  0.139784
                           information_ratio  1.256684
                           max_drawdown      -0.132777
Downloading artifacts:   0%|          | 0/1 [00:00<?, ?it/s]Downloading artifacts: 100%|██████████| 1/1 [00:00<?, ?it/s]Downloading artifacts: 100%|██████████| 1/1 [00:00<?, ?it/s]

[Indicator Analysis Metrics]
     value
ffr    1.0
pa     0.0
pos    0.0

[Generated Graphs]
Downloading artifacts:   0%|          | 0/1 [00:00<?, ?it/s]Downloading artifacts: 100%|██████████| 1/1 [00:00<?, ?it/s]Downloading artifacts: 100%|██████████| 1/1 [00:00<?, ?it/s]
Downloading artifacts:   0%|          | 0/1 [00:00<?, ?it/s]Downloading artifacts: 100%|██████████| 1/1 [00:00<?, ?it/s]Downloading artifacts: 100%|██████████| 1/1 [00:00<00:00, 499.62it/s]
  - analysis_position.report_graph: C:\Users\60585\PycharmProjects\qibMacV2\mlruns\770068690771068793\80f04ed931974e7e8a468ba9f6481146/qlib_analysis_position_report_graph.html
  - analysis_position.score_ic_graph: C:\Users\60585\PycharmProjects\qibMacV2\mlruns\770068690771068793\80f04ed931974e7e8a468ba9f6481146/qlib_analysis_position_score_ic_graph.html
  - analysis_position.cumulative_return_graph: C:\Users\60585\PycharmProjects\qibMacV2\mlruns\770068690771068793\80f04ed931974e7e8a468ba9f6481146/qlib_analysis_position_cumulative_return_graph_1.html
  - analysis_position.cumulative_return_graph: C:\Users\60585\PycharmProjects\qibMacV2\mlruns\770068690771068793\80f04ed931974e7e8a468ba9f6481146/qlib_analysis_position_cumulative_return_graph_2.html
  - analysis_position.cumulative_return_graph: C:\Users\60585\PycharmProjects\qibMacV2\mlruns\770068690771068793\80f04ed931974e7e8a468ba9f6481146/qlib_analysis_position_cumulative_return_graph_3.html
  - analysis_position.cumulative_return_graph: C:\Users\60585\PycharmProjects\qibMacV2\mlruns\770068690771068793\80f04ed931974e7e8a468ba9f6481146/qlib_analysis_position_cumulative_return_graph_4.html
  - analysis_position.risk_analysis_graph: C:\Users\60585\PycharmProjects\qibMacV2\mlruns\770068690771068793\80f04ed931974e7e8a468ba9f6481146/qlib_analysis_position_risk_analysis_graph_1.html
  - analysis_position.risk_analysis_graph: C:\Users\60585\PycharmProjects\qibMacV2\mlruns\770068690771068793\80f04ed931974e7e8a468ba9f6481146/qlib_analysis_position_risk_analysis_graph_2.html
  - analysis_position.risk_analysis_graph: C:\Users\60585\PycharmProjects\qibMacV2\mlruns\770068690771068793\80f04ed931974e7e8a468ba9f6481146/qlib_analysis_position_risk_analysis_graph_3.html
  - analysis_position.risk_analysis_graph: C:\Users\60585\PycharmProjects\qibMacV2\mlruns\770068690771068793\80f04ed931974e7e8a468ba9f6481146/qlib_analysis_position_risk_analysis_graph_4.html
  - analysis_position.risk_analysis_graph: C:\Users\60585\PycharmProjects\qibMacV2\mlruns\770068690771068793\80f04ed931974e7e8a468ba9f6481146/qlib_analysis_position_risk_analysis_graph_5.html
  - analysis_position.rank_label_graph: C:\Users\60585\PycharmProjects\qibMacV2\mlruns\770068690771068793\80f04ed931974e7e8a468ba9f6481146/qlib_analysis_position_rank_label_graph_1.html
  - analysis_position.rank_label_graph: C:\Users\60585\PycharmProjects\qibMacV2\mlruns\770068690771068793\80f04ed931974e7e8a468ba9f6481146/qlib_analysis_position_rank_label_graph_2.html
  - analysis_position.rank_label_graph: C:\Users\60585\PycharmProjects\qibMacV2\mlruns\770068690771068793\80f04ed931974e7e8a468ba9f6481146/qlib_analysis_position_rank_label_graph_3.html
  - analysis_model.model_performance_graph: C:\Users\60585\PycharmProjects\qibMacV2\mlruns\770068690771068793\80f04ed931974e7e8a468ba9f6481146/qlib_analysis_model_model_performance_graph_1.html
  - analysis_model.model_performance_graph: C:\Users\60585\PycharmProjects\qibMacV2\mlruns\770068690771068793\80f04ed931974e7e8a468ba9f6481146/qlib_analysis_model_model_performance_graph_2.html
  - analysis_model.model_performance_graph: C:\Users\60585\PycharmProjects\qibMacV2\mlruns\770068690771068793\80f04ed931974e7e8a468ba9f6481146/qlib_analysis_model_model_performance_graph_3.html
  - analysis_model.model_performance_graph: C:\Users\60585\PycharmProjects\qibMacV2\mlruns\770068690771068793\80f04ed931974e7e8a468ba9f6481146/qlib_analysis_model_model_performance_graph_4.html
  - analysis_model.model_performance_graph: C:\Users\60585\PycharmProjects\qibMacV2\mlruns\770068690771068793\80f04ed931974e7e8a468ba9f6481146/qlib_analysis_model_model_performance_graph_5.html
  - analysis_model.model_performance_graph: C:\Users\60585\PycharmProjects\qibMacV2\mlruns\770068690771068793\80f04ed931974e7e8a468ba9f6481146/qlib_analysis_model_model_performance_graph_6.html

[Recorder Objects]
================================================================================

>>> [Diagnostics] Generate minimum required diagnostic matrix...
Downloading artifacts:   0%|          | 0/1 [00:00<?, ?it/s]Downloading artifacts: 100%|██████████| 1/1 [00:00<?, ?it/s]Downloading artifacts: 100%|██████████| 1/1 [00:00<?, ?it/s]
Downloading artifacts:   0%|          | 0/1 [00:00<?, ?it/s]Downloading artifacts: 100%|██████████| 1/1 [00:00<?, ?it/s]Downloading artifacts: 100%|██████████| 1/1 [00:00<?, ?it/s]
Downloading artifacts:   0%|          | 0/1 [00:00<?, ?it/s]Downloading artifacts: 100%|██████████| 1/1 [00:00<?, ?it/s]Downloading artifacts: 100%|██████████| 1/1 [00:00<00:00, 62.26it/s]
Downloading artifacts:   0%|          | 0/1 [00:00<?, ?it/s]Downloading artifacts: 100%|██████████| 1/1 [00:00<?, ?it/s]Downloading artifacts: 100%|██████████| 1/1 [00:00<?, ?it/s]
Downloading artifacts:   0%|          | 0/1 [00:00<?, ?it/s]Downloading artifacts: 100%|██████████| 1/1 [00:00<00:00, 284.28it/s]Downloading artifacts: 100%|██████████| 1/1 [00:00<00:00, 284.28it/s]
Downloading artifacts:   0%|          | 0/1 [00:00<?, ?it/s]Downloading artifacts: 100%|██████████| 1/1 [00:00<?, ?it/s]Downloading artifacts: 100%|██████████| 1/1 [00:00<?, ?it/s]
Downloading artifacts:   0%|          | 0/1 [00:00<?, ?it/s]Downloading artifacts: 100%|██████████| 1/1 [00:00<?, ?it/s]Downloading artifacts: 100%|██████████| 1/1 [00:00<?, ?it/s]
Downloading artifacts:   0%|          | 0/1 [00:00<?, ?it/s]Downloading artifacts: 100%|██████████| 1/1 [00:00<00:00, 1002.46it/s]Downloading artifacts: 100%|██████████| 1/1 [00:00<00:00, 1002.46it/s]
Downloading artifacts:   0%|          | 0/1 [00:00<?, ?it/s]Downloading artifacts: 100%|██████████| 1/1 [00:00<00:00, 62.85it/s]Downloading artifacts: 100%|██████████| 1/1 [00:00<00:00, 62.85it/s]
Downloading artifacts:   0%|          | 0/1 [00:00<?, ?it/s]Downloading artifacts: 100%|██████████| 1/1 [00:00<?, ?it/s]Downloading artifacts: 100%|██████████| 1/1 [00:00<?, ?it/s]
Downloading artifacts:   0%|          | 0/1 [00:00<?, ?it/s]Downloading artifacts: 100%|██████████| 1/1 [00:00<00:00, 996.51it/s]Downloading artifacts: 100%|██████████| 1/1 [00:00<00:00, 996.51it/s]
Downloading artifacts:   0%|          | 0/1 [00:00<?, ?it/s]Downloading artifacts: 100%|██████████| 1/1 [00:00<?, ?it/s]Downloading artifacts: 100%|██████████| 1/1 [00:00<?, ?it/s]
Downloading artifacts:   0%|          | 0/1 [00:00<?, ?it/s]Downloading artifacts: 100%|██████████| 1/1 [00:00<?, ?it/s]Downloading artifacts: 100%|██████████| 1/1 [00:00<?, ?it/s]
Downloading artifacts:   0%|          | 0/1 [00:00<?, ?it/s]Downloading artifacts: 100%|██████████| 1/1 [00:00<?, ?it/s]Downloading artifacts: 100%|██████████| 1/1 [00:00<?, ?it/s]
Downloading artifacts:   0%|          | 0/1 [00:00<?, ?it/s]Downloading artifacts: 100%|██████████| 1/1 [00:00<?, ?it/s]Downloading artifacts: 100%|██████████| 1/1 [00:00<?, ?it/s]
Downloading artifacts:   0%|          | 0/1 [00:00<?, ?it/s]Downloading artifacts: 100%|██████████| 1/1 [00:00<?, ?it/s]Downloading artifacts: 100%|██████████| 1/1 [00:00<?, ?it/s]
Downloading artifacts:   0%|          | 0/1 [00:00<?, ?it/s]Downloading artifacts: 100%|██████████| 1/1 [00:00<?, ?it/s]Downloading artifacts: 100%|██████████| 1/1 [00:00<?, ?it/s]
Downloading artifacts:   0%|          | 0/1 [00:00<?, ?it/s]Downloading artifacts: 100%|██████████| 1/1 [00:00<?, ?it/s]Downloading artifacts: 100%|██████████| 1/1 [00:00<?, ?it/s]
Downloading artifacts:   0%|          | 0/1 [00:00<?, ?it/s]Downloading artifacts: 100%|██████████| 1/1 [00:00<?, ?it/s]Downloading artifacts: 100%|██████████| 1/1 [00:00<?, ?it/s]
Downloading artifacts:   0%|          | 0/1 [00:00<?, ?it/s]Downloading artifacts: 100%|██████████| 1/1 [00:00<?, ?it/s]Downloading artifacts: 100%|██████████| 1/1 [00:00<?, ?it/s]
Downloading artifacts:   0%|          | 0/1 [00:00<?, ?it/s]Downloading artifacts: 100%|██████████| 1/1 [00:00<?, ?it/s]Downloading artifacts: 100%|██████████| 1/1 [00:00<?, ?it/s]
Downloading artifacts:   0%|          | 0/1 [00:00<?, ?it/s]Downloading artifacts: 100%|██████████| 1/1 [00:00<?, ?it/s]Downloading artifacts: 100%|██████████| 1/1 [00:00<?, ?it/s]
Downloading artifacts:   0%|          | 0/1 [00:00<?, ?it/s]Downloading artifacts: 100%|██████████| 1/1 [00:00<?, ?it/s]Downloading artifacts: 100%|██████████| 1/1 [00:00<?, ?it/s]
Downloading artifacts:   0%|          | 0/1 [00:00<?, ?it/s]Downloading artifacts: 100%|██████████| 1/1 [00:00<?, ?it/s]Downloading artifacts: 100%|██████████| 1/1 [00:00<?, ?it/s]
Downloading artifacts:   0%|          | 0/1 [00:00<?, ?it/s]Downloading artifacts: 100%|██████████| 1/1 [00:00<?, ?it/s]Downloading artifacts: 100%|██████████| 1/1 [00:00<?, ?it/s]
Downloading artifacts:   0%|          | 0/1 [00:00<?, ?it/s]Downloading artifacts: 100%|██████████| 1/1 [00:00<?, ?it/s]Downloading artifacts: 100%|██████████| 1/1 [00:00<?, ?it/s]
Downloading artifacts:   0%|          | 0/1 [00:00<?, ?it/s]Downloading artifacts: 100%|██████████| 1/1 [00:00<?, ?it/s]Downloading artifacts: 100%|██████████| 1/1 [00:00<?, ?it/s]
Downloading artifacts:   0%|          | 0/1 [00:00<?, ?it/s]Downloading artifacts: 100%|██████████| 1/1 [00:00<?, ?it/s]Downloading artifacts: 100%|██████████| 1/1 [00:00<?, ?it/s]
Downloading artifacts:   0%|          | 0/1 [00:00<?, ?it/s]Downloading artifacts: 100%|██████████| 1/1 [00:00<?, ?it/s]Downloading artifacts: 100%|██████████| 1/1 [00:00<?, ?it/s]
Downloading artifacts:   0%|          | 0/1 [00:00<?, ?it/s]Downloading artifacts: 100%|██████████| 1/1 [00:00<00:00, 1430.04it/s]Downloading artifacts: 100%|██████████| 1/1 [00:00<00:00, 1430.04it/s]
Downloading artifacts:   0%|          | 0/1 [00:00<?, ?it/s]Downloading artifacts: 100%|██████████| 1/1 [00:00<?, ?it/s]Downloading artifacts: 100%|██████████| 1/1 [00:00<?, ?it/s]
Downloading artifacts:   0%|          | 0/1 [00:00<?, ?it/s]Downloading artifacts: 100%|██████████| 1/1 [00:00<?, ?it/s]Downloading artifacts: 100%|██████████| 1/1 [00:00<?, ?it/s]
Downloading artifacts:   0%|          | 0/1 [00:00<?, ?it/s]Downloading artifacts: 100%|██████████| 1/1 [00:00<?, ?it/s]Downloading artifacts: 100%|██████████| 1/1 [00:00<?, ?it/s]
Downloading artifacts:   0%|          | 0/1 [00:00<?, ?it/s]Downloading artifacts: 100%|██████████| 1/1 [00:00<?, ?it/s]Downloading artifacts: 100%|██████████| 1/1 [00:00<?, ?it/s]
Downloading artifacts:   0%|          | 0/1 [00:00<?, ?it/s]Downloading artifacts: 100%|██████████| 1/1 [00:00<?, ?it/s]Downloading artifacts: 100%|██████████| 1/1 [00:00<?, ?it/s]
Downloading artifacts:   0%|          | 0/1 [00:00<?, ?it/s]Downloading artifacts: 100%|██████████| 1/1 [00:00<?, ?it/s]Downloading artifacts: 100%|██████████| 1/1 [00:00<?, ?it/s]
Downloading artifacts:   0%|          | 0/1 [00:00<?, ?it/s]Downloading artifacts: 100%|██████████| 1/1 [00:00<?, ?it/s]Downloading artifacts: 100%|██████████| 1/1 [00:00<?, ?it/s]
Downloading artifacts:   0%|          | 0/1 [00:00<?, ?it/s]Downloading artifacts: 100%|██████████| 1/1 [00:00<?, ?it/s]Downloading artifacts: 100%|██████████| 1/1 [00:00<?, ?it/s]
Downloading artifacts:   0%|          | 0/1 [00:00<?, ?it/s]Downloading artifacts: 100%|██████████| 1/1 [00:00<?, ?it/s]Downloading artifacts: 100%|██████████| 1/1 [00:00<?, ?it/s]
Downloading artifacts:   0%|          | 0/1 [00:00<?, ?it/s]Downloading artifacts: 100%|██████████| 1/1 [00:00<?, ?it/s]Downloading artifacts: 100%|██████████| 1/1 [00:00<?, ?it/s]
Downloading artifacts:   0%|          | 0/1 [00:00<?, ?it/s]Downloading artifacts: 100%|██████████| 1/1 [00:00<?, ?it/s]Downloading artifacts: 100%|██████████| 1/1 [00:00<?, ?it/s]
Downloading artifacts:   0%|          | 0/1 [00:00<?, ?it/s]Downloading artifacts: 100%|██████████| 1/1 [00:00<?, ?it/s]Downloading artifacts: 100%|██████████| 1/1 [00:00<?, ?it/s]
Downloading artifacts:   0%|          | 0/1 [00:00<?, ?it/s]Downloading artifacts: 100%|██████████| 1/1 [00:00<?, ?it/s]Downloading artifacts: 100%|██████████| 1/1 [00:00<?, ?it/s]
Downloading artifacts:   0%|          | 0/1 [00:00<?, ?it/s]Downloading artifacts: 100%|██████████| 1/1 [00:00<?, ?it/s]Downloading artifacts: 100%|██████████| 1/1 [00:00<?, ?it/s]
>>> [Diagnostics] Saved diagnostic_matrix.csv and diagnostic_summary.md
>>> [Phase 4] Generate Paper-level Report...
Downloading artifacts:   0%|          | 0/1 [00:00<?, ?it/s]Downloading artifacts: 100%|██████████| 1/1 [00:00<00:00, 1000.31it/s]Downloading artifacts: 100%|██████████| 1/1 [00:00<00:00, 1000.31it/s]
Downloading artifacts:   0%|          | 0/1 [00:00<?, ?it/s]Downloading artifacts: 100%|██████████| 1/1 [00:00<?, ?it/s]Downloading artifacts: 100%|██████████| 1/1 [00:00<?, ?it/s]
Downloading artifacts:   0%|          | 0/1 [00:00<?, ?it/s]Downloading artifacts: 100%|██████████| 1/1 [00:00<?, ?it/s]Downloading artifacts: 100%|██████████| 1/1 [00:00<?, ?it/s]
Downloading artifacts:   0%|          | 0/1 [00:00<?, ?it/s]Downloading artifacts: 100%|██████████| 1/1 [00:00<?, ?it/s]Downloading artifacts: 100%|██████████| 1/1 [00:00<?, ?it/s]
Downloading artifacts:   0%|          | 0/1 [00:00<?, ?it/s]Downloading artifacts: 100%|██████████| 1/1 [00:00<00:00, 1000.07it/s]Downloading artifacts: 100%|██████████| 1/1 [00:00<00:00, 1000.07it/s]
Downloading artifacts:   0%|          | 0/1 [00:00<?, ?it/s]Downloading artifacts: 100%|██████████| 1/1 [00:00<?, ?it/s]Downloading artifacts: 100%|██████████| 1/1 [00:00<?, ?it/s]
Downloading artifacts:   0%|          | 0/1 [00:00<?, ?it/s]Downloading artifacts: 100%|██████████| 1/1 [00:00<00:00, 1964.55it/s]Downloading artifacts: 100%|██████████| 1/1 [00:00<00:00, 984.35it/s] 
Downloading artifacts:   0%|          | 0/1 [00:00<?, ?it/s]Downloading artifacts: 100%|██████████| 1/1 [00:00<00:00, 100.80it/s]Downloading artifacts: 100%|██████████| 1/1 [00:00<00:00, 100.80it/s]
Downloading artifacts:   0%|          | 0/1 [00:00<?, ?it/s]Downloading artifacts: 100%|██████████| 1/1 [00:00<?, ?it/s]Downloading artifacts: 100%|██████████| 1/1 [00:00<?, ?it/s]
Downloading artifacts:   0%|          | 0/1 [00:00<?, ?it/s]Downloading artifacts: 100%|██████████| 1/1 [00:00<?, ?it/s]Downloading artifacts: 100%|██████████| 1/1 [00:00<?, ?it/s]
Downloading artifacts:   0%|          | 0/1 [00:00<?, ?it/s]Downloading artifacts: 100%|██████████| 1/1 [00:00<?, ?it/s]Downloading artifacts: 100%|██████████| 1/1 [00:00<?, ?it/s]
Downloading artifacts:   0%|          | 0/1 [00:00<?, ?it/s]Downloading artifacts: 100%|██████████| 1/1 [00:00<?, ?it/s]Downloading artifacts: 100%|██████████| 1/1 [00:00<?, ?it/s]
Downloading artifacts:   0%|          | 0/1 [00:00<?, ?it/s]Downloading artifacts: 100%|██████████| 1/1 [00:00<?, ?it/s]Downloading artifacts: 100%|██████████| 1/1 [00:00<?, ?it/s]
Downloading artifacts:   0%|          | 0/1 [00:00<?, ?it/s]Downloading artifacts: 100%|██████████| 1/1 [00:00<?, ?it/s]Downloading artifacts: 100%|██████████| 1/1 [00:00<?, ?it/s]
Downloading artifacts:   0%|          | 0/1 [00:00<?, ?it/s]Downloading artifacts: 100%|██████████| 1/1 [00:00<?, ?it/s]Downloading artifacts: 100%|██████████| 1/1 [00:00<?, ?it/s]
Downloading artifacts:   0%|          | 0/1 [00:00<?, ?it/s]Downloading artifacts: 100%|██████████| 1/1 [00:00<?, ?it/s]Downloading artifacts: 100%|██████████| 1/1 [00:00<?, ?it/s]
Downloading artifacts:   0%|          | 0/1 [00:00<?, ?it/s]Downloading artifacts: 100%|██████████| 1/1 [00:00<?, ?it/s]Downloading artifacts: 100%|██████████| 1/1 [00:00<?, ?it/s]
Downloading artifacts:   0%|          | 0/1 [00:00<?, ?it/s]Downloading artifacts: 100%|██████████| 1/1 [00:00<?, ?it/s]Downloading artifacts: 100%|██████████| 1/1 [00:00<?, ?it/s]
Downloading artifacts:   0%|          | 0/1 [00:00<?, ?it/s]Downloading artifacts: 100%|██████████| 1/1 [00:00<?, ?it/s]Downloading artifacts: 100%|██████████| 1/1 [00:00<?, ?it/s]
Downloading artifacts:   0%|          | 0/1 [00:00<?, ?it/s]Downloading artifacts: 100%|██████████| 1/1 [00:00<?, ?it/s]Downloading artifacts: 100%|██████████| 1/1 [00:00<?, ?it/s]
Downloading artifacts:   0%|          | 0/1 [00:00<?, ?it/s]Downloading artifacts: 100%|██████████| 1/1 [00:00<?, ?it/s]Downloading artifacts: 100%|██████████| 1/1 [00:00<?, ?it/s]
Downloading artifacts:   0%|          | 0/1 [00:00<?, ?it/s]Downloading artifacts: 100%|██████████| 1/1 [00:00<?, ?it/s]Downloading artifacts: 100%|██████████| 1/1 [00:00<?, ?it/s]
Downloading artifacts:   0%|          | 0/1 [00:00<?, ?it/s]Downloading artifacts: 100%|██████████| 1/1 [00:00<?, ?it/s]Downloading artifacts: 100%|██████████| 1/1 [00:00<?, ?it/s]
Downloading artifacts:   0%|          | 0/1 [00:00<?, ?it/s]Downloading artifacts: 100%|██████████| 1/1 [00:00<?, ?it/s]Downloading artifacts: 100%|██████████| 1/1 [00:00<?, ?it/s]
Downloading artifacts:   0%|          | 0/1 [00:00<?, ?it/s]Downloading artifacts: 100%|██████████| 1/1 [00:00<?, ?it/s]Downloading artifacts: 100%|██████████| 1/1 [00:00<?, ?it/s]
Downloading artifacts:   0%|          | 0/1 [00:00<?, ?it/s]Downloading artifacts: 100%|██████████| 1/1 [00:00<?, ?it/s]Downloading artifacts: 100%|██████████| 1/1 [00:00<?, ?it/s]
Downloading artifacts:   0%|          | 0/1 [00:00<?, ?it/s]Downloading artifacts: 100%|██████████| 1/1 [00:00<00:00, 1491.57it/s]Downloading artifacts: 100%|██████████| 1/1 [00:00<00:00, 1491.57it/s]
Downloading artifacts:   0%|          | 0/1 [00:00<?, ?it/s]Downloading artifacts: 100%|██████████| 1/1 [00:00<?, ?it/s]Downloading artifacts: 100%|██████████| 1/1 [00:00<?, ?it/s]
Downloading artifacts:   0%|          | 0/1 [00:00<?, ?it/s]Downloading artifacts: 100%|██████████| 1/1 [00:00<?, ?it/s]Downloading artifacts: 100%|██████████| 1/1 [00:00<?, ?it/s]
Downloading artifacts:   0%|          | 0/1 [00:00<?, ?it/s]Downloading artifacts: 100%|██████████| 1/1 [00:00<?, ?it/s]Downloading artifacts: 100%|██████████| 1/1 [00:00<?, ?it/s]
Downloading artifacts:   0%|          | 0/1 [00:00<?, ?it/s]Downloading artifacts: 100%|██████████| 1/1 [00:00<?, ?it/s]Downloading artifacts: 100%|██████████| 1/1 [00:00<?, ?it/s]

================================================================================
EXPERIMENT REPORT SUMMARY (80f04ed931974e7e8a468ba9f6481146)
================================================================================
| Model   | Dataset                                   |   IC (mean) |   ICIR |   IC HAC t-stat |   RankIC (mean) |   RankIC IR |   RankIC HAC t-stat | Ann. Return   |   Info Ratio | Max Drawdown   | Turnover   | Gate time_ratio stats                       |
|:--------|:------------------------------------------|------------:|-------:|----------------:|----------------:|------------:|--------------------:|:--------------|-------------:|:---------------|:-----------|:--------------------------------------------|
| RST-MoE | Alpha158 / csi300 / 2008-01-01~2022-12-31 |      0.0636 |   0.41 |             6.7 |          0.0813 |        0.54 |                 8.9 | 13.98%        |         1.26 | -13.28%        | 32.90%     | mean=0.457, std=0.039, p10=0.415, p90=0.498 |
--------------------------------------------------------------------------------
Full Markdown report written to: C:\Users\60585\PycharmProjects\qibMacV2\mlruns\770068690771068793\80f04ed931974e7e8a468ba9f6481146\kdd_report.md
--------------------------------------------------------------------------------
# RST-MoE on Alpha158 / CSI300

## 1. Experimental Setup

- **Data**:
  - Handler: Alpha158
  - Instruments: csi300
  - Train: 2008-01-01 ~ 2020-03-31
  - Valid: 2020-07-01 ~ 2022-12-31
  - Test: 2020-07-01 ~ 2022-12-31
- **Label**: ['Ref($close, -5) / Ref($close, -1) - 1']
  - **Model**:
    - class: QlibQuantMoE
    - d_model=64, n_layers=2, n_heads=4
    - main_loss=mse
    - value_embedding_type=feature_tokenizer
    - feature_tokenizer_add_factor_id=False
    - feature_tokenizer_bias=True
    - feature_tokenizer_init_std=0.02
    - use_feature_selection=False
    - use_alibi=False
- **Training**:
  - lr=5e-05, epochs=25, batch_size=300
  - seed=46
- **Backtest**:
  - strategy: TopkDropoutStrategy, topk=30, n_drop=5
  - benchmark=SH000300, deal_price=close, cost(open/close)=None/None

### 1.1 Full Config (Resolved)

```python
data_conf = {'class': 'TSDatasetH',
 'module_path': 'qlib.data.dataset',
 'kwargs': {'step_len': 8,
            'handler': {'class': 'Alpha158',
                        'module_path': 'qlib.contrib.data.handler',
                        'kwargs': {'start_time': '2008-01-01',
                                   'end_time': '2022-12-31',
                                   'fit_start_time': '2008-01-01',
                                   'fit_end_time': '2020-03-31',
                                   'instruments': 'csi300',
                                   'infer_processors': [{'class': 'RobustZScoreNorm',
                                                         'kwargs': {'fields_group': 'feature',
                                                                    'clip_outlier': True,
                                                                    'fit_start_time': '2008-01-01',
                                                                    'fit_end_time': '2020-03-31'}},
                                                        {'class': 'Fillna', 'kwargs': {'fields_group': 'feature'}}],
                                   'learn_processors': [{'class': 'DropnaLabel'},
                                                        {'class': 'CSZScoreNorm',
                                                         'kwargs': {'fields_group': 'label', 'method': 'robust'}}],
                                   'label': ['Ref($close, -5) / Ref($close, -1) - 1']}},
            'segments': {'train': ('2008-01-01', '2020-03-31'),
                         'valid': ('2020-07-01', '2022-12-31'),
                         'test': ('2020-07-01', '2022-12-31')}}}

model_config = {'d_model': 64,
 'n_heads': 4,
 'n_layers': 2,
 'd_ff': 128,
 'dropout': 0.1,
 'initializer_range': 0.02,
 'num_alphas': 158,
 'context_len': 8,
 'value_embedding_type': 'feature_tokenizer',
 'feature_tokenizer_bias': True,
 'feature_tokenizer_add_factor_id': False,
 'feature_tokenizer_init_std': 0.02,
 'use_regime_time_embedding': True,
 'time_tau_min': 0.5,
 'time_tau_max': 50.0,
 'time_tau_init': 5.0,
 'time_emb_init_std': 0.02,
 'time_decay_normalize': True,
 'use_regime_factor_gate': True,
 'factor_gate_scale': 1.0,
 'factor_gate_shift_scale': 0.2,
 'router_noise': 0.01,
 'router_temperature': 1.0,
 'router_z_loss_coef': 0.01,
 'router_use_layer_summary': True,
 'router_mode': 'learned',
 'use_alibi': False,
 'use_feature_selection': False,
 'selection_reg_lambda': 1e-05,
 'selection_temperature': 0.1,
 'selection_noise_std': 0.5,
 'main_loss': 'mse',
 'loss_weights': {'listmle': 1.0, 'mse': 1.0, 'ic': 1.0, 'rank': 0.0, 'huber': 0.0},
 'mse_normalize': False,
 'rank_topk': 5,
 'huber_delta': 1.0,
 'listmle_tau': 0.8,
 'use_external_macro': True,
 'd_macro_input': 102,
 'regime_macro_dropout': 0.1,
 'regime_internal_mode': 'long',
 'regime_internal_lag': 5,
 'regime_internal_use_batch_stats': False,
 'regime_internal_tail_threshold': 2.0,
 'pooling_alpha': 0.7,
 'pool_n_heads': 1,
 'temporal_readout': 'd1pma',
 'temporal_readout_init': 'onehot_last',
 'temporal_readout_gate_init': -2.0,
 'use_stock_expert': True,
 'stock_expert_demean': True,
 'stock_expert_xs_center': False,
 'stock_expert_out_norm': 'none',
 'use_readout_stock_attn': False,
 'readout_stock_attn_qknorm': True,
 'readout_stock_attn_gated': False,
 'readout_stock_attn_heads': 0,
 'readout_stock_attn_temp_init': 4.0,
 'readout_stock_attn_ffn': False}

trainer_config = {'lr': 5e-05,
 'n_epochs': 25,
 'batch_size': 300,
 'precision': 'amp_fp16',
 'grad_accum_steps': 1,
 'seed': 46,
 'device': 'auto',
 'deterministic_mode': 'warn',
 'seed_workers': True,
 'train_sampler_mode': 'sampled_daily',
 'sampler_diag': True,
 'train_stop_key': 'loss_main',
 'train_stop_threshold': None,
 'min_epochs': 25,
 'consecutive_k': 999999,
 'num_workers': 0,
 'market_state_path': 'data/market_state_csi300.pkl',
 'market_state_shift': 0,
 'market_state_strict': True,
 'use_warmup': True,
 'warmup_ratio': 0.05,
 'warmup_steps': 0,
 'debug_sanity_check': True,
 'strict_valid_data_key': True,
 'checkpoint_metric': 'valid_rank_ic',
 'checkpoint_mode': 'max',
 'use_tqdm': False,
 'stock_expert_no_wd': True,
 'run_setting': 'h2_warmq_seed46_scale05'}

port_conf = {'strategy': {'class': 'TopkDropoutStrategy',
              'module_path': 'qlib.contrib.strategy.signal_strategy',
              'kwargs': {'signal': '<PRED>', 'topk': 30, 'n_drop': 5}},
 'backtest': {'start_time': '2020-07-01',
              'end_time': '2022-12-30',
              'account': 100000000,
              'benchmark': 'SH000300',
              'exchange_kwargs': {'freq': 'day', 'deal_price': 'close'}}}
```

## 2. Cross-sectional Forecasting Performance

- **IC (test)**:
  - mean = 0.0636, std = 0.1544, ICIR = 0.41, HAC t-stat = 6.7 (lags=5)
- **RankIC (test)**:
  - mean = 0.0813, std = 0.1517, IR = 0.54, HAC t-stat = 8.9 (lags=5)
- 注：采用 Newey–West(HAC) t-stat 以处理日度序列的自相关/异方差。

### 2.X Regime Bucket Evaluation (test segment)

基于 `market_state`（与训练时相同的宏观状态文件）对 test 交易日做分桶，观察不同市场状态下的预测质量与路由行为差异。

- market_state: `market_state_csi300.pkl`, shift=0, fit_segments=['train'] (fit_days=2979, test_days=611)

- 2×2 分桶（median@fit）：`market_state_corr_pc1_ratio`=0.004828, `market_state_tail_2sigma`=-2.783e-05

| Regime               |   Days |   RankIC_mean |   RankIC_IR |   IC_mean |    IC_IR |   time_ratio_mean |   time_ratio_p10 |   time_ratio_p50 |   time_ratio_p90 |   gate_entropy_mean |   gate_entropy_p10 |   gate_entropy_p50 |   gate_entropy_p90 |   time_tau_mean |   time_tau_p10 |   time_tau_p50 |   time_tau_p90 |   time_half_life_mean |   time_half_life_p10 |   time_half_life_p50 |   time_half_life_p90 |   factor_gate_mean_mean |   factor_gate_mean_p10 |   factor_gate_mean_p50 |   factor_gate_mean_p90 |   factor_gate_std_mean |   factor_gate_std_p10 |   factor_gate_std_p50 |   factor_gate_std_p90 |   factor_gate_entropy_mean |   factor_gate_entropy_p10 |   factor_gate_entropy_p50 |   factor_gate_entropy_p90 |   factor_gate_topk_mass_5_mean |   factor_gate_topk_mass_5_p10 |   factor_gate_topk_mass_5_p50 |   factor_gate_topk_mass_5_p90 |   factor_gate_topk_mass_10_mean |   factor_gate_topk_mass_10_p10 |   factor_gate_topk_mass_10_p50 |   factor_gate_topk_mass_10_p90 |
|:---------------------|-------:|--------------:|------------:|----------:|---------:|------------------:|-----------------:|-----------------:|-----------------:|--------------------:|-------------------:|-------------------:|-------------------:|----------------:|---------------:|---------------:|---------------:|----------------------:|---------------------:|---------------------:|---------------------:|------------------------:|-----------------------:|-----------------------:|-----------------------:|-----------------------:|----------------------:|----------------------:|----------------------:|---------------------------:|--------------------------:|--------------------------:|--------------------------:|-------------------------------:|------------------------------:|------------------------------:|------------------------------:|--------------------------------:|-------------------------------:|-------------------------------:|-------------------------------:|
| High-PC1 / High-Tail |     56 |     0.102674  |    0.707975 | 0.0857463 | 0.583356 |          0.42185  |         0.362967 |         0.4304   |         0.467951 |             1.04745 |            1.0295  |            1.05034 |            1.06255 |         4.93547 |        4.81618 |        4.9261  |        5.08641 |               3.421   |              3.33832 |              3.41451 |              3.52563 |                0.997932 |               0.991757 |               0.997367 |               1.00411  |              0.0262285 |             0.014636  |             0.0269164 |             0.0385753 |                   0.948418 |                  0.944351 |                  0.948564 |                  0.952558 |                      0.0902168 |                     0.0875003 |                     0.090087  |                     0.0929582 |                        0.167349 |                       0.158589 |                       0.167465 |                       0.173617 |
| High-PC1 / Low-Tail  |    356 |     0.0824018 |    0.518856 | 0.0670717 | 0.41069  |          0.461708 |         0.423879 |         0.463663 |         0.500379 |             1.03504 |            1.00643 |            1.03765 |            1.05575 |         4.82918 |        4.73721 |        4.81425 |        4.93767 |               3.34733 |              3.28358 |              3.33698 |              3.42254 |                0.993554 |               0.988766 |               0.993595 |               0.998234 |              0.0265054 |             0.0146208 |             0.0266209 |             0.0394874 |                   0.94992  |                  0.945121 |                  0.950482 |                  0.953882 |                      0.089596  |                     0.0856386 |                     0.0895656 |                     0.0931359 |                        0.164546 |                       0.156761 |                       0.164659 |                       0.172294 |
| Low-PC1 / High-Tail  |     46 |     0.0829235 |    0.561511 | 0.0575122 | 0.37386  |          0.437913 |         0.41285  |         0.442256 |         0.484598 |             1.04942 |            1.02691 |            1.05336 |            1.06732 |         4.83207 |        4.75839 |        4.80847 |        4.97242 |               3.34934 |              3.29826 |              3.33298 |              3.44662 |                0.994674 |               0.989732 |               0.994029 |               1.00003  |              0.0270344 |             0.0158599 |             0.0267487 |             0.0379301 |                   0.948313 |                  0.94545  |                  0.950407 |                  0.952991 |                      0.0907321 |                     0.0865401 |                     0.0888337 |                     0.0967455 |                        0.16689  |                       0.158592 |                       0.164662 |                       0.17749  |
| Low-PC1 / Low-Tail   |    153 |     0.0702774 |    0.50924  | 0.0491854 | 0.364868 |          0.464651 |         0.427462 |         0.463844 |         0.506835 |             1.03914 |            1.00053 |            1.04414 |            1.06307 |         4.77274 |        4.71411 |        4.76416 |        4.83352 |               3.30821 |              3.26758 |              3.30227 |              3.35034 |                0.991971 |               0.987249 |               0.991703 |               0.995799 |              0.0261824 |             0.0150639 |             0.02604   |             0.038733  |                   0.950024 |                  0.94437  |                  0.951405 |                  0.953693 |                      0.0891249 |                     0.0853093 |                     0.0885696 |                     0.0927575 |                        0.162905 |                       0.15577  |                       0.160881 |                       0.171156 |

- Terciles by `market_state_corr_pc1_ratio` (Market-mode strength (PC1 ratio)), edges@fit=[-0.4096, 0.4701]

| Bucket   |   Days |   RankIC_mean |   RankIC_IR |   IC_mean |    IC_IR |   time_ratio_mean |   time_ratio_p10 |   time_ratio_p50 |   time_ratio_p90 |   gate_entropy_mean |   gate_entropy_p10 |   gate_entropy_p50 |   gate_entropy_p90 |   time_tau_mean |   time_tau_p10 |   time_tau_p50 |   time_tau_p90 |   time_half_life_mean |   time_half_life_p10 |   time_half_life_p50 |   time_half_life_p90 |   factor_gate_mean_mean |   factor_gate_mean_p10 |   factor_gate_mean_p50 |   factor_gate_mean_p90 |   factor_gate_std_mean |   factor_gate_std_p10 |   factor_gate_std_p50 |   factor_gate_std_p90 |   factor_gate_entropy_mean |   factor_gate_entropy_p10 |   factor_gate_entropy_p50 |   factor_gate_entropy_p90 |   factor_gate_topk_mass_5_mean |   factor_gate_topk_mass_5_p10 |   factor_gate_topk_mass_5_p50 |   factor_gate_topk_mass_5_p90 |   factor_gate_topk_mass_10_mean |   factor_gate_topk_mass_10_p10 |   factor_gate_topk_mass_10_p50 |   factor_gate_topk_mass_10_p90 |
|:---------|-------:|--------------:|------------:|----------:|---------:|------------------:|-----------------:|-----------------:|-----------------:|--------------------:|-------------------:|-------------------:|-------------------:|----------------:|---------------:|---------------:|---------------:|----------------------:|---------------------:|---------------------:|---------------------:|------------------------:|-----------------------:|-----------------------:|-----------------------:|-----------------------:|----------------------:|----------------------:|----------------------:|---------------------------:|--------------------------:|--------------------------:|--------------------------:|-------------------------------:|------------------------------:|------------------------------:|------------------------------:|--------------------------------:|-------------------------------:|-------------------------------:|-------------------------------:|
| Low      |    113 |     0.0605945 |    0.455679 | 0.0346744 | 0.265402 |          0.456675 |         0.415227 |         0.461743 |         0.499684 |             1.04226 |            1.01576 |            1.04433 |            1.06826 |         4.78049 |        4.71796 |        4.76416 |        4.8474  |               3.31358 |              3.27024 |              3.30227 |              3.35996 |                0.992352 |               0.988418 |               0.991708 |               0.996434 |              0.0251385 |             0.0150837 |             0.0244482 |             0.0374859 |                   0.949454 |                  0.943907 |                  0.951087 |                  0.953498 |                      0.089423  |                     0.0853989 |                     0.0886217 |                     0.0928833 |                        0.163466 |                       0.156004 |                       0.161215 |                       0.171358 |
| Mid      |    194 |     0.0943802 |    0.639493 | 0.0754311 | 0.511189 |          0.457659 |         0.418846 |         0.458889 |         0.494726 |             1.0407  |            1.00929 |            1.04674 |            1.06029 |         4.81282 |        4.73336 |        4.80269 |        4.91452 |               3.33599 |              3.28092 |              3.32897 |              3.40648 |                0.993485 |               0.988374 |               0.993443 |               0.998468 |              0.0276592 |             0.0151536 |             0.0282535 |             0.0391407 |                   0.949714 |                  0.945158 |                  0.950805 |                  0.953669 |                      0.0895315 |                     0.0856691 |                     0.0890775 |                     0.0927613 |                        0.164709 |                       0.156882 |                       0.163966 |                       0.171482 |
| High     |    304 |     0.0805748 |    0.503311 | 0.066771  | 0.403185 |          0.456701 |         0.410997 |         0.461871 |         0.500256 |             1.03527 |            1.00847 |            1.03789 |            1.05676 |         4.84933 |        4.74106 |        4.82967 |        4.99057 |               3.3613  |              3.28625 |              3.34767 |              3.4592  |                0.994224 |               0.989199 |               0.993883 |               0.999552 |              0.0261436 |             0.0144149 |             0.0262019 |             0.0393222 |                   0.949758 |                  0.944993 |                  0.950059 |                  0.953866 |                      0.0897506 |                     0.0859967 |                     0.0897531 |                     0.0932978 |                        0.164888 |                       0.156749 |                       0.164938 |                       0.172933 |

- Terciles by `market_state_tail_2sigma` (Tail intensity (|x|>2)), edges@fit=[-0.4283, 0.5003]

| Bucket   |   Days |   RankIC_mean |   RankIC_IR |   IC_mean |    IC_IR |   time_ratio_mean |   time_ratio_p10 |   time_ratio_p50 |   time_ratio_p90 |   gate_entropy_mean |   gate_entropy_p10 |   gate_entropy_p50 |   gate_entropy_p90 |   time_tau_mean |   time_tau_p10 |   time_tau_p50 |   time_tau_p90 |   time_half_life_mean |   time_half_life_p10 |   time_half_life_p50 |   time_half_life_p90 |   factor_gate_mean_mean |   factor_gate_mean_p10 |   factor_gate_mean_p50 |   factor_gate_mean_p90 |   factor_gate_std_mean |   factor_gate_std_p10 |   factor_gate_std_p50 |   factor_gate_std_p90 |   factor_gate_entropy_mean |   factor_gate_entropy_p10 |   factor_gate_entropy_p50 |   factor_gate_entropy_p90 |   factor_gate_topk_mass_5_mean |   factor_gate_topk_mass_5_p10 |   factor_gate_topk_mass_5_p50 |   factor_gate_topk_mass_5_p90 |   factor_gate_topk_mass_10_mean |   factor_gate_topk_mass_10_p10 |   factor_gate_topk_mass_10_p50 |   factor_gate_topk_mass_10_p90 |
|:---------|-------:|--------------:|------------:|----------:|---------:|------------------:|-----------------:|-----------------:|-----------------:|--------------------:|-------------------:|-------------------:|-------------------:|----------------:|---------------:|---------------:|---------------:|----------------------:|---------------------:|---------------------:|---------------------:|------------------------:|-----------------------:|-----------------------:|-----------------------:|-----------------------:|----------------------:|----------------------:|----------------------:|---------------------------:|--------------------------:|--------------------------:|--------------------------:|-------------------------------:|------------------------------:|------------------------------:|------------------------------:|--------------------------------:|-------------------------------:|-------------------------------:|-------------------------------:|
| Low      |    357 |     0.0765431 |    0.479268 | 0.059815  | 0.370463 |          0.466472 |         0.432034 |         0.466196 |         0.505419 |             1.03462 |            1.00355 |            1.03806 |            1.05741 |         4.80234 |        4.72027 |        4.79498 |        4.89677 |               3.32873 |              3.27184 |              3.32363 |              3.39418 |                0.992641 |               0.988361 |               0.992566 |               0.997181 |              0.0261857 |             0.0145775 |             0.0259438 |             0.0396068 |                   0.950122 |                  0.944886 |                  0.951087 |                  0.953859 |                      0.0892928 |                     0.085066  |                     0.0890971 |                     0.0929797 |                        0.163608 |                       0.155937 |                       0.163114 |                       0.171672 |
| Mid      |    215 |     0.0882581 |    0.633799 | 0.0701724 | 0.488359 |          0.449656 |         0.413249 |         0.452721 |         0.488755 |             1.04181 |            1.0166  |            1.04518 |            1.06086 |         4.84351 |        4.74106 |        4.82967 |        4.96856 |               3.35726 |              3.28625 |              3.34767 |              3.44394 |                0.99449  |               0.989907 |               0.994197 |               1.00015  |              0.0270157 |             0.0153263 |             0.0279763 |             0.0380999 |                   0.949231 |                  0.945058 |                  0.95003  |                  0.953474 |                      0.0899984 |                     0.0868818 |                     0.0895642 |                     0.0928147 |                        0.165683 |                       0.15757  |                       0.165313 |                       0.172844 |
| High     |     39 |     0.0859054 |    0.59879  | 0.0617744 | 0.416632 |          0.410788 |         0.293187 |         0.420132 |         0.466887 |             1.05242 |            1.03446 |            1.05634 |            1.06672 |         4.93046 |        4.77803 |        4.89137 |        5.09763 |               3.41753 |              3.31188 |              3.39044 |              3.53341 |                0.998153 |               0.992129 |               0.997191 |               1.00603  |              0.0255769 |             0.0141106 |             0.027259  |             0.0369789 |                   0.948235 |                  0.944116 |                  0.948464 |                  0.952905 |                      0.0905365 |                     0.0863606 |                     0.0892183 |                     0.0942614 |                        0.16721  |                       0.158437 |                       0.165338 |                       0.175209 |

- Terciles by `market_state_corr_mean_abs` (Crowding (mean abs corr)), edges@fit=[-0.4076, 0.4851]

| Bucket   |   Days |   RankIC_mean |   RankIC_IR |   IC_mean |    IC_IR |   time_ratio_mean |   time_ratio_p10 |   time_ratio_p50 |   time_ratio_p90 |   gate_entropy_mean |   gate_entropy_p10 |   gate_entropy_p50 |   gate_entropy_p90 |   time_tau_mean |   time_tau_p10 |   time_tau_p50 |   time_tau_p90 |   time_half_life_mean |   time_half_life_p10 |   time_half_life_p50 |   time_half_life_p90 |   factor_gate_mean_mean |   factor_gate_mean_p10 |   factor_gate_mean_p50 |   factor_gate_mean_p90 |   factor_gate_std_mean |   factor_gate_std_p10 |   factor_gate_std_p50 |   factor_gate_std_p90 |   factor_gate_entropy_mean |   factor_gate_entropy_p10 |   factor_gate_entropy_p50 |   factor_gate_entropy_p90 |   factor_gate_topk_mass_5_mean |   factor_gate_topk_mass_5_p10 |   factor_gate_topk_mass_5_p50 |   factor_gate_topk_mass_5_p90 |   factor_gate_topk_mass_10_mean |   factor_gate_topk_mass_10_p10 |   factor_gate_topk_mass_10_p50 |   factor_gate_topk_mass_10_p90 |
|:---------|-------:|--------------:|------------:|----------:|---------:|------------------:|-----------------:|-----------------:|-----------------:|--------------------:|-------------------:|-------------------:|-------------------:|----------------:|---------------:|---------------:|---------------:|----------------------:|---------------------:|---------------------:|---------------------:|------------------------:|-----------------------:|-----------------------:|-----------------------:|-----------------------:|----------------------:|----------------------:|----------------------:|---------------------------:|--------------------------:|--------------------------:|--------------------------:|-------------------------------:|------------------------------:|------------------------------:|------------------------------:|--------------------------------:|-------------------------------:|-------------------------------:|-------------------------------:|
| Low      |     84 |     0.0694433 |    0.591815 | 0.0413444 | 0.361747 |          0.460303 |         0.415289 |         0.462209 |         0.503725 |             1.04198 |            1.00659 |            1.04276 |            1.07022 |         4.77735 |        4.71258 |        4.76609 |        4.84779 |               3.3114  |              3.26651 |              3.3036  |              3.36023 |                0.992254 |               0.987117 |               0.991663 |               0.996576 |              0.0261364 |             0.0151036 |             0.0271073 |             0.0375223 |                   0.950003 |                  0.945581 |                  0.951255 |                  0.953703 |                      0.0888648 |                     0.084838  |                     0.0883922 |                     0.0918291 |                        0.162573 |                       0.155324 |                       0.16101  |                       0.16845  |
| Mid      |    194 |     0.0831984 |    0.535069 | 0.0654055 | 0.424659 |          0.456942 |         0.424297 |         0.457931 |         0.495042 |             1.04134 |            1.01036 |            1.04674 |            1.06051 |         4.80906 |        4.73336 |        4.79498 |        4.90564 |               3.33339 |              3.28092 |              3.32363 |              3.40033 |                0.993501 |               0.988412 |               0.993365 |               0.998622 |              0.0276172 |             0.0163558 |             0.0276528 |             0.0396477 |                   0.949411 |                  0.944952 |                  0.950699 |                  0.953482 |                      0.0898001 |                     0.0862948 |                     0.0890934 |                     0.0927613 |                        0.164926 |                       0.156992 |                       0.163868 |                       0.17194  |
| High     |    333 |     0.083117  |    0.528586 | 0.068134  | 0.417608 |          0.456201 |         0.409944 |         0.462822 |         0.497319 |             1.03558 |            1.00844 |            1.0381  |            1.05651 |         4.84632 |        4.74106 |        4.82581 |        4.98787 |               3.35921 |              3.28625 |              3.345   |              3.45733 |                0.994077 |               0.98914  |               0.993796 |               0.999073 |              0.0258288 |             0.0141493 |             0.0259489 |             0.0390431 |                   0.949769 |                  0.944992 |                  0.950278 |                  0.953869 |                      0.0897064 |                     0.0855925 |                     0.0896148 |                     0.0934112 |                        0.164863 |                       0.156582 |                       0.164749 |                       0.173149 |

- Terciles by `market_vol_20` (Benchmark vol (20d)), edges@fit=[-0.3549, 0.4864]

| Bucket   |   Days |   RankIC_mean |   RankIC_IR |   IC_mean |    IC_IR |   time_ratio_mean |   time_ratio_p10 |   time_ratio_p50 |   time_ratio_p90 |   gate_entropy_mean |   gate_entropy_p10 |   gate_entropy_p50 |   gate_entropy_p90 |   time_tau_mean |   time_tau_p10 |   time_tau_p50 |   time_tau_p90 |   time_half_life_mean |   time_half_life_p10 |   time_half_life_p50 |   time_half_life_p90 |   factor_gate_mean_mean |   factor_gate_mean_p10 |   factor_gate_mean_p50 |   factor_gate_mean_p90 |   factor_gate_std_mean |   factor_gate_std_p10 |   factor_gate_std_p50 |   factor_gate_std_p90 |   factor_gate_entropy_mean |   factor_gate_entropy_p10 |   factor_gate_entropy_p50 |   factor_gate_entropy_p90 |   factor_gate_topk_mass_5_mean |   factor_gate_topk_mass_5_p10 |   factor_gate_topk_mass_5_p50 |   factor_gate_topk_mass_5_p90 |   factor_gate_topk_mass_10_mean |   factor_gate_topk_mass_10_p10 |   factor_gate_topk_mass_10_p50 |   factor_gate_topk_mass_10_p90 |
|:---------|-------:|--------------:|------------:|----------:|---------:|------------------:|-----------------:|-----------------:|-----------------:|--------------------:|-------------------:|-------------------:|-------------------:|----------------:|---------------:|---------------:|---------------:|----------------------:|---------------------:|---------------------:|---------------------:|------------------------:|-----------------------:|-----------------------:|-----------------------:|-----------------------:|----------------------:|----------------------:|----------------------:|---------------------------:|--------------------------:|--------------------------:|--------------------------:|-------------------------------:|------------------------------:|------------------------------:|------------------------------:|--------------------------------:|-------------------------------:|-------------------------------:|-------------------------------:|
| Low      |    305 |     0.070139  |    0.488798 | 0.0561852 | 0.384859 |          0.455432 |         0.420209 |         0.459042 |         0.49045  |             1.04354 |           1.02163  |            1.04518 |            1.06112 |         4.825   |        4.74106 |        4.81425 |        4.92455 |               3.34444 |              3.28625 |              3.33698 |              3.41344 |                0.994223 |               0.989824 |               0.99414  |               0.998468 |              0.0282426 |             0.0160332 |             0.0287526 |             0.0390573 |                   0.949764 |                  0.945456 |                  0.950539 |                  0.953667 |                      0.0896876 |                     0.0869236 |                     0.0892513 |                     0.092289  |                        0.164924 |                       0.157455 |                       0.16459  |                       0.171158 |
| Mid      |    208 |     0.0932094 |    0.608256 | 0.0720106 | 0.463472 |          0.456787 |         0.413455 |         0.463766 |         0.501299 |             1.03496 |           1.00381  |            1.03847 |            1.05884 |         4.83389 |        4.72181 |        4.81039 |        4.9956  |               3.3506  |              3.27291 |              3.33431 |              3.46268 |                0.993491 |               0.988307 |               0.992701 |               1.00026  |              0.0249583 |             0.0137812 |             0.0236882 |             0.0381019 |                   0.949378 |                  0.943646 |                  0.950356 |                  0.953723 |                      0.0896842 |                     0.0845049 |                     0.0892926 |                     0.0936576 |                        0.164732 |                       0.156206 |                       0.164276 |                       0.173106 |
| High     |     98 |     0.0905278 |    0.529493 | 0.06873   | 0.388313 |          0.462336 |         0.407803 |         0.464288 |         0.521731 |             1.029   |           0.992717 |            1.03253 |            1.05533 |         4.80616 |        4.7222  |        4.79113 |        4.90526 |               3.33137 |              3.27318 |              3.32096 |              3.40007 |                0.992163 |               0.988221 |               0.991962 |               0.99651  |              0.023968  |             0.013509  |             0.0212161 |             0.0397896 |                   0.950109 |                  0.944701 |                  0.951111 |                  0.954672 |                      0.0892763 |                     0.0845627 |                     0.0889444 |                     0.094486  |                        0.163114 |                       0.153852 |                       0.161937 |                       0.173394 |

- Spearman correlations (market_state vs metrics), top 12 by |ρ|:

| Feature                     | Metric                   |   N |   SpearmanR |    t_stat |     p_value |
|:----------------------------|:-------------------------|----:|------------:|----------:|------------:|
| market_state_tail_2sigma    | time_ratio               | 611 |   -0.389988 | -10.4517  | 1.24995e-23 |
| market_state_tail_2sigma    | time_tau                 | 611 |    0.350546 |   9.23688 | 4.1766e-19  |
| market_state_tail_2sigma    | time_half_life           | 611 |    0.350546 |   9.23688 | 4.1766e-19  |
| market_state_corr_mean_abs  | time_tau                 | 611 |    0.336963 |   8.83207 | 1.09167e-17 |
| market_state_corr_mean_abs  | time_half_life           | 611 |    0.336963 |   8.83207 | 1.09167e-17 |
| market_state_corr_pc1_ratio | time_tau                 | 611 |    0.333472 |   8.72905 | 2.46143e-17 |
| market_state_corr_pc1_ratio | time_half_life           | 611 |    0.333472 |   8.72905 | 2.46143e-17 |
| market_state_tail_2sigma    | gate_entropy             | 611 |    0.309568 |   8.03415 | 4.89839e-15 |
| market_vol_20               | gate_entropy             | 611 |   -0.286215 |  -7.37159 | 5.5255e-13  |
| market_state_corr_mean_abs  | gate_entropy             | 611 |   -0.210572 |  -5.31567 | 1.49346e-07 |
| market_state_tail_2sigma    | factor_gate_topk_mass_10 | 611 |    0.204207 |   5.1479  | 3.56007e-07 |
| market_state_corr_pc1_ratio | gate_entropy             | 611 |   -0.193352 |  -4.8633  | 1.47144e-06 |

- Full table: `regime_corr_spearman.csv`

![Regime scatter (performance)](regime_scatter_perf.png)

![Regime scatter (routing)](regime_scatter_router.png)

#### 2.X.1 指标释义（读表指南）

- `market_state_corr_pc1_ratio`：市场“单一主导因子/同涨同跌”强度（越高越像单一市场因子驱动）。
- `market_state_tail_2sigma`：尾部/冲击强度（越高表示极端波动占比越高）。
- `market_state_corr_mean_abs`：拥挤度/相关性水平（越高越拥挤，alpha 更难独立发挥）。
- `market_vol_20`：基准 20 日波动（通常已标准化，解读为相对高/低波动）。
- `RankIC/IC`：预测排序/线性相关质量；`IR` 为日度均值/标准差（样本少时不稳定）。
- `time_ratio`：路由对 time-expert 的权重（高→更偏时序专家，低→更偏截面因子专家）。
- `gate_entropy`：路由不确定性（接近 0.693，约等于两专家均匀；越低越“果断”）。
- `time_tau/time_half_life`：时间记忆尺度（越大→更长记忆/更慢衰减）。
- `factor_gate_entropy/topk_mass`：因子重加权是否集中（topk_mass 高/entropy 低→更集中）。



#### 2.X.2 观测到的差异（test）

- RankIC daily range: -0.4420~0.4519

- IC daily range: -0.4226~0.5134

- time_ratio daily range: 0.2712~0.5349

- gate_entropy daily range: 0.9673~1.0909

- time_tau daily range: 4.6679~5.1967

- 2×2 regimes: RankIC_mean: best=High-PC1 / High-Tail(0.1027), worst=Low-PC1 / Low-Tail(0.0703), spread=0.0324

- 2×2 routing: time_ratio_mean: best=Low-PC1 / Low-Tail(0.4647), worst=High-PC1 / High-Tail(0.4218), spread=0.0428

- `market_state_corr_pc1_ratio` terciles: RankIC_mean Δ(High-Low)=0.0200, time_ratio_mean Δ(High-Low)=0.0000

- `market_state_tail_2sigma` terciles: RankIC_mean Δ(High-Low)=0.0094, time_ratio_mean Δ(High-Low)=-0.0557

- `market_state_corr_mean_abs` terciles: RankIC_mean Δ(High-Low)=0.0137, time_ratio_mean Δ(High-Low)=-0.0041

- `market_vol_20` terciles: RankIC_mean Δ(High-Low)=0.0204, time_ratio_mean Δ(High-Low)=0.0069

- Routing ↔ quality coupling (Spearman, test): time_ratio↔rank_ic: ρ=-0.04 (n=611); gate_entropy↔rank_ic: ρ=0.04 (n=611); time_tau↔rank_ic: ρ=0.02 (n=611); factor_gate_entropy↔rank_ic: ρ=-0.07 (n=611)

- Strongest state↔performance: `market_state_corr_pc1_ratio` vs `ic` ρ=0.05 (n=611).

- Strongest state↔routing: `market_state_tail_2sigma` vs `time_ratio` ρ=-0.39 (n=611).


- 解释建议：若“预测质量差异”显著但 `time_ratio/gate_entropy/time_tau` 基本不变，说明路由/时间尺度未随宏观状态自适应；反之若路由显著变化但 RankIC 不变，可能是“在动但没带来收益”。
- 注意：test 天数通常较少，分桶后的 `IR` 与相关性更偏诊断用途；建议在更长窗口/多次 run 上复核。 


## 3. Training Dynamics & Portfolio Backtest

### 3.1 Training Dynamics (MSE vs. RankIC)

训练阶段采用 **MSE 主 loss**（基于 rank-label），这里展示 train/mse 与 valid/rank_ic 随 epoch 的演化，并粗略量化二者的相关性：

- Peak valid RankIC approx 0.0812 at epoch 12
- Corr(-train MSE, valid RankIC) approx 0.851

![Training dynamics (MSE vs RankIC)](train_curves_mse_rankic.png)

### 3.2 Portfolio Backtest (2020-07-01~2022-12-30, csi300 universe)

- 年化收益 (excess return with cost): 13.98% (如果为 nan 请检查 portfolio_analysis/port_analysis_1day.pkl)
- 信息比 (Information Ratio): 1.26
- 最大回撤: -13.28%
- 成交换手率 (Turnover): 32.90%

## 3.3 Qlib Official Graphs

使用 Qlib 官方 report 模块生成的图表：

### analysis_position.report_graph

- [analysis_position.report_graph](qlib_analysis_position_report_graph.html)

### analysis_position.risk_analysis_graph

- [analysis_position.risk_analysis_graph](qlib_analysis_position_risk_analysis_graph_1.html)

- [analysis_position.risk_analysis_graph](qlib_analysis_position_risk_analysis_graph_2.html)

- [analysis_position.risk_analysis_graph](qlib_analysis_position_risk_analysis_graph_3.html)

- [analysis_position.risk_analysis_graph](qlib_analysis_position_risk_analysis_graph_4.html)

- [analysis_position.risk_analysis_graph](qlib_analysis_position_risk_analysis_graph_5.html)

### analysis_position.score_ic_graph

- [analysis_position.score_ic_graph](qlib_analysis_position_score_ic_graph.html)

### analysis_model.model_performance_graph

- [analysis_model.model_performance_graph](qlib_analysis_model_model_performance_graph_1.html)

- [analysis_model.model_performance_graph](qlib_analysis_model_model_performance_graph_2.html)

- [analysis_model.model_performance_graph](qlib_analysis_model_model_performance_graph_3.html)

- [analysis_model.model_performance_graph](qlib_analysis_model_model_performance_graph_4.html)

- [analysis_model.model_performance_graph](qlib_analysis_model_model_performance_graph_5.html)

- [analysis_model.model_performance_graph](qlib_analysis_model_model_performance_graph_6.html)

### analysis_position.cumulative_return_graph

- [analysis_position.cumulative_return_graph](qlib_analysis_position_cumulative_return_graph_1.html)

- [analysis_position.cumulative_return_graph](qlib_analysis_position_cumulative_return_graph_2.html)

- [analysis_position.cumulative_return_graph](qlib_analysis_position_cumulative_return_graph_3.html)

- [analysis_position.cumulative_return_graph](qlib_analysis_position_cumulative_return_graph_4.html)

### analysis_position.rank_label_graph

- [analysis_position.rank_label_graph](qlib_analysis_position_rank_label_graph_1.html)

- [analysis_position.rank_label_graph](qlib_analysis_position_rank_label_graph_2.html)

- [analysis_position.rank_label_graph](qlib_analysis_position_rank_label_graph_3.html)

## 4. Spatio-Temporal Disentanglement Diagnostics

### 4.1 Router Gate over Time (time vs. cross-sectional experts)

- Gate time_ratio (time-expert weight) stats on test set: mean=0.457, std=0.039, p10=0.415, p90=0.498

- Gate entropy stats on test set: mean=1.038, std=0.021, p10=1.009, p90=1.060

- time_ratio 接近 1 表示更信任「时间 expert」，接近 0 表示更信任「截面 expert」。
- 若 mean 在 (0.3, 0.7) 且 std > 0，说明路由器确实在不同阶段做非平凡决策；
  若长期贴近 0 或 1，则 MoE 退化为单专家模型。

![Gate time_ratio series](st_disentangle_gate_series_test.png)

![Gate entropy series](st_disentangle_gate_entropy_series_test.png)

### 4.1.1 Regime-Adaptive Time Scale (tau / half-life)

- time_tau stats on test set: mean=4.825, std=0.090, p10=4.730, p90=4.949

- time_half_life stats on test set: mean=3.344, std=0.062, p10=3.278, p90=3.431

![time_tau series](st_disentangle_time_tau_series_test.png)

![time_half_life series](st_disentangle_time_half_life_series_test.png)

- `time_tau` 来自 regime-adaptive time embedding 的时间尺度参数（越大越偏长记忆，越小越偏短记忆）。
- `time_half_life = time_tau * ln(2)`（单位为窗口时间步，若 1 步=1 天则可视作“天数半衰期”）。

### 4.1.1.1 tau vs time_ratio (same-day overlay)

![tau vs time_ratio](st_disentangle_tau_vs_time_ratio_test.png)

### 4.1.2 Regime-Adaptive Factor Gate (concentration)

- factor_gate_mean stats on test set: mean=0.994, std=0.004, p10=0.989, p90=0.999

- factor_gate_std stats on test set: mean=0.026, std=0.009, p10=0.015, p90=0.039

- factor_gate_entropy stats on test set: mean=0.950, std=0.004, p10=0.945, p90=0.954

- factor_gate_topk_mass_5 stats on test set: mean=0.090, std=0.004, p10=0.086, p90=0.093

- factor_gate_topk_mass_10 stats on test set: mean=0.165, std=0.007, p10=0.157, p90=0.173

![factor_gate_mean series](st_disentangle_factor_gate_mean_series_test.png)

![factor_gate_std series](st_disentangle_factor_gate_std_series_test.png)

![factor_gate_entropy series](st_disentangle_factor_gate_entropy_series_test.png)

![factor_gate_topk_mass_5 series](st_disentangle_factor_gate_topk_mass_5_series_test.png)

![factor_gate_topk_mass_10 series](st_disentangle_factor_gate_topk_mass_10_series_test.png)

- `factor_gate_mean` / `factor_gate_std`：regime-adaptive factor gate 权重的日均值/标准差，反映因子重加权的整体幅度和波动。
- `factor_gate_entropy` 是把 per-sample 的 factor gate 归一化后得到的分布熵（再除以 log(N) 做归一化到 0~1）。
  越低表示 gate 越“集中”，即 regime 对因子组合的重加权更强、更具结构性。
- `factor_gate_topk_mass_5` / `factor_gate_topk_mass_10` 表示前 5 / 10 个因子（按 gate 权重排序）的累计质量占比；越高说明越稀疏/越集中。

### 4.2 Temporal Attention (Heatmap + Locality)

基于若干代表性交易日的 **time-attention heatmap**，统计对角/邻近对角的注意力质量：

- 2020-07-01: diag_mass=0.117, local_band_mass=0.332
- 2021-02-09: diag_mass=0.118, local_band_mass=0.335
- 2021-09-28: diag_mass=0.116, local_band_mass=0.331
- 2022-12-30: diag_mass=0.115, local_band_mass=0.329

![Time attention (2020-07-01)](st_disentangle_attn_time_2020-07-01.png)

![Time attention (2021-02-09)](st_disentangle_attn_time_2021-02-09.png)

![Time attention (2021-09-28)](st_disentangle_attn_time_2021-09-28.png)

![Time attention (2022-12-30)](st_disentangle_attn_time_2022-12-30.png)

- diag_mass 衡量注意力在完全对齐的时间步 (i=j) 上的质量；
- local_band_mass 衡量注意力在 |i-j| ≤ 1 的近邻时间步上的质量。
- 越高说明模型更偏向「局部时序模式」（类似 AR / 局部卷积），
  越低说明模型依赖更长程的时序依赖。

### 4.3 Factor Attention (Heatmap + Concentration)

基于同一批交易日的 **factor-attention heatmap**（默认取窗口最后一个时间步），统计注意力的集中度：

- 2020-07-01: diag_mass=0.005, top5_mass=0.047, entropy=0.994
- 2021-02-09: diag_mass=0.005, top5_mass=0.044, entropy=0.995
- 2021-09-28: diag_mass=0.005, top5_mass=0.044, entropy=0.995
- 2022-12-30: diag_mass=0.005, top5_mass=0.045, entropy=0.995

#### 4.3.1 Factor Attention Top-K (ids)

- 2020-07-01: top10 ids=[17, 13, 14, 30, 142, 40, 63, 141, 112, 15]
- 2021-02-09: top10 ids=[17, 112, 13, 68, 107, 40, 142, 46, 90, 141]
- 2021-09-28: top10 ids=[46, 114, 17, 124, 13, 120, 119, 57, 30, 112]
- 2022-12-30: top10 ids=[17, 13, 114, 46, 120, 119, 124, 27, 90, 112]

![Factor attention (2020-07-01)](st_disentangle_attn_factor_2020-07-01.png)

![Factor attention (2021-02-09)](st_disentangle_attn_factor_2021-02-09.png)

![Factor attention (2021-09-28)](st_disentangle_attn_factor_2021-09-28.png)

![Factor attention (2022-12-30)](st_disentangle_attn_factor_2022-12-30.png)

- diag_mass：因子对自身的注意力质量（越高说明更“自回归/自保留”）；
- top5_mass：每个因子行向量中 Top-5 权重质量的均值（越高说明更稀疏、更“专家化”）；
- entropy：归一化熵 (0~1)，越低越尖锐，越高越均匀。
- 注意：因子维度没有天然顺序，因此不像时间维那样用“邻近对角带”解释；我们更关心“是否稀疏/是否可解释地集中在少数因子交互上”。

### 4.4 Factor Pooling Attention (Heatmap + Top-K)

来自 attention pooling 的 `factor_attention_weights`（模型输出 `factor_pool_weights`），按日对 batch 做均值后导出 heatmap 与 Top-K：

#### 4.4.1 Factor Pooling Top-K (ids)

- 2020-07-01: top10 ids=[118, 13, 40, 90, 25, 139, 37, 17, 112, 114]
- 2021-02-09: top10 ids=[25, 27, 109, 118, 114, 37, 13, 90, 112, 17]
- 2021-09-28: top10 ids=[109, 40, 118, 13, 107, 139, 17, 114, 68, 34]
- 2022-12-30: top10 ids=[30, 109, 14, 17, 25, 40, 114, 19, 139, 107]

![Factor pooling attention (2020-07-01)](st_disentangle_attn_pool_factor_2020-07-01.png)

![Factor pooling attention (2021-02-09)](st_disentangle_attn_pool_factor_2021-02-09.png)

![Factor pooling attention (2021-09-28)](st_disentangle_attn_pool_factor_2021-09-28.png)

![Factor pooling attention (2022-12-30)](st_disentangle_attn_pool_factor_2022-12-30.png)

## 5. Summary

RST-MoE 在官方 Alpha158 / CSI300 框架下，兼顾了稳健的日频预测性能 （IC / RankIC / 信息比）和可解释的时空解耦结构（gate 曲线 + attention 局部性），同时通过 MSE 训练曲线与 RankIC 的联动，展示了从 rank-label → MSE 优化 → 截面预测 → 组合收益的一条清晰传导链。

================================================================================
[26328:MainThread](2026-06-22 10:08:00,203) INFO - qlib.timer - [log.py:127] - Time cost: 0.000s | waiting `async_log` Done
