>>> [Config:env] Applied experiment overrides
>>> [Config:env] run_setting=tau_scale_05
>>> [Config:planned] model: loss=mse, d_model=64, layers=2, heads=4, context_len=8, num_alphas=158, val_emb=feature_tokenizer, time_emb=on, factor_gate=on, router=learned, feat_sel=off, alibi=off, macro=external(market_state_csi300.pkl, dim=auto, shift=0, strict=True), macro_drop=0.1
>>> [Config:planned] trainer: lr=5e-05, epochs=25, batch=300, accum=1, early_stop=0, warmup=on(ratio=0.05), precision=amp_fp16, seed=45, checkpoint=valid_rank_ic:max, train_stop=off, min_epochs=25, k=999999
>>> [Phase 1] Training Model...
>>> [MarketState] loaded data/market_state_csi300.pkl (dates=3710, dim=102), shift=0, strict=True
>>> [Schema] Packed-label detected on train segment: total_dim=159, feature_dim=158, label_dim=1. Adapter will treat the last 1 channel(s) at the final time step as label.

================================================================================
MODEL ARCHITECTURE SUMMARY
================================================================================
QuantMoEModel(
  (feature_tokenizer): FeatureTokenizer()
  (factor_id_emb): Embedding(158, 64)
  (emb_dropout): Dropout(p=0.1, inplace=False)
  (time_embedding): RegimeAdaptiveTimeEmbedding(
    (tau_norm): LayerNorm((64,), eps=1e-05, elementwise_affine=True)
    (tau_fc1): Linear(in_features=64, out_features=32, bias=True)
    (tau_fc2): Linear(in_features=32, out_features=1, bias=True)
  )
  (factor_gate): RegimeAdaptiveFactorGate(
    (regime_norm): LayerNorm((64,), eps=1e-05, elementwise_affine=True)
    (factor_norm): LayerNorm((64,), eps=1e-05, elementwise_affine=True)
    (proj_gamma): Linear(in_features=64, out_features=64, bias=False)
    (proj_beta): Linear(in_features=64, out_features=64, bias=False)
  )
  (regime_encoder): RegimeContextEncoder(
    (encoder): Sequential(
      (0): Linear(in_features=102, out_features=128, bias=True)
      (1): Tanh()
      (2): Dropout(p=0.1, inplace=False)
      (3): Linear(in_features=128, out_features=64, bias=True)
      (4): LayerNorm((64,), eps=1e-05, elementwise_affine=True)
    )
  )
  (layers): ModuleList(
    (0-1): 2 x RegimeAdaptiveMoEBlock(
      (layer_summary_proj): Linear(in_features=128, out_features=64, bias=False)
      (router): Sequential(
        (0): Linear(in_features=128, out_features=32, bias=True)
        (1): GELU(approximate='none')
        (2): Linear(in_features=32, out_features=2, bias=True)
      )
      (time_expert): ParallelAttention(
        (mha): MultiheadAttention(
          (out_proj): NonDynamicallyQuantizableLinear(in_features=64, out_features=64, bias=False)
        )
      )
      (factor_expert): ParallelAttention(
        (mha): MultiheadAttention(
          (out_proj): NonDynamicallyQuantizableLinear(in_features=64, out_features=64, bias=False)
        )
      )
      (norm1): LayerNorm((64,), eps=1e-05, elementwise_affine=True)
      (norm2): LayerNorm((64,), eps=1e-05, elementwise_affine=True)
      (ffn): Sequential(
        (0): Linear(in_features=64, out_features=128, bias=True)
        (1): GELU(approximate='none')
        (2): Dropout(p=0.1, inplace=False)
        (3): Linear(in_features=128, out_features=64, bias=True)
        (4): Dropout(p=0.1, inplace=False)
      )
    )
  )
  (final_norm): LayerNorm((64,), eps=1e-05, elementwise_affine=True)
  (factor_pooling): AdaptivePooling(
    (attention_pool): AttentionPooling(
      (mha): MultiheadAttention(
        (out_proj): NonDynamicallyQuantizableLinear(in_features=64, out_features=64, bias=False)
      )
      (norm): LayerNorm((64,), eps=1e-05, elementwise_affine=True)
    )
  )
  (head): Linear(in_features=64, out_features=1, bias=True)
)

--------------------------------------------------------------------------------
PARAMETER STATISTICS BY MODULE
--------------------------------------------------------------------------------
Module                    Params          Trainable       %Total    
-----------------------------------------------------------------
layers                    123,972         123,972         60.8      %
regime_encoder            21,568          21,568          10.6      %
feature_tokenizer         20,224          20,224          9.9       %
factor_pooling            16,576          16,576          8.1       %
factor_id_emb             10,112          10,112          5.0       %
factor_gate               8,448           8,448           4.1       %
time_embedding            2,754           2,754           1.4       %
final_norm                128             128             0.1       %
head                      65              65              0.0       %
-----------------------------------------------------------------
TOTAL                     203,847         203,847         100.0     %

--------------------------------------------------------------------------------
DETAILED LAYER BREAKDOWN
--------------------------------------------------------------------------------
Layer Name                                         Shape                     Params      
---------------------------------------------------------------------------------------
feature_tokenizer.weight                           [158, 64]                 10,112      
feature_tokenizer.bias                             [158, 64]                 10,112      
factor_id_emb.weight                               [158, 64]                 10,112      
time_embedding.pos                                 [8, 64]                   512         
time_embedding.tau_base                            []                        1           
time_embedding.tau_norm.weight                     [64]                      64          
time_embedding.tau_norm.bias                       [64]                      64          
time_embedding.tau_fc1.weight                      [32, 64]                  2,048       
time_embedding.tau_fc1.bias                        [32]                      32          
time_embedding.tau_fc2.weight                      [1, 32]                   32          
time_embedding.tau_fc2.bias                        [1]                       1           
factor_gate.regime_norm.weight                     [64]                      64          
factor_gate.regime_norm.bias                       [64]                      64          
factor_gate.factor_norm.weight                     [64]                      64          
factor_gate.factor_norm.bias                       [64]                      64          
factor_gate.proj_gamma.weight                      [64, 64]                  4,096       
factor_gate.proj_beta.weight                       [64, 64]                  4,096       
regime_encoder.encoder.0.weight                    [128, 102]                13,056      
regime_encoder.encoder.0.bias                      [128]                     128         
regime_encoder.encoder.3.weight                    [64, 128]                 8,192       
regime_encoder.encoder.3.bias                      [64]                      64          
regime_encoder.encoder.4.weight                    [64]                      64          
regime_encoder.encoder.4.bias                      [64]                      64          
layers.0.layer_summary_proj.weight                 [64, 128]                 8,192       
layers.0.router.0.weight                           [32, 128]                 4,096       
layers.0.router.0.bias                             [32]                      32          
layers.0.router.2.weight                           [2, 32]                   64          
layers.0.router.2.bias                             [2]                       2           
layers.0.time_expert.mha.in_proj_weight            [192, 64]                 12,288      
layers.0.time_expert.mha.out_proj.weight           [64, 64]                  4,096       
layers.0.factor_expert.mha.in_proj_weight          [192, 64]                 12,288      
layers.0.factor_expert.mha.out_proj.weight         [64, 64]                  4,096       
layers.0.norm1.weight                              [64]                      64          
layers.0.norm1.bias                                [64]                      64          
layers.0.norm2.weight                              [64]                      64          
layers.0.norm2.bias                                [64]                      64          
layers.0.ffn.0.weight                              [128, 64]                 8,192       
layers.0.ffn.0.bias                                [128]                     128         
layers.0.ffn.3.weight                              [64, 128]                 8,192       
layers.0.ffn.3.bias                                [64]                      64          
layers.1.layer_summary_proj.weight                 [64, 128]                 8,192       
layers.1.router.0.weight                           [32, 128]                 4,096       
layers.1.router.0.bias                             [32]                      32          
layers.1.router.2.weight                           [2, 32]                   64          
layers.1.router.2.bias                             [2]                       2           
layers.1.time_expert.mha.in_proj_weight            [192, 64]                 12,288      
layers.1.time_expert.mha.out_proj.weight           [64, 64]                  4,096       
layers.1.factor_expert.mha.in_proj_weight          [192, 64]                 12,288      
layers.1.factor_expert.mha.out_proj.weight         [64, 64]                  4,096       
layers.1.norm1.weight                              [64]                      64          
layers.1.norm1.bias                                [64]                      64          
layers.1.norm2.weight                              [64]                      64          
layers.1.norm2.bias                                [64]                      64          
layers.1.ffn.0.weight                              [128, 64]                 8,192       
layers.1.ffn.0.bias                                [128]                     128         
layers.1.ffn.3.weight                              [64, 128]                 8,192       
layers.1.ffn.3.bias                                [64]                      64          
final_norm.weight                                  [64]                      64          
final_norm.bias                                    [64]                      64          
factor_pooling.attention_pool.query                [1, 1, 64]                64          
factor_pooling.attention_pool.mha.in_proj_weight   [192, 64]                 12,288      
factor_pooling.attention_pool.mha.out_proj.weight  [64, 64]                  4,096       
factor_pooling.attention_pool.norm.weight          [64]                      64          
factor_pooling.attention_pool.norm.bias            [64]                      64          
head.weight                                        [1, 64]                   64          
head.bias                                          [1]                       1           
================================================================================

>>> [Sanity] loss=1.485829 grad_norm=2.116e+01 score_std=3.353e-02 label_std=1.201e+00 x_last_std=8.868e-01

================================================================================
COMPLETE MODEL CONFIGURATION (Resolved)
================================================================================

--- Architecture ---
Parameter                           Value                          Description              
------------------------------------------------------------------------------------------
d_model                             64                             Hidden dimension         
n_heads                             4                              Attention heads          
n_layers                            2                              Number of layers         
d_ff                                128                            FFN dimension            
num_alphas                          158                            Number of factors (N)    
context_len                         8                              Sequence length (T)      
dropout                             0.1                            Dropout rate             
initializer_range                   0.02                           Weight init std          

--- Value Embedding ---
Parameter                           Value                          Description              
------------------------------------------------------------------------------------------
value_embedding_type                feature_tokenizer              Value embedding type     
feature_tokenizer_bias              [+] ON                         FT bias                  
feature_tokenizer_add_factor_id     [-] OFF                        FT add factor ID         
feature_tokenizer_init_std          0.02                           FT init std              

--- Loss & Training ---
Parameter                           Value                          Description              
------------------------------------------------------------------------------------------
main_loss                           mse                            Primary loss function    
loss_weights                        {'listmle': 1.0, 'mse': 1.0, 'ic': 1.0} Loss weight dict         
listmle_tau                         0.8                            ListMLE temperature      
rank_topk                           5                              RankNet top-k            
huber_delta                         1                              Huber delta              
mse_normalize                       [-] OFF                        MSE normalize flag       

--- Regime-Adaptive Time Embedding ---
Parameter                           Value                          Description              
------------------------------------------------------------------------------------------
use_regime_time_embedding           [+] ON                         Enable time embedding    
time_tau_min                        0.5                            Min tau (short memory)   
time_tau_max                        50                             Max tau (long memory)    
time_tau_init                       5                              Initial tau              
time_emb_init_std                   0.02                           Time emb init std        
time_decay_normalize                [+] ON                         Normalize decay weights  

--- Regime-Adaptive Factor Gate ---
Parameter                           Value                          Description              
------------------------------------------------------------------------------------------
use_regime_factor_gate              [+] ON                         Enable factor gate (FiLM)
factor_gate_scale                   1                              Gate scale (gamma range) 
factor_gate_shift_scale             0.2                            Gate shift scale (beta)  

--- MoE Router ---
Parameter                           Value                          Description              
------------------------------------------------------------------------------------------
router_mode                         learned                        Router mode              
router_noise                        0.01                           Logit noise std          
router_temperature                  1                              Softmax temperature      
router_z_loss_coef                  0.01                           Z-loss coefficient       
router_use_layer_summary            [+] ON                         Use layer summary token  

--- Feature Selection ---
Parameter                           Value                          Description              
------------------------------------------------------------------------------------------
use_feature_selection               [-] OFF                        Enable feature selection 
selection_reg_lambda                1e-05                          Sparsity regularization  
selection_temperature               0.1                            Gumbel temperature       
selection_noise_std                 0.5                            Selection noise std      

--- Positional Encoding ---
Parameter                           Value                          Description              
------------------------------------------------------------------------------------------
use_alibi                           [-] OFF                        Use ALiBi bias           

--- Regime Context Encoder ---
Parameter                           Value                          Description              
------------------------------------------------------------------------------------------
use_external_macro                  [+] ON                         Use external macro features
d_macro_input                       102                            Macro input dimension    
regime_macro_dropout                0.1                            Macro dropout            
regime_internal_mode                long                           Internal mode (short/long)
regime_internal_lag                 5                              Internal lag steps       
regime_internal_use_batch_stats     [-] OFF                        Use batch statistics     
regime_internal_tail_threshold      2                              Tail threshold           

--- Pooling ---
Parameter                           Value                          Description              
------------------------------------------------------------------------------------------
pooling_alpha                       0.7                            Attention vs mean weight 

--- Trainer Configuration ---
Parameter                           Value                          Description              
------------------------------------------------------------------------------------------
lr                                  5e-05                          Learning rate            
epochs                              25                             Number of epochs         
batch_size                          300                            Batch size (stocks/day)  
grad_accum_steps                    1                              Accumulate K days/step   
early_stop                          0                              Early stop patience      
train_stop_key                      loss_main                      Train stop metric key    
train_stop_threshold                None                           Train stop threshold     
min_epochs                          25                             Min epochs before stop   
consecutive_k                       999999                         Consecutive epochs to stop
use_warmup                          [+] ON                         Enable LR warmup         
warmup_config                       3723/74475 steps               Warmup steps/ratio       
total_steps                         74475                          Total training steps     
random_seed                         45                             Random seed              
num_workers                         0                              DataLoader workers       
label_dim                           1                              Label dimension          
market_state_path                   market_state_csi300.pkl        Market state file        
market_state_shift                  0                              Market state shift       
market_state_strict                 [+] ON                         Strict market state      
================================================================================

>>> [Train] epochs=25, stop=train_threshold(off, min_epochs=25, k=999999)
>>> [Warn] non-finite gradients detected (tensors=2, values=13); optimizer step skipped and excluded from grad_norm metrics.
| Train 01 | time_embedding_norm:0.159499 | time_embedding_to_value_norm_ratio:1.300611 | time_tau:5.001314 | time_half_life:3.466646 | time_tau_std:0.001814 | time_tau_p10:4.999449 | time_tau_p90:5.003081 | time_tau_range_util:0.000073 | film_gamma_strength:0.002645 | film_beta_strength:0.000565 | factor_gate_mean:1.000034 | factor_gate_std:0.000447 | factor_gate_entropy:0.944710 | factor_gate_topk_mass_5:0.096169 | factor_gate_topk_mass_10:0.173647 | router_layer_0_time_ratio:0.511877 | router_layer_0_factor_ratio:0.488123 | router_layer_0_collapse_ratio:0.000000 | router_layer_0_entropy_norm:0.997662 | router_layer_0_logit_margin:0.068734 | expert_layer_0_time_expert_norm:4.114042 | expert_layer_0_factor_expert_norm:5.210473 | expert_layer_0_time_contrib_norm:2.106108 | expert_layer_0_factor_contrib_norm:2.543187 | expert_layer_0_contrib_norm_ratio:0.843290 | expert_layer_0_expert_cosine:-0.014667 | expert_layer_0_time_winner_ratio:0.166312 | router_layer_1_time_ratio:0.510550 | router_layer_1_factor_ratio:0.489450 | router_layer_1_collapse_ratio:0.000000 | router_layer_1_entropy_norm:0.997730 | router_layer_1_logit_margin:0.066945 | expert_layer_1_time_expert_norm:4.074211 | expert_layer_1_factor_expert_norm:5.211338 | expert_layer_1_time_contrib_norm:2.083017 | expert_layer_1_factor_contrib_norm:2.549867 | expert_layer_1_contrib_norm_ratio:0.830716 | expert_layer_1_expert_cosine:-0.022982 | expert_layer_1_time_winner_ratio:0.151586 | loss_total:1.394710 | loss_main:1.392174 | loss_listmle:4.712764 | loss_mse:1.392174 | loss_ic:-0.040581 | loss_aux:0.002536 | loss_sparsity:0.000000 | valid_ratio:1.000000 | score_std:0.038907 | label_std:1.166669 | score_label_std_ratio:0.033610 | ic_pearson_batch:0.040582 | ic_raw:0.040582 | rank_ic_batch:0.042859 | rank_ic:0.042859 | gate_entropy:0.691550 | time_ratio:0.511214 | grad_nonfinite_tensors:2.000000 | grad_nonfinite_values:6.250000 | grad_norm:11.185249 | grad_norm_other:4.926946 | grad_norm_time_embedding:5.310280 | grad_norm_factor_film:0.009656 | grad_norm_regime_encoder:0.062500 | grad_norm_router:0.162105 | grad_norm_time_expert:1.044340 | grad_norm_factor_expert:2.560000 | grad_norm_pooling_head:8.011165 | optimizer_steps:2975.000000 | grad_attempt_steps:2979.000000 | grad_skipped_steps:4.000000 | grad_nonfinite_steps:4.000000 | grad_skipped_rate:0.001343 | grad_nonfinite_rate:0.001343 | lr:0.000040 | sampler_epoch:0.000000 | sampler_num_days:2979.000000 | sampler_num_batches:2979.000000 | sampler_batch_size:300.000000 | sampler_total_source_samples:856246.000000 | sampler_total_draws:893700.000000 | sampler_unique_samples:566572.000000 | sampler_coverage_ratio:0.661693 | sampler_coverage_gap_vs_full:0.338307 | sampler_duplicate_draws:327128.000000 | sampler_duplicate_rate:0.366038 | sampler_downsample_days:0.000000 | sampler_upsample_days:2877.000000 | sampler_exact_days:102.000000 | sampler_downsample_day_ratio:0.000000 | sampler_upsample_day_ratio:0.965760
| Valid 01 | time_embedding_norm:0.157927 | time_embedding_to_value_norm_ratio:1.256105 | time_tau:4.999920 | time_half_life:3.465681 | time_tau_std:0.000000 | time_tau_p10:4.999920 | time_tau_p90:4.999920 | time_tau_range_util:0.000000 | film_gamma_strength:0.012645 | film_beta_strength:0.002042 | factor_gate_mean:1.000680 | factor_gate_std:0.002065 | factor_gate_entropy:0.948846 | factor_gate_topk_mass_5:0.093244 | factor_gate_topk_mass_10:0.168105 | router_layer_0_time_ratio:0.517122 | router_layer_0_factor_ratio:0.482878 | router_layer_0_collapse_ratio:0.000000 | router_layer_0_entropy_norm:0.993783 | router_layer_0_logit_margin:0.152897 | expert_layer_0_time_expert_norm:4.216632 | expert_layer_0_factor_expert_norm:5.401466 | expert_layer_0_time_contrib_norm:2.179892 | expert_layer_0_factor_contrib_norm:2.608907 | expert_layer_0_contrib_norm_ratio:0.859117 | expert_layer_0_expert_cosine:-0.019285 | expert_layer_0_time_winner_ratio:0.223230 | router_layer_1_time_ratio:0.559009 | router_layer_1_factor_ratio:0.440991 | router_layer_1_collapse_ratio:0.000000 | router_layer_1_entropy_norm:0.983797 | router_layer_1_logit_margin:0.264931 | expert_layer_1_time_expert_norm:5.107258 | expert_layer_1_factor_expert_norm:5.766013 | expert_layer_1_time_contrib_norm:2.858877 | expert_layer_1_factor_contrib_norm:2.539442 | expert_layer_1_contrib_norm_ratio:1.152120 | expert_layer_1_expert_cosine:0.001669 | expert_layer_1_time_winner_ratio:0.713549 | loss_total:0.048111 | loss_main:0.048083 | loss_listmle:4.722907 | loss_mse:0.048083 | loss_ic:-0.032304 | loss_aux:0.000028 | loss_sparsity:0.000000 | valid_ratio:1.000000 | score_std:0.092439 | label_std:0.045755 | score_label_std_ratio:2.091711 | gate_entropy:0.685377 | time_ratio:0.538065 | ic_pearson_daily:0.032313 | rank_ic_daily:0.022720 | ic_raw:0.032313 | rank_ic:0.022720
| Train 02 | time_embedding_norm:0.155384 | time_embedding_to_value_norm_ratio:1.197979 | time_tau:4.999935 | time_half_life:3.465691 | time_tau_std:0.001664 | time_tau_p10:4.998322 | time_tau_p90:5.001512 | time_tau_range_util:0.000064 | film_gamma_strength:0.025884 | film_beta_strength:0.002838 | factor_gate_mean:1.000238 | factor_gate_std:0.004546 | factor_gate_entropy:0.946564 | factor_gate_topk_mass_5:0.100391 | factor_gate_topk_mass_10:0.177618 | router_layer_0_time_ratio:0.563570 | router_layer_0_factor_ratio:0.436430 | router_layer_0_collapse_ratio:0.000000 | router_layer_0_entropy_norm:0.975030 | router_layer_0_logit_margin:0.300290 | expert_layer_0_time_expert_norm:4.750733 | expert_layer_0_factor_expert_norm:4.942030 | expert_layer_0_time_contrib_norm:2.685960 | expert_layer_0_factor_contrib_norm:2.159823 | expert_layer_0_contrib_norm_ratio:1.330250 | expert_layer_0_expert_cosine:-0.023124 | expert_layer_0_time_winner_ratio:0.688535 | router_layer_1_time_ratio:0.549992 | router_layer_1_factor_ratio:0.450008 | router_layer_1_collapse_ratio:0.000000 | router_layer_1_entropy_norm:0.973806 | router_layer_1_logit_margin:0.333629 | expert_layer_1_time_expert_norm:6.359976 | expert_layer_1_factor_expert_norm:4.983982 | expert_layer_1_time_contrib_norm:3.512831 | expert_layer_1_factor_contrib_norm:2.238449 | expert_layer_1_contrib_norm_ratio:1.714896 | expert_layer_1_expert_cosine:0.001222 | expert_layer_1_time_winner_ratio:0.797855 | loss_total:1.385650 | loss_main:1.385633 | loss_listmle:4.710160 | loss_mse:1.385633 | loss_ic:-0.084711 | loss_aux:0.000017 | loss_sparsity:0.000000 | valid_ratio:1.000000 | score_std:0.075553 | label_std:1.165067 | score_label_std_ratio:0.065400 | ic_pearson_batch:0.084712 | ic_raw:0.084712 | rank_ic_batch:0.088127 | rank_ic:0.088127 | gate_entropy:0.675415 | time_ratio:0.556781 | grad_norm:7.557788 | grad_norm_other:2.501518 | grad_norm_time_embedding:4.316428 | grad_norm_factor_film:0.026284 | grad_norm_regime_encoder:0.188341 | grad_norm_router:0.365915 | grad_norm_time_expert:0.770360 | grad_norm_factor_expert:1.319852 | grad_norm_pooling_head:5.381070 | optimizer_steps:2979.000000 | grad_attempt_steps:2979.000000 | grad_skipped_steps:0.000000 | grad_nonfinite_steps:0.000000 | grad_skipped_rate:0.000000 | grad_nonfinite_rate:0.000000 | lr:0.000050 | sampler_epoch:1.000000 | sampler_num_days:2979.000000 | sampler_num_batches:2979.000000 | sampler_batch_size:300.000000 | sampler_total_source_samples:856246.000000 | sampler_total_draws:893700.000000 | sampler_unique_samples:566781.000000 | sampler_coverage_ratio:0.661937 | sampler_coverage_gap_vs_full:0.338063 | sampler_duplicate_draws:326919.000000 | sampler_duplicate_rate:0.365804 | sampler_downsample_days:0.000000 | sampler_upsample_days:2877.000000 | sampler_exact_days:102.000000 | sampler_downsample_day_ratio:0.000000 | sampler_upsample_day_ratio:0.965760
| Valid 02 | time_embedding_norm:0.152061 | time_embedding_to_value_norm_ratio:1.117177 | time_tau:4.993921 | time_half_life:3.461522 | time_tau_std:0.000000 | time_tau_p10:4.993921 | time_tau_p90:4.993921 | time_tau_range_util:0.000000 | film_gamma_strength:0.034170 | film_beta_strength:0.003372 | factor_gate_mean:1.001909 | factor_gate_std:0.006249 | factor_gate_entropy:0.942241 | factor_gate_topk_mass_5:0.107723 | factor_gate_topk_mass_10:0.187176 | router_layer_0_time_ratio:0.614953 | router_layer_0_factor_ratio:0.385047 | router_layer_0_collapse_ratio:0.000000 | router_layer_0_entropy_norm:0.950959 | router_layer_0_logit_margin:0.475978 | expert_layer_0_time_expert_norm:6.392559 | expert_layer_0_factor_expert_norm:4.994858 | expert_layer_0_time_contrib_norm:3.926931 | expert_layer_0_factor_contrib_norm:1.925133 | expert_layer_0_contrib_norm_ratio:2.144608 | expert_layer_0_expert_cosine:-0.026122 | expert_layer_0_time_winner_ratio:1.000000 | router_layer_1_time_ratio:0.629316 | router_layer_1_factor_ratio:0.370684 | router_layer_1_collapse_ratio:0.000000 | router_layer_1_entropy_norm:0.936774 | router_layer_1_logit_margin:0.560686 | expert_layer_1_time_expert_norm:12.184167 | expert_layer_1_factor_expert_norm:4.335357 | expert_layer_1_time_contrib_norm:7.656523 | expert_layer_1_factor_contrib_norm:1.600622 | expert_layer_1_contrib_norm_ratio:4.968286 | expert_layer_1_expert_cosine:0.013407 | expert_layer_1_time_winner_ratio:1.000000 | loss_total:0.041030 | loss_main:0.041000 | loss_listmle:4.713339 | loss_mse:0.041000 | loss_ic:-0.050867 | loss_aux:0.000029 | loss_sparsity:0.000000 | valid_ratio:1.000000 | score_std:0.077578 | label_std:0.045755 | score_label_std_ratio:1.761275 | gate_entropy:0.654239 | time_ratio:0.622134 | ic_pearson_daily:0.050882 | rank_ic_daily:0.053658 | ic_raw:0.050882 | rank_ic:0.053658
| Train 03 | time_embedding_norm:0.149726 | time_embedding_to_value_norm_ratio:1.077406 | time_tau:5.002929 | time_half_life:3.467766 | time_tau_std:0.002319 | time_tau_p10:5.000433 | time_tau_p90:5.005475 | time_tau_range_util:0.000102 | film_gamma_strength:0.044039 | film_beta_strength:0.003970 | factor_gate_mean:1.000311 | factor_gate_std:0.008506 | factor_gate_entropy:0.937259 | factor_gate_topk_mass_5:0.108643 | factor_gate_topk_mass_10:0.193438 | router_layer_0_time_ratio:0.622550 | router_layer_0_factor_ratio:0.377450 | router_layer_0_collapse_ratio:0.000000 | router_layer_0_entropy_norm:0.932649 | router_layer_0_logit_margin:0.541545 | expert_layer_0_time_expert_norm:6.625432 | expert_layer_0_factor_expert_norm:4.751076 | expert_layer_0_time_contrib_norm:4.115193 | expert_layer_0_factor_contrib_norm:1.793495 | expert_layer_0_contrib_norm_ratio:2.516260 | expert_layer_0_expert_cosine:-0.026457 | expert_layer_0_time_winner_ratio:0.994794 | router_layer_1_time_ratio:0.589493 | router_layer_1_factor_ratio:0.410507 | router_layer_1_collapse_ratio:0.000000 | router_layer_1_entropy_norm:0.941803 | router_layer_1_logit_margin:0.513076 | expert_layer_1_time_expert_norm:12.205080 | expert_layer_1_factor_expert_norm:4.153687 | expert_layer_1_time_contrib_norm:7.178941 | expert_layer_1_factor_contrib_norm:1.692945 | expert_layer_1_contrib_norm_ratio:4.662069 | expert_layer_1_expert_cosine:0.002651 | expert_layer_1_time_winner_ratio:1.000000 | loss_total:1.381638 | loss_main:1.381621 | loss_listmle:4.708490 | loss_mse:1.381621 | loss_ic:-0.101993 | loss_aux:0.000017 | loss_sparsity:0.000000 | valid_ratio:1.000000 | score_std:0.099077 | label_std:1.166656 | score_label_std_ratio:0.085725 | ic_pearson_batch:0.101994 | ic_raw:0.101994 | rank_ic_batch:0.104434 | rank_ic:0.104434 | gate_entropy:0.649636 | time_ratio:0.606021 | grad_norm:5.847636 | grad_norm_other:1.713014 | grad_norm_time_embedding:3.933846 | grad_norm_factor_film:0.038124 | grad_norm_regime_encoder:0.229217 | grad_norm_router:0.321823 | grad_norm_time_expert:0.660904 | grad_norm_factor_expert:0.797225 | grad_norm_pooling_head:3.726895 | grad_nonfinite_tensors:4.000000 | grad_nonfinite_values:61.000000 | optimizer_steps:2978.000000 | grad_attempt_steps:2979.000000 | grad_skipped_steps:1.000000 | grad_nonfinite_steps:1.000000 | grad_skipped_rate:0.000336 | grad_nonfinite_rate:0.000336 | lr:0.000049 | sampler_epoch:2.000000 | sampler_num_days:2979.000000 | sampler_num_batches:2979.000000 | sampler_batch_size:300.000000 | sampler_total_source_samples:856246.000000 | sampler_total_draws:893700.000000 | sampler_unique_samples:566623.000000 | sampler_coverage_ratio:0.661753 | sampler_coverage_gap_vs_full:0.338247 | sampler_duplicate_draws:327077.000000 | sampler_duplicate_rate:0.365981 | sampler_downsample_days:0.000000 | sampler_upsample_days:2877.000000 | sampler_exact_days:102.000000 | sampler_downsample_day_ratio:0.000000 | sampler_upsample_day_ratio:0.965760
| Valid 03 | time_embedding_norm:0.147184 | time_embedding_to_value_norm_ratio:1.026052 | time_tau:5.012344 | time_half_life:3.474292 | time_tau_std:0.000000 | time_tau_p10:5.012344 | time_tau_p90:5.012344 | time_tau_range_util:0.000000 | film_gamma_strength:0.043731 | film_beta_strength:0.004946 | factor_gate_mean:1.002128 | factor_gate_std:0.008520 | factor_gate_entropy:0.938328 | factor_gate_topk_mass_5:0.107098 | factor_gate_topk_mass_10:0.190949 | router_layer_0_time_ratio:0.595200 | router_layer_0_factor_ratio:0.404800 | router_layer_0_collapse_ratio:0.000000 | router_layer_0_entropy_norm:0.939956 | router_layer_0_logit_margin:0.476271 | expert_layer_0_time_expert_norm:7.483705 | expert_layer_0_factor_expert_norm:5.099050 | expert_layer_0_time_contrib_norm:4.445556 | expert_layer_0_factor_contrib_norm:2.066162 | expert_layer_0_contrib_norm_ratio:2.456505 | expert_layer_0_expert_cosine:-0.033506 | expert_layer_0_time_winner_ratio:0.990068 | router_layer_1_time_ratio:0.662729 | router_layer_1_factor_ratio:0.337271 | router_layer_1_collapse_ratio:0.000000 | router_layer_1_entropy_norm:0.893630 | router_layer_1_logit_margin:0.743114 | expert_layer_1_time_expert_norm:15.495380 | expert_layer_1_factor_expert_norm:4.293718 | expert_layer_1_time_contrib_norm:10.224238 | expert_layer_1_factor_contrib_norm:1.429271 | expert_layer_1_contrib_norm_ratio:7.648218 | expert_layer_1_expert_cosine:-0.015400 | expert_layer_1_time_winner_ratio:1.000000 | loss_total:0.031492 | loss_main:0.031479 | loss_listmle:4.723724 | loss_mse:0.031479 | loss_ic:-0.045736 | loss_aux:0.000013 | loss_sparsity:0.000000 | valid_ratio:1.000000 | score_std:0.148591 | label_std:0.045755 | score_label_std_ratio:3.355825 | gate_entropy:0.635473 | time_ratio:0.628965 | ic_pearson_daily:0.045745 | rank_ic_daily:0.048898 | ic_raw:0.045745 | rank_ic:0.048898
| Train 04 | time_embedding_norm:0.144786 | time_embedding_to_value_norm_ratio:0.995564 | time_tau:5.006458 | time_half_life:3.470212 | time_tau_std:0.003894 | time_tau_p10:5.001851 | time_tau_p90:5.011078 | time_tau_range_util:0.000186 | film_gamma_strength:0.053273 | film_beta_strength:0.004758 | factor_gate_mean:1.000069 | factor_gate_std:0.010944 | factor_gate_entropy:0.940758 | factor_gate_topk_mass_5:0.104514 | factor_gate_topk_mass_10:0.187275 | router_layer_0_time_ratio:0.631823 | router_layer_0_factor_ratio:0.368177 | router_layer_0_collapse_ratio:0.000000 | router_layer_0_entropy_norm:0.913481 | router_layer_0_logit_margin:0.621028 | expert_layer_0_time_expert_norm:7.863776 | expert_layer_0_factor_expert_norm:4.787629 | expert_layer_0_time_contrib_norm:4.960545 | expert_layer_0_factor_contrib_norm:1.760235 | expert_layer_0_contrib_norm_ratio:3.223146 | expert_layer_0_expert_cosine:-0.024608 | expert_layer_0_time_winner_ratio:0.997073 | router_layer_1_time_ratio:0.625690 | router_layer_1_factor_ratio:0.374310 | router_layer_1_collapse_ratio:0.000000 | router_layer_1_entropy_norm:0.902011 | router_layer_1_logit_margin:0.689646 | expert_layer_1_time_expert_norm:17.796004 | expert_layer_1_factor_expert_norm:4.350760 | expert_layer_1_time_contrib_norm:11.108657 | expert_layer_1_factor_contrib_norm:1.610314 | expert_layer_1_contrib_norm_ratio:8.042938 | expert_layer_1_expert_cosine:-0.026774 | expert_layer_1_time_winner_ratio:1.000000 | loss_total:1.377199 | loss_main:1.377180 | loss_listmle:4.707512 | loss_mse:1.377180 | loss_ic:-0.113811 | loss_aux:0.000019 | loss_sparsity:0.000000 | valid_ratio:1.000000 | score_std:0.115597 | label_std:1.167125 | score_label_std_ratio:0.100045 | ic_pearson_batch:0.113813 | ic_raw:0.113813 | rank_ic_batch:0.115441 | rank_ic:0.115441 | gate_entropy:0.629202 | time_ratio:0.628757 | grad_norm:5.300735 | grad_norm_other:1.549231 | grad_norm_time_embedding:3.845048 | grad_norm_factor_film:0.047173 | grad_norm_regime_encoder:0.283978 | grad_norm_router:0.374767 | grad_norm_time_expert:0.620101 | grad_norm_factor_expert:0.647832 | grad_norm_pooling_head:3.010262 | grad_nonfinite_tensors:1.500000 | grad_nonfinite_values:3.000000 | optimizer_steps:2977.000000 | grad_attempt_steps:2979.000000 | grad_skipped_steps:2.000000 | grad_nonfinite_steps:2.000000 | grad_skipped_rate:0.000671 | grad_nonfinite_rate:0.000671 | lr:0.000048 | sampler_epoch:3.000000 | sampler_num_days:2979.000000 | sampler_num_batches:2979.000000 | sampler_batch_size:300.000000 | sampler_total_source_samples:856246.000000 | sampler_total_draws:893700.000000 | sampler_unique_samples:566467.000000 | sampler_coverage_ratio:0.661570 | sampler_coverage_gap_vs_full:0.338430 | sampler_duplicate_draws:327233.000000 | sampler_duplicate_rate:0.366155 | sampler_downsample_days:0.000000 | sampler_upsample_days:2877.000000 | sampler_exact_days:102.000000 | sampler_downsample_day_ratio:0.000000 | sampler_upsample_day_ratio:0.965760
| Valid 04 | time_embedding_norm:0.142745 | time_embedding_to_value_norm_ratio:0.958648 | time_tau:5.008176 | time_half_life:3.471403 | time_tau_std:0.000000 | time_tau_p10:5.008175 | time_tau_p90:5.008175 | time_tau_range_util:0.000000 | film_gamma_strength:0.052664 | film_beta_strength:0.005082 | factor_gate_mean:1.001261 | factor_gate_std:0.011070 | factor_gate_entropy:0.941233 | factor_gate_topk_mass_5:0.102997 | factor_gate_topk_mass_10:0.185198 | router_layer_0_time_ratio:0.653672 | router_layer_0_factor_ratio:0.346328 | router_layer_0_collapse_ratio:0.000000 | router_layer_0_entropy_norm:0.901056 | router_layer_0_logit_margin:0.677802 | expert_layer_0_time_expert_norm:8.769210 | expert_layer_0_factor_expert_norm:5.030943 | expert_layer_0_time_contrib_norm:5.724340 | expert_layer_0_factor_contrib_norm:1.741598 | expert_layer_0_contrib_norm_ratio:3.717190 | expert_layer_0_expert_cosine:-0.023534 | expert_layer_0_time_winner_ratio:0.999978 | router_layer_1_time_ratio:0.705892 | router_layer_1_factor_ratio:0.294108 | router_layer_1_collapse_ratio:0.000000 | router_layer_1_entropy_norm:0.842796 | router_layer_1_logit_margin:0.947682 | expert_layer_1_time_expert_norm:19.416577 | expert_layer_1_factor_expert_norm:4.778330 | expert_layer_1_time_contrib_norm:13.691034 | expert_layer_1_factor_contrib_norm:1.392913 | expert_layer_1_contrib_norm_ratio:10.809363 | expert_layer_1_expert_cosine:-0.031375 | expert_layer_1_time_winner_ratio:1.000000 | loss_total:0.030186 | loss_main:0.030173 | loss_listmle:4.717444 | loss_mse:0.030173 | loss_ic:-0.052965 | loss_aux:0.000013 | loss_sparsity:0.000000 | valid_ratio:1.000000 | score_std:0.134230 | label_std:0.045755 | score_label_std_ratio:3.032786 | gate_entropy:0.604373 | time_ratio:0.679782 | ic_pearson_daily:0.052973 | rank_ic_daily:0.056176 | ic_raw:0.052973 | rank_ic:0.056176
| Train 05 | time_embedding_norm:0.141292 | time_embedding_to_value_norm_ratio:0.939323 | time_tau:5.013465 | time_half_life:3.475069 | time_tau_std:0.005203 | time_tau_p10:5.007128 | time_tau_p90:5.019830 | time_tau_range_util:0.000257 | film_gamma_strength:0.054821 | film_beta_strength:0.005478 | factor_gate_mean:0.999823 | factor_gate_std:0.011743 | factor_gate_entropy:0.941586 | factor_gate_topk_mass_5:0.099152 | factor_gate_topk_mass_10:0.180471 | router_layer_0_time_ratio:0.613838 | router_layer_0_factor_ratio:0.386162 | router_layer_0_collapse_ratio:0.000000 | router_layer_0_entropy_norm:0.928172 | router_layer_0_logit_margin:0.561651 | expert_layer_0_time_expert_norm:8.678095 | expert_layer_0_factor_expert_norm:4.952490 | expert_layer_0_time_contrib_norm:5.320112 | expert_layer_0_factor_contrib_norm:1.908391 | expert_layer_0_contrib_norm_ratio:3.151655 | expert_layer_0_expert_cosine:-0.022607 | expert_layer_0_time_winner_ratio:0.995559 | router_layer_1_time_ratio:0.660664 | router_layer_1_factor_ratio:0.339336 | router_layer_1_collapse_ratio:0.000000 | router_layer_1_entropy_norm:0.869924 | router_layer_1_logit_margin:0.815757 | expert_layer_1_time_expert_norm:19.391407 | expert_layer_1_factor_expert_norm:5.643510 | expert_layer_1_time_contrib_norm:12.783494 | expert_layer_1_factor_contrib_norm:1.892015 | expert_layer_1_contrib_norm_ratio:8.058054 | expert_layer_1_expert_cosine:-0.054186 | expert_layer_1_time_winner_ratio:1.000000 | loss_total:1.370115 | loss_main:1.370090 | loss_listmle:4.706582 | loss_mse:1.370090 | loss_ic:-0.121002 | loss_aux:0.000025 | loss_sparsity:0.000000 | valid_ratio:1.000000 | score_std:0.123760 | label_std:1.165639 | score_label_std_ratio:0.107207 | ic_pearson_batch:0.121005 | ic_raw:0.121005 | rank_ic_batch:0.121811 | rank_ic:0.121811 | gate_entropy:0.623172 | time_ratio:0.637251 | grad_norm:5.254451 | grad_norm_other:1.484576 | grad_norm_time_embedding:4.069773 | grad_norm_factor_film:0.053241 | grad_norm_regime_encoder:0.360075 | grad_norm_router:0.448899 | grad_norm_time_expert:0.556999 | grad_norm_factor_expert:0.642759 | grad_norm_pooling_head:2.614349 | grad_nonfinite_tensors:1.000000 | grad_nonfinite_values:2.000000 | optimizer_steps:2978.000000 | grad_attempt_steps:2979.000000 | grad_skipped_steps:1.000000 | grad_nonfinite_steps:1.000000 | grad_skipped_rate:0.000336 | grad_nonfinite_rate:0.000336 | lr:0.000047 | sampler_epoch:4.000000 | sampler_num_days:2979.000000 | sampler_num_batches:2979.000000 | sampler_batch_size:300.000000 | sampler_total_source_samples:856246.000000 | sampler_total_draws:893700.000000 | sampler_unique_samples:566345.000000 | sampler_coverage_ratio:0.661428 | sampler_coverage_gap_vs_full:0.338572 | sampler_duplicate_draws:327355.000000 | sampler_duplicate_rate:0.366292 | sampler_downsample_days:0.000000 | sampler_upsample_days:2877.000000 | sampler_exact_days:102.000000 | sampler_downsample_day_ratio:0.000000 | sampler_upsample_day_ratio:0.965760
| Valid 05 | time_embedding_norm:0.139215 | time_embedding_to_value_norm_ratio:0.906527 | time_tau:5.014395 | time_half_life:3.475714 | time_tau_std:0.000000 | time_tau_p10:5.014395 | time_tau_p90:5.014395 | time_tau_range_util:0.000000 | film_gamma_strength:0.049598 | film_beta_strength:0.005816 | factor_gate_mean:1.000755 | factor_gate_std:0.010821 | factor_gate_entropy:0.943048 | factor_gate_topk_mass_5:0.094562 | factor_gate_topk_mass_10:0.174893 | router_layer_0_time_ratio:0.643871 | router_layer_0_factor_ratio:0.356129 | router_layer_0_collapse_ratio:0.000000 | router_layer_0_entropy_norm:0.913527 | router_layer_0_logit_margin:0.635613 | expert_layer_0_time_expert_norm:9.652991 | expert_layer_0_factor_expert_norm:5.157382 | expert_layer_0_time_contrib_norm:6.209696 | expert_layer_0_factor_contrib_norm:1.835367 | expert_layer_0_contrib_norm_ratio:3.758766 | expert_layer_0_expert_cosine:-0.016156 | expert_layer_0_time_winner_ratio:0.999874 | router_layer_1_time_ratio:0.712218 | router_layer_1_factor_ratio:0.287782 | router_layer_1_collapse_ratio:0.000000 | router_layer_1_entropy_norm:0.830624 | router_layer_1_logit_margin:0.990663 | expert_layer_1_time_expert_norm:21.937004 | expert_layer_1_factor_expert_norm:5.835085 | expert_layer_1_time_contrib_norm:15.607205 | expert_layer_1_factor_contrib_norm:1.657603 | expert_layer_1_contrib_norm_ratio:10.511740 | expert_layer_1_expert_cosine:-0.117544 | expert_layer_1_time_winner_ratio:1.000000 | loss_total:0.030704 | loss_main:0.030650 | loss_listmle:4.717983 | loss_mse:0.030650 | loss_ic:-0.052358 | loss_aux:0.000054 | loss_sparsity:0.000000 | valid_ratio:1.000000 | score_std:0.155244 | label_std:0.045755 | score_label_std_ratio:3.505282 | gate_entropy:0.604477 | time_ratio:0.678045 | ic_pearson_daily:0.052365 | rank_ic_daily:0.060417 | ic_raw:0.052365 | rank_ic:0.060417
| Train 06 | time_embedding_norm:0.137872 | time_embedding_to_value_norm_ratio:0.890406 | time_tau:5.018272 | time_half_life:3.478401 | time_tau_std:0.006020 | time_tau_p10:5.010897 | time_tau_p90:5.025658 | time_tau_range_util:0.000298 | film_gamma_strength:0.058752 | film_beta_strength:0.006064 | factor_gate_mean:0.999659 | factor_gate_std:0.013220 | factor_gate_entropy:0.943259 | factor_gate_topk_mass_5:0.094469 | factor_gate_topk_mass_10:0.174539 | router_layer_0_time_ratio:0.612180 | router_layer_0_factor_ratio:0.387820 | router_layer_0_collapse_ratio:0.000000 | router_layer_0_entropy_norm:0.926291 | router_layer_0_logit_margin:0.569137 | expert_layer_0_time_expert_norm:9.684840 | expert_layer_0_factor_expert_norm:4.970803 | expert_layer_0_time_contrib_norm:5.924595 | expert_layer_0_factor_contrib_norm:1.925962 | expert_layer_0_contrib_norm_ratio:3.529821 | expert_layer_0_expert_cosine:-0.022997 | expert_layer_0_time_winner_ratio:0.996873 | router_layer_1_time_ratio:0.682340 | router_layer_1_factor_ratio:0.317660 | router_layer_1_collapse_ratio:0.000000 | router_layer_1_entropy_norm:0.843868 | router_layer_1_logit_margin:0.907439 | expert_layer_1_time_expert_norm:22.498077 | expert_layer_1_factor_expert_norm:7.093444 | expert_layer_1_time_contrib_norm:15.339272 | expert_layer_1_factor_contrib_norm:2.205138 | expert_layer_1_contrib_norm_ratio:8.474263 | expert_layer_1_expert_cosine:-0.059699 | expert_layer_1_time_winner_ratio:0.999993 | loss_total:1.370026 | loss_main:1.369990 | loss_listmle:4.704773 | loss_mse:1.369990 | loss_ic:-0.126269 | loss_aux:0.000036 | loss_sparsity:0.000000 | valid_ratio:1.000000 | score_std:0.133955 | label_std:1.166157 | score_label_std_ratio:0.116060 | ic_pearson_batch:0.126270 | ic_raw:0.126270 | rank_ic_batch:0.127943 | rank_ic:0.127943 | gate_entropy:0.613490 | time_ratio:0.647260 | grad_norm:5.299881 | grad_norm_other:1.533347 | grad_norm_time_embedding:4.106360 | grad_norm_factor_film:0.060739 | grad_norm_regime_encoder:0.412906 | grad_norm_router:0.498338 | grad_norm_time_expert:0.554065 | grad_norm_factor_expert:0.606812 | grad_norm_pooling_head:2.568582 | grad_nonfinite_tensors:3.000000 | grad_nonfinite_values:13.000000 | optimizer_steps:2978.000000 | grad_attempt_steps:2979.000000 | grad_skipped_steps:1.000000 | grad_nonfinite_steps:1.000000 | grad_skipped_rate:0.000336 | grad_nonfinite_rate:0.000336 | lr:0.000045 | sampler_epoch:5.000000 | sampler_num_days:2979.000000 | sampler_num_batches:2979.000000 | sampler_batch_size:300.000000 | sampler_total_source_samples:856246.000000 | sampler_total_draws:893700.000000 | sampler_unique_samples:566325.000000 | sampler_coverage_ratio:0.661405 | sampler_coverage_gap_vs_full:0.338595 | sampler_duplicate_draws:327375.000000 | sampler_duplicate_rate:0.366314 | sampler_downsample_days:0.000000 | sampler_upsample_days:2877.000000 | sampler_exact_days:102.000000 | sampler_downsample_day_ratio:0.000000 | sampler_upsample_day_ratio:0.965760
| Valid 06 | time_embedding_norm:0.137046 | time_embedding_to_value_norm_ratio:0.870013 | time_tau:5.019078 | time_half_life:3.478960 | time_tau_std:0.000000 | time_tau_p10:5.019078 | time_tau_p90:5.019078 | time_tau_range_util:0.000000 | film_gamma_strength:0.055117 | film_beta_strength:0.006133 | factor_gate_mean:1.001224 | factor_gate_std:0.012831 | factor_gate_entropy:0.943443 | factor_gate_topk_mass_5:0.095068 | factor_gate_topk_mass_10:0.174248 | router_layer_0_time_ratio:0.648240 | router_layer_0_factor_ratio:0.351760 | router_layer_0_collapse_ratio:0.000000 | router_layer_0_entropy_norm:0.910018 | router_layer_0_logit_margin:0.651598 | expert_layer_0_time_expert_norm:10.697182 | expert_layer_0_factor_expert_norm:5.199287 | expert_layer_0_time_contrib_norm:6.931201 | expert_layer_0_factor_contrib_norm:1.828845 | expert_layer_0_contrib_norm_ratio:4.221251 | expert_layer_0_expert_cosine:-0.031606 | expert_layer_0_time_winner_ratio:0.999995 | router_layer_1_time_ratio:0.747348 | router_layer_1_factor_ratio:0.252652 | router_layer_1_collapse_ratio:0.000000 | router_layer_1_entropy_norm:0.785974 | router_layer_1_logit_margin:1.147911 | expert_layer_1_time_expert_norm:23.096292 | expert_layer_1_factor_expert_norm:7.843859 | expert_layer_1_time_contrib_norm:17.265310 | expert_layer_1_factor_contrib_norm:1.960732 | expert_layer_1_contrib_norm_ratio:9.850104 | expert_layer_1_expert_cosine:-0.052079 | expert_layer_1_time_winner_ratio:1.000000 | loss_total:0.030768 | loss_main:0.030755 | loss_listmle:4.717916 | loss_mse:0.030755 | loss_ic:-0.053332 | loss_aux:0.000013 | loss_sparsity:0.000000 | valid_ratio:1.000000 | score_std:0.135643 | label_std:0.045755 | score_label_std_ratio:3.065644 | gate_entropy:0.587786 | time_ratio:0.697794 | ic_pearson_daily:0.053342 | rank_ic_daily:0.058991 | ic_raw:0.053342 | rank_ic:0.058991
| Train 07 | time_embedding_norm:0.136022 | time_embedding_to_value_norm_ratio:0.858095 | time_tau:5.020840 | time_half_life:3.480181 | time_tau_std:0.006088 | time_tau_p10:5.013412 | time_tau_p90:5.028273 | time_tau_range_util:0.000300 | film_gamma_strength:0.060534 | film_beta_strength:0.006419 | factor_gate_mean:0.999702 | factor_gate_std:0.014197 | factor_gate_entropy:0.945865 | factor_gate_topk_mass_5:0.093751 | factor_gate_topk_mass_10:0.172205 | router_layer_0_time_ratio:0.604019 | router_layer_0_factor_ratio:0.395981 | router_layer_0_collapse_ratio:0.000000 | router_layer_0_entropy_norm:0.930661 | router_layer_0_logit_margin:0.544453 | expert_layer_0_time_expert_norm:10.400582 | expert_layer_0_factor_expert_norm:5.178740 | expert_layer_0_time_contrib_norm:6.280365 | expert_layer_0_factor_contrib_norm:2.048121 | expert_layer_0_contrib_norm_ratio:3.540830 | expert_layer_0_expert_cosine:-0.029128 | expert_layer_0_time_winner_ratio:0.996927 | router_layer_1_time_ratio:0.684000 | router_layer_1_factor_ratio:0.316000 | router_layer_1_collapse_ratio:0.000000 | router_layer_1_entropy_norm:0.840726 | router_layer_1_logit_margin:0.919410 | expert_layer_1_time_expert_norm:23.453934 | expert_layer_1_factor_expert_norm:8.486551 | expert_layer_1_time_contrib_norm:16.033107 | expert_layer_1_factor_contrib_norm:2.622388 | expert_layer_1_contrib_norm_ratio:7.584589 | expert_layer_1_expert_cosine:-0.031649 | expert_layer_1_time_winner_ratio:0.999300 | loss_total:1.366568 | loss_main:1.366525 | loss_listmle:4.705386 | loss_mse:1.366525 | loss_ic:-0.129541 | loss_aux:0.000043 | loss_sparsity:0.000000 | valid_ratio:1.000000 | score_std:0.137241 | label_std:1.165976 | score_label_std_ratio:0.118901 | ic_pearson_batch:0.129542 | ic_raw:0.129542 | rank_ic_batch:0.129777 | rank_ic:0.129777 | gate_entropy:0.613916 | time_ratio:0.644009 | grad_norm:4.960672 | grad_norm_other:1.461313 | grad_norm_time_embedding:3.828484 | grad_norm_factor_film:0.062375 | grad_norm_regime_encoder:0.439407 | grad_norm_router:0.516370 | grad_norm_time_expert:0.511507 | grad_norm_factor_expert:0.569113 | grad_norm_pooling_head:2.368247 | grad_nonfinite_tensors:1.000000 | grad_nonfinite_values:2.000000 | optimizer_steps:2978.000000 | grad_attempt_steps:2979.000000 | grad_skipped_steps:1.000000 | grad_nonfinite_steps:1.000000 | grad_skipped_rate:0.000336 | grad_nonfinite_rate:0.000336 | lr:0.000043 | sampler_epoch:6.000000 | sampler_num_days:2979.000000 | sampler_num_batches:2979.000000 | sampler_batch_size:300.000000 | sampler_total_source_samples:856246.000000 | sampler_total_draws:893700.000000 | sampler_unique_samples:566350.000000 | sampler_coverage_ratio:0.661434 | sampler_coverage_gap_vs_full:0.338566 | sampler_duplicate_draws:327350.000000 | sampler_duplicate_rate:0.366286 | sampler_downsample_days:0.000000 | sampler_upsample_days:2877.000000 | sampler_exact_days:102.000000 | sampler_downsample_day_ratio:0.000000 | sampler_upsample_day_ratio:0.965760
| Valid 07 | time_embedding_norm:0.135053 | time_embedding_to_value_norm_ratio:0.838601 | time_tau:5.010535 | time_half_life:3.473038 | time_tau_std:0.000000 | time_tau_p10:5.010535 | time_tau_p90:5.010535 | time_tau_range_util:0.000000 | film_gamma_strength:0.059484 | film_beta_strength:0.006540 | factor_gate_mean:1.001074 | factor_gate_std:0.014124 | factor_gate_entropy:0.946444 | factor_gate_topk_mass_5:0.093983 | factor_gate_topk_mass_10:0.171471 | router_layer_0_time_ratio:0.667451 | router_layer_0_factor_ratio:0.332549 | router_layer_0_collapse_ratio:0.000000 | router_layer_0_entropy_norm:0.890677 | router_layer_0_logit_margin:0.738553 | expert_layer_0_time_expert_norm:11.331325 | expert_layer_0_factor_expert_norm:5.406532 | expert_layer_0_time_contrib_norm:7.560762 | expert_layer_0_factor_contrib_norm:1.798372 | expert_layer_0_contrib_norm_ratio:4.726679 | expert_layer_0_expert_cosine:-0.022469 | expert_layer_0_time_winner_ratio:0.999995 | router_layer_1_time_ratio:0.732874 | router_layer_1_factor_ratio:0.267126 | router_layer_1_collapse_ratio:0.000000 | router_layer_1_entropy_norm:0.809408 | router_layer_1_logit_margin:1.069056 | expert_layer_1_time_expert_norm:25.772190 | expert_layer_1_factor_expert_norm:8.523488 | expert_layer_1_time_contrib_norm:18.892585 | expert_layer_1_factor_contrib_norm:2.246173 | expert_layer_1_contrib_norm_ratio:9.325384 | expert_layer_1_expert_cosine:-0.037871 | expert_layer_1_time_winner_ratio:0.999885 | loss_total:0.023928 | loss_main:0.023908 | loss_listmle:4.717682 | loss_mse:0.023908 | loss_ic:-0.051522 | loss_aux:0.000020 | loss_sparsity:0.000000 | valid_ratio:1.000000 | score_std:0.133996 | label_std:0.045755 | score_label_std_ratio:3.027954 | gate_entropy:0.589205 | time_ratio:0.700162 | ic_pearson_daily:0.051532 | rank_ic_daily:0.056688 | ic_raw:0.051532 | rank_ic:0.056688
| Train 08 | time_embedding_norm:0.134073 | time_embedding_to_value_norm_ratio:0.828110 | time_tau:5.020644 | time_half_life:3.480045 | time_tau_std:0.006360 | time_tau_p10:5.012847 | time_tau_p90:5.028478 | time_tau_range_util:0.000316 | film_gamma_strength:0.065405 | film_beta_strength:0.006818 | factor_gate_mean:0.999648 | factor_gate_std:0.015633 | factor_gate_entropy:0.946076 | factor_gate_topk_mass_5:0.096694 | factor_gate_topk_mass_10:0.174821 | router_layer_0_time_ratio:0.598599 | router_layer_0_factor_ratio:0.401401 | router_layer_0_collapse_ratio:0.000000 | router_layer_0_entropy_norm:0.933345 | router_layer_0_logit_margin:0.534181 | expert_layer_0_time_expert_norm:11.101867 | expert_layer_0_factor_expert_norm:5.269384 | expert_layer_0_time_contrib_norm:6.643215 | expert_layer_0_factor_contrib_norm:2.113006 | expert_layer_0_contrib_norm_ratio:3.631191 | expert_layer_0_expert_cosine:-0.021536 | expert_layer_0_time_winner_ratio:0.997609 | router_layer_1_time_ratio:0.695763 | router_layer_1_factor_ratio:0.304237 | router_layer_1_collapse_ratio:0.000975 | router_layer_1_entropy_norm:0.831487 | router_layer_1_logit_margin:0.953689 | expert_layer_1_time_expert_norm:25.119007 | expert_layer_1_factor_expert_norm:10.309103 | expert_layer_1_time_contrib_norm:17.477159 | expert_layer_1_factor_contrib_norm:3.061036 | expert_layer_1_contrib_norm_ratio:7.031260 | expert_layer_1_expert_cosine:-0.019072 | expert_layer_1_time_winner_ratio:0.998743 | loss_total:1.365167 | loss_main:1.365126 | loss_listmle:4.704968 | loss_mse:1.365126 | loss_ic:-0.132816 | loss_aux:0.000042 | loss_sparsity:0.000000 | valid_ratio:1.000000 | score_std:0.144248 | label_std:1.165952 | score_label_std_ratio:0.125059 | ic_pearson_batch:0.132818 | ic_raw:0.132818 | rank_ic_batch:0.134124 | rank_ic:0.134124 | gate_entropy:0.611644 | time_ratio:0.647181 | grad_norm:4.804416 | grad_norm_other:1.487561 | grad_norm_time_embedding:3.606275 | grad_norm_factor_film:0.066353 | grad_norm_regime_encoder:0.466107 | grad_norm_router:0.593183 | grad_norm_time_expert:0.504035 | grad_norm_factor_expert:0.526571 | grad_norm_pooling_head:2.332168 | grad_nonfinite_tensors:1.000000 | grad_nonfinite_values:3.000000 | optimizer_steps:2978.000000 | grad_attempt_steps:2979.000000 | grad_skipped_steps:1.000000 | grad_nonfinite_steps:1.000000 | grad_skipped_rate:0.000336 | grad_nonfinite_rate:0.000336 | lr:0.000041 | sampler_epoch:7.000000 | sampler_num_days:2979.000000 | sampler_num_batches:2979.000000 | sampler_batch_size:300.000000 | sampler_total_source_samples:856246.000000 | sampler_total_draws:893700.000000 | sampler_unique_samples:566695.000000 | sampler_coverage_ratio:0.661837 | sampler_coverage_gap_vs_full:0.338163 | sampler_duplicate_draws:327005.000000 | sampler_duplicate_rate:0.365900 | sampler_downsample_days:0.000000 | sampler_upsample_days:2877.000000 | sampler_exact_days:102.000000 | sampler_downsample_day_ratio:0.000000 | sampler_upsample_day_ratio:0.965760
| Valid 08 | time_embedding_norm:0.133601 | time_embedding_to_value_norm_ratio:0.815108 | time_tau:5.023260 | time_half_life:3.481859 | time_tau_std:0.000000 | time_tau_p10:5.023260 | time_tau_p90:5.023260 | time_tau_range_util:0.000000 | film_gamma_strength:0.064709 | film_beta_strength:0.007362 | factor_gate_mean:1.001472 | factor_gate_std:0.015247 | factor_gate_entropy:0.946619 | factor_gate_topk_mass_5:0.096702 | factor_gate_topk_mass_10:0.173757 | router_layer_0_time_ratio:0.641634 | router_layer_0_factor_ratio:0.358366 | router_layer_0_collapse_ratio:0.000000 | router_layer_0_entropy_norm:0.910195 | router_layer_0_logit_margin:0.649940 | expert_layer_0_time_expert_norm:11.723585 | expert_layer_0_factor_expert_norm:5.725154 | expert_layer_0_time_contrib_norm:7.517713 | expert_layer_0_factor_contrib_norm:2.049613 | expert_layer_0_contrib_norm_ratio:4.146769 | expert_layer_0_expert_cosine:-0.023993 | expert_layer_0_time_winner_ratio:0.998962 | router_layer_1_time_ratio:0.761744 | router_layer_1_factor_ratio:0.238256 | router_layer_1_collapse_ratio:0.000000 | router_layer_1_entropy_norm:0.768219 | router_layer_1_logit_margin:1.214426 | expert_layer_1_time_expert_norm:26.228978 | expert_layer_1_factor_expert_norm:11.020047 | expert_layer_1_time_contrib_norm:19.980301 | expert_layer_1_factor_contrib_norm:2.587466 | expert_layer_1_contrib_norm_ratio:8.581440 | expert_layer_1_expert_cosine:-0.043715 | expert_layer_1_time_winner_ratio:0.996447 | loss_total:0.035351 | loss_main:0.035330 | loss_listmle:4.722794 | loss_mse:0.035330 | loss_ic:-0.059178 | loss_aux:0.000021 | loss_sparsity:0.000000 | valid_ratio:1.000000 | score_std:0.171482 | label_std:0.045755 | score_label_std_ratio:3.892156 | gate_entropy:0.581694 | time_ratio:0.701689 | ic_pearson_daily:0.059185 | rank_ic_daily:0.066616 | ic_raw:0.059185 | rank_ic:0.066616
| Train 09 | time_embedding_norm:0.132497 | time_embedding_to_value_norm_ratio:0.804122 | time_tau:5.025383 | time_half_life:3.483330 | time_tau_std:0.006493 | time_tau_p10:5.017433 | time_tau_p90:5.033385 | time_tau_range_util:0.000322 | film_gamma_strength:0.069642 | film_beta_strength:0.007445 | factor_gate_mean:0.999809 | factor_gate_std:0.016845 | factor_gate_entropy:0.947078 | factor_gate_topk_mass_5:0.096998 | factor_gate_topk_mass_10:0.174690 | router_layer_0_time_ratio:0.580254 | router_layer_0_factor_ratio:0.419746 | router_layer_0_collapse_ratio:0.000000 | router_layer_0_entropy_norm:0.943423 | router_layer_0_logit_margin:0.475679 | expert_layer_0_time_expert_norm:11.693024 | expert_layer_0_factor_expert_norm:5.350206 | expert_layer_0_time_contrib_norm:6.785764 | expert_layer_0_factor_contrib_norm:2.242708 | expert_layer_0_contrib_norm_ratio:3.490589 | expert_layer_0_expert_cosine:-0.022083 | expert_layer_0_time_winner_ratio:0.998398 | router_layer_1_time_ratio:0.706056 | router_layer_1_factor_ratio:0.293944 | router_layer_1_collapse_ratio:0.005213 | router_layer_1_entropy_norm:0.821762 | router_layer_1_logit_margin:0.991015 | expert_layer_1_time_expert_norm:25.551331 | expert_layer_1_factor_expert_norm:12.504442 | expert_layer_1_time_contrib_norm:18.050268 | expert_layer_1_factor_contrib_norm:3.625980 | expert_layer_1_contrib_norm_ratio:6.242847 | expert_layer_1_expert_cosine:-0.000374 | expert_layer_1_time_winner_ratio:0.992468 | loss_total:1.362046 | loss_main:1.361997 | loss_listmle:4.703709 | loss_mse:1.361997 | loss_ic:-0.139209 | loss_aux:0.000048 | loss_sparsity:0.000000 | valid_ratio:1.000000 | score_std:0.151094 | label_std:1.166138 | score_label_std_ratio:0.130935 | ic_pearson_batch:0.139210 | ic_raw:0.139210 | rank_ic_batch:0.140078 | rank_ic:0.140078 | gate_entropy:0.611767 | time_ratio:0.643155 | grad_norm:4.610314 | grad_norm_other:1.484523 | grad_norm_time_embedding:3.372958 | grad_norm_factor_film:0.071065 | grad_norm_regime_encoder:0.510336 | grad_norm_router:0.658236 | grad_norm_time_expert:0.495691 | grad_norm_factor_expert:0.531701 | grad_norm_pooling_head:2.253810 | grad_nonfinite_tensors:1.000000 | grad_nonfinite_values:2.000000 | optimizer_steps:2978.000000 | grad_attempt_steps:2979.000000 | grad_skipped_steps:1.000000 | grad_nonfinite_steps:1.000000 | grad_skipped_rate:0.000336 | grad_nonfinite_rate:0.000336 | lr:0.000038 | sampler_epoch:8.000000 | sampler_num_days:2979.000000 | sampler_num_batches:2979.000000 | sampler_batch_size:300.000000 | sampler_total_source_samples:856246.000000 | sampler_total_draws:893700.000000 | sampler_unique_samples:566524.000000 | sampler_coverage_ratio:0.661637 | sampler_coverage_gap_vs_full:0.338363 | sampler_duplicate_draws:327176.000000 | sampler_duplicate_rate:0.366092 | sampler_downsample_days:0.000000 | sampler_upsample_days:2877.000000 | sampler_exact_days:102.000000 | sampler_downsample_day_ratio:0.000000 | sampler_upsample_day_ratio:0.965760
| Valid 09 | time_embedding_norm:0.132160 | time_embedding_to_value_norm_ratio:0.792958 | time_tau:5.022482 | time_half_life:3.481319 | time_tau_std:0.000000 | time_tau_p10:5.022482 | time_tau_p90:5.022482 | time_tau_range_util:0.000000 | film_gamma_strength:0.068721 | film_beta_strength:0.007929 | factor_gate_mean:1.001802 | factor_gate_std:0.016478 | factor_gate_entropy:0.946803 | factor_gate_topk_mass_5:0.095758 | factor_gate_topk_mass_10:0.173381 | router_layer_0_time_ratio:0.644512 | router_layer_0_factor_ratio:0.355488 | router_layer_0_collapse_ratio:0.000000 | router_layer_0_entropy_norm:0.913949 | router_layer_0_logit_margin:0.641850 | expert_layer_0_time_expert_norm:12.717697 | expert_layer_0_factor_expert_norm:5.614052 | expert_layer_0_time_contrib_norm:8.193179 | expert_layer_0_factor_contrib_norm:1.993919 | expert_layer_0_contrib_norm_ratio:4.537636 | expert_layer_0_expert_cosine:-0.012941 | expert_layer_0_time_winner_ratio:0.999973 | router_layer_1_time_ratio:0.693348 | router_layer_1_factor_ratio:0.306652 | router_layer_1_collapse_ratio:0.000000 | router_layer_1_entropy_norm:0.864653 | router_layer_1_logit_margin:0.876471 | expert_layer_1_time_expert_norm:28.690686 | expert_layer_1_factor_expert_norm:11.624291 | expert_layer_1_time_contrib_norm:19.922451 | expert_layer_1_factor_contrib_norm:3.545933 | expert_layer_1_contrib_norm_ratio:6.190753 | expert_layer_1_expert_cosine:0.014333 | expert_layer_1_time_winner_ratio:0.993544 | loss_total:0.028474 | loss_main:0.028392 | loss_listmle:4.720115 | loss_mse:0.028392 | loss_ic:-0.059638 | loss_aux:0.000083 | loss_sparsity:0.000000 | valid_ratio:1.000000 | score_std:0.145413 | label_std:0.045755 | score_label_std_ratio:3.308692 | gate_entropy:0.616417 | time_ratio:0.668930 | ic_pearson_daily:0.059647 | rank_ic_daily:0.064474 | ic_raw:0.059647 | rank_ic:0.064474
| Train 10 | time_embedding_norm:0.131297 | time_embedding_to_value_norm_ratio:0.785411 | time_tau:5.025037 | time_half_life:3.483091 | time_tau_std:0.006990 | time_tau_p10:5.016470 | time_tau_p90:5.033646 | time_tau_range_util:0.000347 | film_gamma_strength:0.072048 | film_beta_strength:0.007741 | factor_gate_mean:0.999769 | factor_gate_std:0.017449 | factor_gate_entropy:0.946687 | factor_gate_topk_mass_5:0.097334 | factor_gate_topk_mass_10:0.175181 | router_layer_0_time_ratio:0.575620 | router_layer_0_factor_ratio:0.424380 | router_layer_0_collapse_ratio:0.000000 | router_layer_0_entropy_norm:0.950935 | router_layer_0_logit_margin:0.438354 | expert_layer_0_time_expert_norm:12.366029 | expert_layer_0_factor_expert_norm:5.310468 | expert_layer_0_time_contrib_norm:7.117861 | expert_layer_0_factor_contrib_norm:2.250232 | expert_layer_0_contrib_norm_ratio:3.566393 | expert_layer_0_expert_cosine:-0.010535 | expert_layer_0_time_winner_ratio:0.999849 | router_layer_1_time_ratio:0.690019 | router_layer_1_factor_ratio:0.309981 | router_layer_1_collapse_ratio:0.003527 | router_layer_1_entropy_norm:0.844812 | router_layer_1_logit_margin:0.907930 | expert_layer_1_time_expert_norm:26.627620 | expert_layer_1_factor_expert_norm:13.228081 | expert_layer_1_time_contrib_norm:18.377768 | expert_layer_1_factor_contrib_norm:4.027033 | expert_layer_1_contrib_norm_ratio:5.554448 | expert_layer_1_expert_cosine:-0.002965 | expert_layer_1_time_winner_ratio:0.994694 | loss_total:1.360879 | loss_main:1.360829 | loss_listmle:4.703956 | loss_mse:1.360829 | loss_ic:-0.142799 | loss_aux:0.000050 | loss_sparsity:0.000000 | valid_ratio:1.000000 | score_std:0.156114 | label_std:1.166243 | score_label_std_ratio:0.135247 | ic_pearson_batch:0.142800 | ic_raw:0.142800 | rank_ic_batch:0.142968 | rank_ic:0.142968 | gate_entropy:0.622358 | time_ratio:0.632819 | grad_norm:4.626516 | grad_norm_other:1.541083 | grad_norm_time_embedding:3.372070 | grad_norm_factor_film:0.074295 | grad_norm_regime_encoder:0.515169 | grad_norm_router:0.706756 | grad_norm_time_expert:0.502393 | grad_norm_factor_expert:0.545727 | grad_norm_pooling_head:2.230297 | optimizer_steps:2979.000000 | grad_attempt_steps:2979.000000 | grad_skipped_steps:0.000000 | grad_nonfinite_steps:0.000000 | grad_skipped_rate:0.000000 | grad_nonfinite_rate:0.000000 | lr:0.000035 | sampler_epoch:9.000000 | sampler_num_days:2979.000000 | sampler_num_batches:2979.000000 | sampler_batch_size:300.000000 | sampler_total_source_samples:856246.000000 | sampler_total_draws:893700.000000 | sampler_unique_samples:565875.000000 | sampler_coverage_ratio:0.660879 | sampler_coverage_gap_vs_full:0.339121 | sampler_duplicate_draws:327825.000000 | sampler_duplicate_rate:0.366818 | sampler_downsample_days:0.000000 | sampler_upsample_days:2877.000000 | sampler_exact_days:102.000000 | sampler_downsample_day_ratio:0.000000 | sampler_upsample_day_ratio:0.965760
| Valid 10 | time_embedding_norm:0.130582 | time_embedding_to_value_norm_ratio:0.773235 | time_tau:5.024303 | time_half_life:3.482582 | time_tau_std:0.000000 | time_tau_p10:5.024303 | time_tau_p90:5.024303 | time_tau_range_util:0.000000 | film_gamma_strength:0.073113 | film_beta_strength:0.008351 | factor_gate_mean:1.001865 | factor_gate_std:0.017936 | factor_gate_entropy:0.946277 | factor_gate_topk_mass_5:0.097070 | factor_gate_topk_mass_10:0.175347 | router_layer_0_time_ratio:0.645980 | router_layer_0_factor_ratio:0.354020 | router_layer_0_collapse_ratio:0.000000 | router_layer_0_entropy_norm:0.913762 | router_layer_0_logit_margin:0.643456 | expert_layer_0_time_expert_norm:13.285087 | expert_layer_0_factor_expert_norm:5.590085 | expert_layer_0_time_contrib_norm:8.580968 | expert_layer_0_factor_contrib_norm:1.977447 | expert_layer_0_contrib_norm_ratio:4.780857 | expert_layer_0_expert_cosine:-0.013657 | expert_layer_0_time_winner_ratio:1.000000 | router_layer_1_time_ratio:0.764570 | router_layer_1_factor_ratio:0.235430 | router_layer_1_collapse_ratio:0.000000 | router_layer_1_entropy_norm:0.766078 | router_layer_1_logit_margin:1.222165 | expert_layer_1_time_expert_norm:29.047375 | expert_layer_1_factor_expert_norm:13.560161 | expert_layer_1_time_contrib_norm:22.235912 | expert_layer_1_factor_contrib_norm:3.169200 | expert_layer_1_contrib_norm_ratio:7.786384 | expert_layer_1_expert_cosine:0.009006 | expert_layer_1_time_winner_ratio:0.997838 | loss_total:0.028682 | loss_main:0.028666 | loss_listmle:4.716917 | loss_mse:0.028666 | loss_ic:-0.060509 | loss_aux:0.000016 | loss_sparsity:0.000000 | valid_ratio:1.000000 | score_std:0.149318 | label_std:0.045755 | score_label_std_ratio:3.387120 | gate_entropy:0.582188 | time_ratio:0.705275 | ic_pearson_daily:0.060517 | rank_ic_daily:0.070316 | ic_raw:0.060517 | rank_ic:0.070316
| Train 11 | time_embedding_norm:0.130352 | time_embedding_to_value_norm_ratio:0.770494 | time_tau:5.030173 | time_half_life:3.486650 | time_tau_std:0.007803 | time_tau_p10:5.020566 | time_tau_p90:5.039886 | time_tau_range_util:0.000390 | film_gamma_strength:0.076974 | film_beta_strength:0.008168 | factor_gate_mean:0.999761 | factor_gate_std:0.018919 | factor_gate_entropy:0.947134 | factor_gate_topk_mass_5:0.097919 | factor_gate_topk_mass_10:0.175254 | router_layer_0_time_ratio:0.571947 | router_layer_0_factor_ratio:0.428053 | router_layer_0_collapse_ratio:0.000000 | router_layer_0_entropy_norm:0.950927 | router_layer_0_logit_margin:0.438313 | expert_layer_0_time_expert_norm:12.648207 | expert_layer_0_factor_expert_norm:5.489148 | expert_layer_0_time_contrib_norm:7.234870 | expert_layer_0_factor_contrib_norm:2.346337 | expert_layer_0_contrib_norm_ratio:3.494616 | expert_layer_0_expert_cosine:-0.013520 | expert_layer_0_time_winner_ratio:0.999543 | router_layer_1_time_ratio:0.686136 | router_layer_1_factor_ratio:0.313864 | router_layer_1_collapse_ratio:0.001781 | router_layer_1_entropy_norm:0.848111 | router_layer_1_logit_margin:0.897086 | expert_layer_1_time_expert_norm:25.949077 | expert_layer_1_factor_expert_norm:15.113527 | expert_layer_1_time_contrib_norm:17.825490 | expert_layer_1_factor_contrib_norm:4.663921 | expert_layer_1_contrib_norm_ratio:4.659214 | expert_layer_1_expert_cosine:-0.002806 | expert_layer_1_time_winner_ratio:0.983753 | loss_total:1.356183 | loss_main:1.356130 | loss_listmle:4.703584 | loss_mse:1.356130 | loss_ic:-0.145363 | loss_aux:0.000054 | loss_sparsity:0.000000 | valid_ratio:1.000000 | score_std:0.160299 | label_std:1.165500 | score_label_std_ratio:0.138937 | ic_pearson_batch:0.145364 | ic_raw:0.145364 | rank_ic_batch:0.144802 | rank_ic:0.144802 | gate_entropy:0.623499 | time_ratio:0.629041 | grad_norm:4.382839 | grad_norm_other:1.541199 | grad_norm_time_embedding:3.107484 | grad_norm_factor_film:0.076819 | grad_norm_regime_encoder:0.539420 | grad_norm_router:0.749459 | grad_norm_time_expert:0.504774 | grad_norm_factor_expert:0.551169 | grad_norm_pooling_head:2.127030 | grad_nonfinite_tensors:1.000000 | grad_nonfinite_values:1.500000 | optimizer_steps:2977.000000 | grad_attempt_steps:2979.000000 | grad_skipped_steps:2.000000 | grad_nonfinite_steps:2.000000 | grad_skipped_rate:0.000671 | grad_nonfinite_rate:0.000671 | lr:0.000032 | sampler_epoch:10.000000 | sampler_num_days:2979.000000 | sampler_num_batches:2979.000000 | sampler_batch_size:300.000000 | sampler_total_source_samples:856246.000000 | sampler_total_draws:893700.000000 | sampler_unique_samples:566008.000000 | sampler_coverage_ratio:0.661034 | sampler_coverage_gap_vs_full:0.338966 | sampler_duplicate_draws:327692.000000 | sampler_duplicate_rate:0.366669 | sampler_downsample_days:0.000000 | sampler_upsample_days:2877.000000 | sampler_exact_days:102.000000 | sampler_downsample_day_ratio:0.000000 | sampler_upsample_day_ratio:0.965760
| Valid 11 | time_embedding_norm:0.129808 | time_embedding_to_value_norm_ratio:0.760980 | time_tau:5.027568 | time_half_life:3.484844 | time_tau_std:0.000000 | time_tau_p10:5.027568 | time_tau_p90:5.027568 | time_tau_range_util:0.000000 | film_gamma_strength:0.073810 | film_beta_strength:0.008920 | factor_gate_mean:1.002271 | factor_gate_std:0.017899 | factor_gate_entropy:0.947431 | factor_gate_topk_mass_5:0.094871 | factor_gate_topk_mass_10:0.171489 | router_layer_0_time_ratio:0.664243 | router_layer_0_factor_ratio:0.335757 | router_layer_0_collapse_ratio:0.000000 | router_layer_0_entropy_norm:0.898164 | router_layer_0_logit_margin:0.720824 | expert_layer_0_time_expert_norm:13.794770 | expert_layer_0_factor_expert_norm:5.807153 | expert_layer_0_time_contrib_norm:9.164145 | expert_layer_0_factor_contrib_norm:1.947998 | expert_layer_0_contrib_norm_ratio:5.161186 | expert_layer_0_expert_cosine:-0.017504 | expert_layer_0_time_winner_ratio:1.000000 | router_layer_1_time_ratio:0.739777 | router_layer_1_factor_ratio:0.260223 | router_layer_1_collapse_ratio:0.000000 | router_layer_1_entropy_norm:0.804001 | router_layer_1_logit_margin:1.094191 | expert_layer_1_time_expert_norm:29.245490 | expert_layer_1_factor_expert_norm:14.433036 | expert_layer_1_time_contrib_norm:21.680455 | expert_layer_1_factor_contrib_norm:3.753483 | expert_layer_1_contrib_norm_ratio:6.455885 | expert_layer_1_expert_cosine:0.034644 | expert_layer_1_time_winner_ratio:0.989709 | loss_total:0.033997 | loss_main:0.033974 | loss_listmle:4.719327 | loss_mse:0.033974 | loss_ic:-0.061655 | loss_aux:0.000024 | loss_sparsity:0.000000 | valid_ratio:1.000000 | score_std:0.157210 | label_std:0.045755 | score_label_std_ratio:3.565096 | gate_entropy:0.589926 | time_ratio:0.702010 | ic_pearson_daily:0.061665 | rank_ic_daily:0.069219 | ic_raw:0.061665 | rank_ic:0.069219
| Train 12 | time_embedding_norm:0.129684 | time_embedding_to_value_norm_ratio:0.759657 | time_tau:5.030704 | time_half_life:3.487018 | time_tau_std:0.008137 | time_tau_p10:5.020693 | time_tau_p90:5.040772 | time_tau_range_util:0.000406 | film_gamma_strength:0.078640 | film_beta_strength:0.008584 | factor_gate_mean:0.999785 | factor_gate_std:0.019220 | factor_gate_entropy:0.947664 | factor_gate_topk_mass_5:0.097661 | factor_gate_topk_mass_10:0.174263 | router_layer_0_time_ratio:0.573282 | router_layer_0_factor_ratio:0.426718 | router_layer_0_collapse_ratio:0.000000 | router_layer_0_entropy_norm:0.951820 | router_layer_0_logit_margin:0.429400 | expert_layer_0_time_expert_norm:13.079686 | expert_layer_0_factor_expert_norm:5.625045 | expert_layer_0_time_contrib_norm:7.504054 | expert_layer_0_factor_contrib_norm:2.397621 | expert_layer_0_contrib_norm_ratio:3.542242 | expert_layer_0_expert_cosine:-0.010624 | expert_layer_0_time_winner_ratio:0.999899 | router_layer_1_time_ratio:0.696089 | router_layer_1_factor_ratio:0.303911 | router_layer_1_collapse_ratio:0.004248 | router_layer_1_entropy_norm:0.837048 | router_layer_1_logit_margin:0.937559 | expert_layer_1_time_expert_norm:26.057890 | expert_layer_1_factor_expert_norm:16.364220 | expert_layer_1_time_contrib_norm:18.184919 | expert_layer_1_factor_contrib_norm:4.906576 | expert_layer_1_contrib_norm_ratio:4.561915 | expert_layer_1_expert_cosine:-0.003120 | expert_layer_1_time_winner_ratio:0.975003 | loss_total:1.357360 | loss_main:1.357318 | loss_listmle:4.703206 | loss_mse:1.357318 | loss_ic:-0.149170 | loss_aux:0.000043 | loss_sparsity:0.000000 | valid_ratio:1.000000 | score_std:0.165515 | label_std:1.166237 | score_label_std_ratio:0.143357 | ic_pearson_batch:0.149171 | ic_raw:0.149171 | rank_ic_batch:0.148928 | rank_ic:0.148928 | gate_entropy:0.619974 | time_ratio:0.634685 | grad_norm:4.567485 | grad_norm_other:1.639701 | grad_norm_time_embedding:3.229676 | grad_norm_factor_film:0.080799 | grad_norm_regime_encoder:0.562402 | grad_norm_router:0.834132 | grad_norm_time_expert:0.542812 | grad_norm_factor_expert:0.576980 | grad_norm_pooling_head:2.195193 | optimizer_steps:2979.000000 | grad_attempt_steps:2979.000000 | grad_skipped_steps:0.000000 | grad_nonfinite_steps:0.000000 | grad_skipped_rate:0.000000 | grad_nonfinite_rate:0.000000 | lr:0.000029 | sampler_epoch:11.000000 | sampler_num_days:2979.000000 | sampler_num_batches:2979.000000 | sampler_batch_size:300.000000 | sampler_total_source_samples:856246.000000 | sampler_total_draws:893700.000000 | sampler_unique_samples:566249.000000 | sampler_coverage_ratio:0.661316 | sampler_coverage_gap_vs_full:0.338684 | sampler_duplicate_draws:327451.000000 | sampler_duplicate_rate:0.366399 | sampler_downsample_days:0.000000 | sampler_upsample_days:2877.000000 | sampler_exact_days:102.000000 | sampler_downsample_day_ratio:0.000000 | sampler_upsample_day_ratio:0.965760
| Valid 12 | time_embedding_norm:0.129019 | time_embedding_to_value_norm_ratio:0.749917 | time_tau:5.032652 | time_half_life:3.488368 | time_tau_std:0.000000 | time_tau_p10:5.032652 | time_tau_p90:5.032652 | time_tau_range_util:0.000000 | film_gamma_strength:0.074657 | film_beta_strength:0.009310 | factor_gate_mean:1.002593 | factor_gate_std:0.017991 | factor_gate_entropy:0.947345 | factor_gate_topk_mass_5:0.095020 | factor_gate_topk_mass_10:0.170898 | router_layer_0_time_ratio:0.663707 | router_layer_0_factor_ratio:0.336293 | router_layer_0_collapse_ratio:0.000000 | router_layer_0_entropy_norm:0.898968 | router_layer_0_logit_margin:0.719738 | expert_layer_0_time_expert_norm:13.981825 | expert_layer_0_factor_expert_norm:5.853876 | expert_layer_0_time_contrib_norm:9.280790 | expert_layer_0_factor_contrib_norm:1.966841 | expert_layer_0_contrib_norm_ratio:5.162045 | expert_layer_0_expert_cosine:-0.002371 | expert_layer_0_time_winner_ratio:1.000000 | router_layer_1_time_ratio:0.772998 | router_layer_1_factor_ratio:0.227002 | router_layer_1_collapse_ratio:0.000000 | router_layer_1_entropy_norm:0.753356 | router_layer_1_logit_margin:1.266284 | expert_layer_1_time_expert_norm:28.503396 | expert_layer_1_factor_expert_norm:15.743177 | expert_layer_1_time_contrib_norm:22.075436 | expert_layer_1_factor_contrib_norm:3.569063 | expert_layer_1_contrib_norm_ratio:6.869924 | expert_layer_1_expert_cosine:-0.003419 | expert_layer_1_time_winner_ratio:0.994569 | loss_total:0.037915 | loss_main:0.037901 | loss_listmle:4.715152 | loss_mse:0.037901 | loss_ic:-0.065455 | loss_aux:0.000014 | loss_sparsity:0.000000 | valid_ratio:1.000000 | score_std:0.161904 | label_std:0.045755 | score_label_std_ratio:3.671727 | gate_entropy:0.572652 | time_ratio:0.718353 | ic_pearson_daily:0.065463 | rank_ic_daily:0.076614 | ic_raw:0.065463 | rank_ic:0.076614
| Train 13 | time_embedding_norm:0.128749 | time_embedding_to_value_norm_ratio:0.748851 | time_tau:5.037459 | time_half_life:3.491700 | time_tau_std:0.009486 | time_tau_p10:5.025784 | time_tau_p90:5.049232 | time_tau_range_util:0.000474 | film_gamma_strength:0.080000 | film_beta_strength:0.008964 | factor_gate_mean:0.999937 | factor_gate_std:0.019467 | factor_gate_entropy:0.947408 | factor_gate_topk_mass_5:0.097894 | factor_gate_topk_mass_10:0.174523 | router_layer_0_time_ratio:0.570627 | router_layer_0_factor_ratio:0.429373 | router_layer_0_collapse_ratio:0.000000 | router_layer_0_entropy_norm:0.950941 | router_layer_0_logit_margin:0.434845 | expert_layer_0_time_expert_norm:13.261070 | expert_layer_0_factor_expert_norm:5.652026 | expert_layer_0_time_contrib_norm:7.571927 | expert_layer_0_factor_contrib_norm:2.423483 | expert_layer_0_contrib_norm_ratio:3.550030 | expert_layer_0_expert_cosine:-0.007542 | expert_layer_0_time_winner_ratio:0.999804 | router_layer_1_time_ratio:0.698902 | router_layer_1_factor_ratio:0.301098 | router_layer_1_collapse_ratio:0.002859 | router_layer_1_entropy_norm:0.838998 | router_layer_1_logit_margin:0.934234 | expert_layer_1_time_expert_norm:25.907114 | expert_layer_1_factor_expert_norm:17.743332 | expert_layer_1_time_contrib_norm:18.162003 | expert_layer_1_factor_contrib_norm:5.282406 | expert_layer_1_contrib_norm_ratio:4.175266 | expert_layer_1_expert_cosine:-0.006847 | expert_layer_1_time_winner_ratio:0.973377 | loss_total:1.352989 | loss_main:1.352952 | loss_listmle:4.703369 | loss_mse:1.352952 | loss_ic:-0.149356 | loss_aux:0.000038 | loss_sparsity:0.000000 | valid_ratio:1.000000 | score_std:0.167930 | label_std:1.165065 | score_label_std_ratio:0.145572 | ic_pearson_batch:0.149358 | ic_raw:0.149358 | rank_ic_batch:0.148438 | rank_ic:0.148438 | gate_entropy:0.620345 | time_ratio:0.634765 | grad_norm:4.476079 | grad_norm_other:1.652978 | grad_norm_time_embedding:3.174771 | grad_norm_factor_film:0.083107 | grad_norm_regime_encoder:0.576410 | grad_norm_router:0.816522 | grad_norm_time_expert:0.533586 | grad_norm_factor_expert:0.581920 | grad_norm_pooling_head:2.072719 | grad_nonfinite_tensors:1.000000 | grad_nonfinite_values:1.500000 | optimizer_steps:2977.000000 | grad_attempt_steps:2979.000000 | grad_skipped_steps:2.000000 | grad_nonfinite_steps:2.000000 | grad_skipped_rate:0.000671 | grad_nonfinite_rate:0.000671 | lr:0.000025 | sampler_epoch:12.000000 | sampler_num_days:2979.000000 | sampler_num_batches:2979.000000 | sampler_batch_size:300.000000 | sampler_total_source_samples:856246.000000 | sampler_total_draws:893700.000000 | sampler_unique_samples:566202.000000 | sampler_coverage_ratio:0.661261 | sampler_coverage_gap_vs_full:0.338739 | sampler_duplicate_draws:327498.000000 | sampler_duplicate_rate:0.366452 | sampler_downsample_days:0.000000 | sampler_upsample_days:2877.000000 | sampler_exact_days:102.000000 | sampler_downsample_day_ratio:0.000000 | sampler_upsample_day_ratio:0.965760
| Valid 13 | time_embedding_norm:0.128357 | time_embedding_to_value_norm_ratio:0.741932 | time_tau:5.049749 | time_half_life:3.500219 | time_tau_std:0.000000 | time_tau_p10:5.049749 | time_tau_p90:5.049749 | time_tau_range_util:0.000000 | film_gamma_strength:0.079722 | film_beta_strength:0.009836 | factor_gate_mean:1.002962 | factor_gate_std:0.019377 | factor_gate_entropy:0.947168 | factor_gate_topk_mass_5:0.095218 | factor_gate_topk_mass_10:0.171176 | router_layer_0_time_ratio:0.672203 | router_layer_0_factor_ratio:0.327797 | router_layer_0_collapse_ratio:0.000000 | router_layer_0_entropy_norm:0.891388 | router_layer_0_logit_margin:0.756509 | expert_layer_0_time_expert_norm:14.221967 | expert_layer_0_factor_expert_norm:5.833954 | expert_layer_0_time_contrib_norm:9.561639 | expert_layer_0_factor_contrib_norm:1.910223 | expert_layer_0_contrib_norm_ratio:5.463059 | expert_layer_0_expert_cosine:-0.005227 | expert_layer_0_time_winner_ratio:1.000000 | router_layer_1_time_ratio:0.759273 | router_layer_1_factor_ratio:0.240727 | router_layer_1_collapse_ratio:0.000000 | router_layer_1_entropy_norm:0.772820 | router_layer_1_logit_margin:1.199872 | expert_layer_1_time_expert_norm:30.469566 | expert_layer_1_factor_expert_norm:16.508642 | expert_layer_1_time_contrib_norm:23.196315 | expert_layer_1_factor_contrib_norm:3.971058 | expert_layer_1_contrib_norm_ratio:6.546768 | expert_layer_1_expert_cosine:-0.022612 | expert_layer_1_time_winner_ratio:0.989704 | loss_total:0.031475 | loss_main:0.031452 | loss_listmle:4.714171 | loss_mse:0.031452 | loss_ic:-0.063331 | loss_aux:0.000023 | loss_sparsity:0.000000 | valid_ratio:1.000000 | score_std:0.165451 | label_std:0.045755 | score_label_std_ratio:3.759562 | gate_entropy:0.576770 | time_ratio:0.715738 | ic_pearson_daily:0.063340 | rank_ic_daily:0.076707 | ic_raw:0.063340 | rank_ic:0.076707
| Train 14 | time_embedding_norm:0.128330 | time_embedding_to_value_norm_ratio:0.742477 | time_tau:5.040102 | time_half_life:3.493533 | time_tau_std:0.010269 | time_tau_p10:5.027489 | time_tau_p90:5.052917 | time_tau_range_util:0.000514 | film_gamma_strength:0.082739 | film_beta_strength:0.009259 | factor_gate_mean:0.999955 | factor_gate_std:0.020175 | factor_gate_entropy:0.946995 | factor_gate_topk_mass_5:0.098104 | factor_gate_topk_mass_10:0.174761 | router_layer_0_time_ratio:0.574047 | router_layer_0_factor_ratio:0.425953 | router_layer_0_collapse_ratio:0.000000 | router_layer_0_entropy_norm:0.950785 | router_layer_0_logit_margin:0.431392 | expert_layer_0_time_expert_norm:13.461346 | expert_layer_0_factor_expert_norm:5.652896 | expert_layer_0_time_contrib_norm:7.732462 | expert_layer_0_factor_contrib_norm:2.405519 | expert_layer_0_contrib_norm_ratio:3.649129 | expert_layer_0_expert_cosine:-0.006984 | expert_layer_0_time_winner_ratio:0.999957 | router_layer_1_time_ratio:0.706930 | router_layer_1_factor_ratio:0.293070 | router_layer_1_collapse_ratio:0.004076 | router_layer_1_entropy_norm:0.829156 | router_layer_1_logit_margin:0.971510 | expert_layer_1_time_expert_norm:26.747954 | expert_layer_1_factor_expert_norm:18.061680 | expert_layer_1_time_contrib_norm:18.962713 | expert_layer_1_factor_contrib_norm:5.240614 | expert_layer_1_contrib_norm_ratio:4.387867 | expert_layer_1_expert_cosine:-0.026413 | expert_layer_1_time_winner_ratio:0.977658 | loss_total:1.352139 | loss_main:1.352104 | loss_listmle:4.702274 | loss_mse:1.352104 | loss_ic:-0.152406 | loss_aux:0.000035 | loss_sparsity:0.000000 | valid_ratio:1.000000 | score_std:0.171056 | label_std:1.165265 | score_label_std_ratio:0.148236 | ic_pearson_batch:0.152407 | ic_raw:0.152407 | rank_ic_batch:0.151502 | rank_ic:0.151502 | gate_entropy:0.616881 | time_ratio:0.640488 | grad_norm:4.639324 | grad_norm_other:1.764554 | grad_norm_time_embedding:3.278526 | grad_norm_factor_film:0.086139 | grad_norm_regime_encoder:0.609025 | grad_norm_router:0.902866 | grad_norm_time_expert:0.575745 | grad_norm_factor_expert:0.609341 | grad_norm_pooling_head:2.117693 | grad_nonfinite_tensors:1.000000 | grad_nonfinite_values:2.000000 | optimizer_steps:2978.000000 | grad_attempt_steps:2979.000000 | grad_skipped_steps:1.000000 | grad_nonfinite_steps:1.000000 | grad_skipped_rate:0.000336 | grad_nonfinite_rate:0.000336 | lr:0.000022 | sampler_epoch:13.000000 | sampler_num_days:2979.000000 | sampler_num_batches:2979.000000 | sampler_batch_size:300.000000 | sampler_total_source_samples:856246.000000 | sampler_total_draws:893700.000000 | sampler_unique_samples:566264.000000 | sampler_coverage_ratio:0.661333 | sampler_coverage_gap_vs_full:0.338667 | sampler_duplicate_draws:327436.000000 | sampler_duplicate_rate:0.366382 | sampler_downsample_days:0.000000 | sampler_upsample_days:2877.000000 | sampler_exact_days:102.000000 | sampler_downsample_day_ratio:0.000000 | sampler_upsample_day_ratio:0.965760
| Valid 14 | time_embedding_norm:0.128064 | time_embedding_to_value_norm_ratio:0.735999 | time_tau:5.065221 | time_half_life:3.510944 | time_tau_std:0.000000 | time_tau_p10:5.065221 | time_tau_p90:5.065221 | time_tau_range_util:0.000000 | film_gamma_strength:0.084181 | film_beta_strength:0.010299 | factor_gate_mean:1.003314 | factor_gate_std:0.020441 | factor_gate_entropy:0.945876 | factor_gate_topk_mass_5:0.095603 | factor_gate_topk_mass_10:0.171969 | router_layer_0_time_ratio:0.664324 | router_layer_0_factor_ratio:0.335676 | router_layer_0_collapse_ratio:0.000000 | router_layer_0_entropy_norm:0.897982 | router_layer_0_logit_margin:0.726296 | expert_layer_0_time_expert_norm:14.218156 | expert_layer_0_factor_expert_norm:5.814044 | expert_layer_0_time_contrib_norm:9.447061 | expert_layer_0_factor_contrib_norm:1.950305 | expert_layer_0_contrib_norm_ratio:5.312692 | expert_layer_0_expert_cosine:-0.002240 | expert_layer_0_time_winner_ratio:1.000000 | router_layer_1_time_ratio:0.785783 | router_layer_1_factor_ratio:0.214217 | router_layer_1_collapse_ratio:0.000000 | router_layer_1_entropy_norm:0.733362 | router_layer_1_logit_margin:1.333495 | expert_layer_1_time_expert_norm:29.014937 | expert_layer_1_factor_expert_norm:18.268573 | expert_layer_1_time_contrib_norm:22.840180 | expert_layer_1_factor_contrib_norm:3.911617 | expert_layer_1_contrib_norm_ratio:6.421947 | expert_layer_1_expert_cosine:-0.012083 | expert_layer_1_time_winner_ratio:0.995653 | loss_total:0.036668 | loss_main:0.036655 | loss_listmle:4.715884 | loss_mse:0.036655 | loss_ic:-0.067210 | loss_aux:0.000014 | loss_sparsity:0.000000 | valid_ratio:1.000000 | score_std:0.158985 | label_std:0.045755 | score_label_std_ratio:3.613013 | gate_entropy:0.565381 | time_ratio:0.725053 | ic_pearson_daily:0.067218 | rank_ic_daily:0.077486 | ic_raw:0.067218 | rank_ic:0.077486
| Train 15 | time_embedding_norm:0.127735 | time_embedding_to_value_norm_ratio:0.734953 | time_tau:5.048583 | time_half_life:3.499411 | time_tau_std:0.011532 | time_tau_p10:5.034441 | time_tau_p90:5.062967 | time_tau_range_util:0.000576 | film_gamma_strength:0.084663 | film_beta_strength:0.009625 | factor_gate_mean:0.999962 | factor_gate_std:0.020668 | factor_gate_entropy:0.946001 | factor_gate_topk_mass_5:0.098498 | factor_gate_topk_mass_10:0.175671 | router_layer_0_time_ratio:0.576117 | router_layer_0_factor_ratio:0.423883 | router_layer_0_collapse_ratio:0.000000 | router_layer_0_entropy_norm:0.945278 | router_layer_0_logit_margin:0.459668 | expert_layer_0_time_expert_norm:13.630806 | expert_layer_0_factor_expert_norm:5.583960 | expert_layer_0_time_contrib_norm:7.860224 | expert_layer_0_factor_contrib_norm:2.365509 | expert_layer_0_contrib_norm_ratio:3.843669 | expert_layer_0_expert_cosine:-0.005327 | expert_layer_0_time_winner_ratio:0.999885 | router_layer_1_time_ratio:0.710449 | router_layer_1_factor_ratio:0.289551 | router_layer_1_collapse_ratio:0.002096 | router_layer_1_entropy_norm:0.828214 | router_layer_1_logit_margin:0.977905 | expert_layer_1_time_expert_norm:26.251465 | expert_layer_1_factor_expert_norm:18.605950 | expert_layer_1_time_contrib_norm:18.705973 | expert_layer_1_factor_contrib_norm:5.357904 | expert_layer_1_contrib_norm_ratio:4.214607 | expert_layer_1_expert_cosine:-0.031481 | expert_layer_1_time_winner_ratio:0.976514 | loss_total:1.349141 | loss_main:1.349110 | loss_listmle:4.702548 | loss_mse:1.349110 | loss_ic:-0.156365 | loss_aux:0.000031 | loss_sparsity:0.000000 | valid_ratio:1.000000 | score_std:0.176494 | label_std:1.164713 | score_label_std_ratio:0.153045 | ic_pearson_batch:0.156366 | ic_raw:0.156366 | rank_ic_batch:0.154607 | rank_ic:0.154607 | gate_entropy:0.614645 | time_ratio:0.643283 | grad_norm:4.806238 | grad_norm_other:1.844448 | grad_norm_time_embedding:3.408770 | grad_norm_factor_film:0.089071 | grad_norm_regime_encoder:0.634326 | grad_norm_router:0.957024 | grad_norm_time_expert:0.612087 | grad_norm_factor_expert:0.645227 | grad_norm_pooling_head:2.149871 | grad_nonfinite_tensors:1.000000 | grad_nonfinite_values:1.000000 | optimizer_steps:2978.000000 | grad_attempt_steps:2979.000000 | grad_skipped_steps:1.000000 | grad_nonfinite_steps:1.000000 | grad_skipped_rate:0.000336 | grad_nonfinite_rate:0.000336 | lr:0.000019 | sampler_epoch:14.000000 | sampler_num_days:2979.000000 | sampler_num_batches:2979.000000 | sampler_batch_size:300.000000 | sampler_total_source_samples:856246.000000 | sampler_total_draws:893700.000000 | sampler_unique_samples:566705.000000 | sampler_coverage_ratio:0.661848 | sampler_coverage_gap_vs_full:0.338152 | sampler_duplicate_draws:326995.000000 | sampler_duplicate_rate:0.365889 | sampler_downsample_days:0.000000 | sampler_upsample_days:2877.000000 | sampler_exact_days:102.000000 | sampler_downsample_day_ratio:0.000000 | sampler_upsample_day_ratio:0.965760
| Valid 15 | time_embedding_norm:0.127306 | time_embedding_to_value_norm_ratio:0.728453 | time_tau:5.073564 | time_half_life:3.516727 | time_tau_std:0.000000 | time_tau_p10:5.073564 | time_tau_p90:5.073564 | time_tau_range_util:0.000000 | film_gamma_strength:0.087202 | film_beta_strength:0.010653 | factor_gate_mean:1.003504 | factor_gate_std:0.021197 | factor_gate_entropy:0.946150 | factor_gate_topk_mass_5:0.095875 | factor_gate_topk_mass_10:0.172534 | router_layer_0_time_ratio:0.675154 | router_layer_0_factor_ratio:0.324846 | router_layer_0_collapse_ratio:0.000000 | router_layer_0_entropy_norm:0.883531 | router_layer_0_logit_margin:0.779255 | expert_layer_0_time_expert_norm:14.695929 | expert_layer_0_factor_expert_norm:5.814643 | expert_layer_0_time_contrib_norm:9.923596 | expert_layer_0_factor_contrib_norm:1.886568 | expert_layer_0_contrib_norm_ratio:5.865408 | expert_layer_0_expert_cosine:-0.004497 | expert_layer_0_time_winner_ratio:1.000000 | router_layer_1_time_ratio:0.740918 | router_layer_1_factor_ratio:0.259082 | router_layer_1_collapse_ratio:0.000000 | router_layer_1_entropy_norm:0.804739 | router_layer_1_logit_margin:1.094654 | expert_layer_1_time_expert_norm:30.067421 | expert_layer_1_factor_expert_norm:17.818122 | expert_layer_1_time_contrib_norm:22.330562 | expert_layer_1_factor_contrib_norm:4.618409 | expert_layer_1_contrib_norm_ratio:5.342433 | expert_layer_1_expert_cosine:-0.033758 | expert_layer_1_time_winner_ratio:0.986743 | loss_total:0.042946 | loss_main:0.042915 | loss_listmle:4.717869 | loss_mse:0.042915 | loss_ic:-0.064232 | loss_aux:0.000030 | loss_sparsity:0.000000 | valid_ratio:1.000000 | score_std:0.178600 | label_std:0.045755 | score_label_std_ratio:4.049801 | gate_entropy:0.585110 | time_ratio:0.708036 | ic_pearson_daily:0.064240 | rank_ic_daily:0.075311 | ic_raw:0.064240 | rank_ic:0.075311
| Train 16 | time_embedding_norm:0.127168 | time_embedding_to_value_norm_ratio:0.728960 | time_tau:5.051325 | time_half_life:3.501312 | time_tau_std:0.012263 | time_tau_p10:5.036255 | time_tau_p90:5.066633 | time_tau_range_util:0.000614 | film_gamma_strength:0.086030 | film_beta_strength:0.009832 | factor_gate_mean:0.999949 | factor_gate_std:0.021034 | factor_gate_entropy:0.945803 | factor_gate_topk_mass_5:0.098630 | factor_gate_topk_mass_10:0.175939 | router_layer_0_time_ratio:0.578063 | router_layer_0_factor_ratio:0.421937 | router_layer_0_collapse_ratio:0.000000 | router_layer_0_entropy_norm:0.942476 | router_layer_0_logit_margin:0.474343 | expert_layer_0_time_expert_norm:13.920563 | expert_layer_0_factor_expert_norm:5.666299 | expert_layer_0_time_contrib_norm:8.054307 | expert_layer_0_factor_contrib_norm:2.388452 | expert_layer_0_contrib_norm_ratio:3.923193 | expert_layer_0_expert_cosine:-0.004878 | expert_layer_0_time_winner_ratio:0.999810 | router_layer_1_time_ratio:0.704420 | router_layer_1_factor_ratio:0.295580 | router_layer_1_collapse_ratio:0.002164 | router_layer_1_entropy_norm:0.837881 | router_layer_1_logit_margin:0.944325 | expert_layer_1_time_expert_norm:26.871356 | expert_layer_1_factor_expert_norm:18.932619 | expert_layer_1_time_contrib_norm:18.988972 | expert_layer_1_factor_contrib_norm:5.571980 | expert_layer_1_contrib_norm_ratio:4.069417 | expert_layer_1_expert_cosine:-0.038649 | expert_layer_1_time_winner_ratio:0.973701 | loss_total:1.347525 | loss_main:1.347494 | loss_listmle:4.702491 | loss_mse:1.347494 | loss_ic:-0.156907 | loss_aux:0.000031 | loss_sparsity:0.000000 | valid_ratio:1.000000 | score_std:0.178795 | label_std:1.164462 | score_label_std_ratio:0.155083 | ic_pearson_batch:0.156909 | ic_raw:0.156909 | rank_ic_batch:0.154856 | rank_ic:0.154856 | gate_entropy:0.617025 | time_ratio:0.641241 | grad_norm:4.743679 | grad_norm_other:1.892580 | grad_norm_time_embedding:3.317066 | grad_norm_factor_film:0.091599 | grad_norm_regime_encoder:0.670658 | grad_norm_router:0.987529 | grad_norm_time_expert:0.634388 | grad_norm_factor_expert:0.659420 | grad_norm_pooling_head:2.064972 | optimizer_steps:2979.000000 | grad_attempt_steps:2979.000000 | grad_skipped_steps:0.000000 | grad_nonfinite_steps:0.000000 | grad_skipped_rate:0.000000 | grad_nonfinite_rate:0.000000 | lr:0.000016 | sampler_epoch:15.000000 | sampler_num_days:2979.000000 | sampler_num_batches:2979.000000 | sampler_batch_size:300.000000 | sampler_total_source_samples:856246.000000 | sampler_total_draws:893700.000000 | sampler_unique_samples:566494.000000 | sampler_coverage_ratio:0.661602 | sampler_coverage_gap_vs_full:0.338398 | sampler_duplicate_draws:327206.000000 | sampler_duplicate_rate:0.366125 | sampler_downsample_days:0.000000 | sampler_upsample_days:2877.000000 | sampler_exact_days:102.000000 | sampler_downsample_day_ratio:0.000000 | sampler_upsample_day_ratio:0.965760
| Valid 16 | time_embedding_norm:0.126997 | time_embedding_to_value_norm_ratio:0.725048 | time_tau:5.072656 | time_half_life:3.516098 | time_tau_std:0.000000 | time_tau_p10:5.072656 | time_tau_p90:5.072656 | time_tau_range_util:0.000000 | film_gamma_strength:0.088231 | film_beta_strength:0.010854 | factor_gate_mean:1.003423 | factor_gate_std:0.021418 | factor_gate_entropy:0.946002 | factor_gate_topk_mass_5:0.096024 | factor_gate_topk_mass_10:0.172550 | router_layer_0_time_ratio:0.670965 | router_layer_0_factor_ratio:0.329035 | router_layer_0_collapse_ratio:0.000000 | router_layer_0_entropy_norm:0.890655 | router_layer_0_logit_margin:0.756689 | expert_layer_0_time_expert_norm:14.700863 | expert_layer_0_factor_expert_norm:5.734197 | expert_layer_0_time_contrib_norm:9.865143 | expert_layer_0_factor_contrib_norm:1.884298 | expert_layer_0_contrib_norm_ratio:5.757622 | expert_layer_0_expert_cosine:-0.001373 | expert_layer_0_time_winner_ratio:1.000000 | router_layer_1_time_ratio:0.781559 | router_layer_1_factor_ratio:0.218441 | router_layer_1_collapse_ratio:0.000000 | router_layer_1_entropy_norm:0.744141 | router_layer_1_logit_margin:1.300599 | expert_layer_1_time_expert_norm:30.256243 | expert_layer_1_factor_expert_norm:18.460472 | expert_layer_1_time_contrib_norm:23.683805 | expert_layer_1_factor_contrib_norm:4.034070 | expert_layer_1_contrib_norm_ratio:6.374226 | expert_layer_1_expert_cosine:-0.042911 | expert_layer_1_time_winner_ratio:0.998632 | loss_total:0.041382 | loss_main:0.041369 | loss_listmle:4.720392 | loss_mse:0.041369 | loss_ic:-0.068174 | loss_aux:0.000013 | loss_sparsity:0.000000 | valid_ratio:1.000000 | score_std:0.183168 | label_std:0.045755 | score_label_std_ratio:4.169282 | gate_entropy:0.566577 | time_ratio:0.726262 | ic_pearson_daily:0.068182 | rank_ic_daily:0.078095 | ic_raw:0.068182 | rank_ic:0.078095
| Train 17 | time_embedding_norm:0.126869 | time_embedding_to_value_norm_ratio:0.725961 | time_tau:5.053979 | time_half_life:3.503151 | time_tau_std:0.013093 | time_tau_p10:5.037822 | time_tau_p90:5.070329 | time_tau_range_util:0.000657 | film_gamma_strength:0.087858 | film_beta_strength:0.010007 | factor_gate_mean:0.999945 | factor_gate_std:0.021522 | factor_gate_entropy:0.945653 | factor_gate_topk_mass_5:0.098352 | factor_gate_topk_mass_10:0.175565 | router_layer_0_time_ratio:0.575373 | router_layer_0_factor_ratio:0.424627 | router_layer_0_collapse_ratio:0.000000 | router_layer_0_entropy_norm:0.946028 | router_layer_0_logit_margin:0.457190 | expert_layer_0_time_expert_norm:13.937736 | expert_layer_0_factor_expert_norm:5.591821 | expert_layer_0_time_contrib_norm:8.025929 | expert_layer_0_factor_contrib_norm:2.373067 | expert_layer_0_contrib_norm_ratio:3.903197 | expert_layer_0_expert_cosine:-0.003881 | expert_layer_0_time_winner_ratio:0.999934 | router_layer_1_time_ratio:0.707082 | router_layer_1_factor_ratio:0.292918 | router_layer_1_collapse_ratio:0.001176 | router_layer_1_entropy_norm:0.838387 | router_layer_1_logit_margin:0.944837 | expert_layer_1_time_expert_norm:27.005686 | expert_layer_1_factor_expert_norm:19.465302 | expert_layer_1_time_contrib_norm:19.156697 | expert_layer_1_factor_contrib_norm:5.685189 | expert_layer_1_contrib_norm_ratio:3.970983 | expert_layer_1_expert_cosine:-0.049476 | expert_layer_1_time_winner_ratio:0.979088 | loss_total:1.349251 | loss_main:1.349226 | loss_listmle:4.702520 | loss_mse:1.349226 | loss_ic:-0.158845 | loss_aux:0.000025 | loss_sparsity:0.000000 | valid_ratio:1.000000 | score_std:0.181677 | label_std:1.165486 | score_label_std_ratio:0.157413 | ic_pearson_batch:0.158847 | ic_raw:0.158847 | rank_ic_batch:0.156815 | rank_ic:0.156815 | gate_entropy:0.618431 | time_ratio:0.641227 | grad_norm:4.995697 | grad_norm_other:2.004097 | grad_norm_time_embedding:3.533719 | grad_norm_factor_film:0.095769 | grad_norm_regime_encoder:0.692675 | grad_norm_router:1.050844 | grad_norm_time_expert:0.676174 | grad_norm_factor_expert:0.709090 | grad_norm_pooling_head:2.119133 | grad_nonfinite_tensors:4.500000 | grad_nonfinite_values:30.500000 | optimizer_steps:2977.000000 | grad_attempt_steps:2979.000000 | grad_skipped_steps:2.000000 | grad_nonfinite_steps:2.000000 | grad_skipped_rate:0.000671 | grad_nonfinite_rate:0.000671 | lr:0.000013 | sampler_epoch:16.000000 | sampler_num_days:2979.000000 | sampler_num_batches:2979.000000 | sampler_batch_size:300.000000 | sampler_total_source_samples:856246.000000 | sampler_total_draws:893700.000000 | sampler_unique_samples:566266.000000 | sampler_coverage_ratio:0.661336 | sampler_coverage_gap_vs_full:0.338664 | sampler_duplicate_draws:327434.000000 | sampler_duplicate_rate:0.366380 | sampler_downsample_days:0.000000 | sampler_upsample_days:2877.000000 | sampler_exact_days:102.000000 | sampler_downsample_day_ratio:0.000000 | sampler_upsample_day_ratio:0.965760
| Valid 17 | time_embedding_norm:0.126884 | time_embedding_to_value_norm_ratio:0.722957 | time_tau:5.075975 | time_half_life:3.518398 | time_tau_std:0.000000 | time_tau_p10:5.075975 | time_tau_p90:5.075975 | time_tau_range_util:0.000000 | film_gamma_strength:0.089256 | film_beta_strength:0.011103 | factor_gate_mean:1.003642 | factor_gate_std:0.021608 | factor_gate_entropy:0.946113 | factor_gate_topk_mass_5:0.095496 | factor_gate_topk_mass_10:0.171906 | router_layer_0_time_ratio:0.678883 | router_layer_0_factor_ratio:0.321117 | router_layer_0_collapse_ratio:0.000000 | router_layer_0_entropy_norm:0.880304 | router_layer_0_logit_margin:0.799466 | expert_layer_0_time_expert_norm:14.665126 | expert_layer_0_factor_expert_norm:5.871426 | expert_layer_0_time_contrib_norm:9.958400 | expert_layer_0_factor_contrib_norm:1.882368 | expert_layer_0_contrib_norm_ratio:5.859718 | expert_layer_0_expert_cosine:-0.004500 | expert_layer_0_time_winner_ratio:1.000000 | router_layer_1_time_ratio:0.744765 | router_layer_1_factor_ratio:0.255235 | router_layer_1_collapse_ratio:0.000000 | router_layer_1_entropy_norm:0.802215 | router_layer_1_logit_margin:1.106345 | expert_layer_1_time_expert_norm:29.242863 | expert_layer_1_factor_expert_norm:19.593377 | expert_layer_1_time_contrib_norm:21.837026 | expert_layer_1_factor_contrib_norm:5.014966 | expert_layer_1_contrib_norm_ratio:4.765286 | expert_layer_1_expert_cosine:-0.048115 | expert_layer_1_time_winner_ratio:0.985183 | loss_total:0.037279 | loss_main:0.037261 | loss_listmle:4.718578 | loss_mse:0.037261 | loss_ic:-0.067977 | loss_aux:0.000018 | loss_sparsity:0.000000 | valid_ratio:1.000000 | score_std:0.168501 | label_std:0.045755 | score_label_std_ratio:3.832430 | gate_entropy:0.583117 | time_ratio:0.711824 | ic_pearson_daily:0.067988 | rank_ic_daily:0.076570 | ic_raw:0.067988 | rank_ic:0.076570
| Train 18 | time_embedding_norm:0.126641 | time_embedding_to_value_norm_ratio:0.723436 | time_tau:5.056201 | time_half_life:3.504691 | time_tau_std:0.013558 | time_tau_p10:5.039549 | time_tau_p90:5.073174 | time_tau_range_util:0.000679 | film_gamma_strength:0.088720 | film_beta_strength:0.010139 | factor_gate_mean:0.999966 | factor_gate_std:0.021676 | factor_gate_entropy:0.945323 | factor_gate_topk_mass_5:0.098550 | factor_gate_topk_mass_10:0.175731 | router_layer_0_time_ratio:0.578276 | router_layer_0_factor_ratio:0.421724 | router_layer_0_collapse_ratio:0.000000 | router_layer_0_entropy_norm:0.942835 | router_layer_0_logit_margin:0.473593 | expert_layer_0_time_expert_norm:14.020062 | expert_layer_0_factor_expert_norm:5.610095 | expert_layer_0_time_contrib_norm:8.114487 | expert_layer_0_factor_contrib_norm:2.364768 | expert_layer_0_contrib_norm_ratio:3.989776 | expert_layer_0_expert_cosine:-0.004215 | expert_layer_0_time_winner_ratio:0.999877 | router_layer_1_time_ratio:0.710938 | router_layer_1_factor_ratio:0.289062 | router_layer_1_collapse_ratio:0.001481 | router_layer_1_entropy_norm:0.833596 | router_layer_1_logit_margin:0.963483 | expert_layer_1_time_expert_norm:26.801484 | expert_layer_1_factor_expert_norm:19.786107 | expert_layer_1_time_contrib_norm:19.123139 | expert_layer_1_factor_contrib_norm:5.712920 | expert_layer_1_contrib_norm_ratio:3.959132 | expert_layer_1_expert_cosine:-0.062909 | expert_layer_1_time_winner_ratio:0.977420 | loss_total:1.346837 | loss_main:1.346814 | loss_listmle:4.701585 | loss_mse:1.346814 | loss_ic:-0.163033 | loss_aux:0.000023 | loss_sparsity:0.000000 | valid_ratio:1.000000 | score_std:0.183686 | label_std:1.165369 | score_label_std_ratio:0.159115 | ic_pearson_batch:0.163034 | ic_raw:0.163034 | rank_ic_batch:0.161031 | rank_ic:0.161031 | gate_entropy:0.615664 | time_ratio:0.644607 | grad_norm:5.217329 | grad_norm_other:2.118546 | grad_norm_time_embedding:3.714500 | grad_norm_factor_film:0.099323 | grad_norm_regime_encoder:0.709406 | grad_norm_router:1.104668 | grad_norm_time_expert:0.723066 | grad_norm_factor_expert:0.752120 | grad_norm_pooling_head:2.152838 | grad_nonfinite_tensors:6.000000 | grad_nonfinite_values:75.000000 | optimizer_steps:2978.000000 | grad_attempt_steps:2979.000000 | grad_skipped_steps:1.000000 | grad_nonfinite_steps:1.000000 | grad_skipped_rate:0.000336 | grad_nonfinite_rate:0.000336 | lr:0.000010 | sampler_epoch:17.000000 | sampler_num_days:2979.000000 | sampler_num_batches:2979.000000 | sampler_batch_size:300.000000 | sampler_total_source_samples:856246.000000 | sampler_total_draws:893700.000000 | sampler_unique_samples:566807.000000 | sampler_coverage_ratio:0.661967 | sampler_coverage_gap_vs_full:0.338033 | sampler_duplicate_draws:326893.000000 | sampler_duplicate_rate:0.365775 | sampler_downsample_days:0.000000 | sampler_upsample_days:2877.000000 | sampler_exact_days:102.000000 | sampler_downsample_day_ratio:0.000000 | sampler_upsample_day_ratio:0.965760
| Valid 18 | time_embedding_norm:0.126554 | time_embedding_to_value_norm_ratio:0.720057 | time_tau:5.084220 | time_half_life:3.524113 | time_tau_std:0.000000 | time_tau_p10:5.084220 | time_tau_p90:5.084220 | time_tau_range_util:0.000000 | film_gamma_strength:0.089791 | film_beta_strength:0.011223 | factor_gate_mean:1.003636 | factor_gate_std:0.021609 | factor_gate_entropy:0.945835 | factor_gate_topk_mass_5:0.096061 | factor_gate_topk_mass_10:0.172521 | router_layer_0_time_ratio:0.682186 | router_layer_0_factor_ratio:0.317814 | router_layer_0_collapse_ratio:0.000000 | router_layer_0_entropy_norm:0.877037 | router_layer_0_logit_margin:0.814079 | expert_layer_0_time_expert_norm:14.804746 | expert_layer_0_factor_expert_norm:5.886786 | expert_layer_0_time_contrib_norm:10.102621 | expert_layer_0_factor_contrib_norm:1.868006 | expert_layer_0_contrib_norm_ratio:5.988785 | expert_layer_0_expert_cosine:-0.002747 | expert_layer_0_time_winner_ratio:1.000000 | router_layer_1_time_ratio:0.756053 | router_layer_1_factor_ratio:0.243947 | router_layer_1_collapse_ratio:0.000000 | router_layer_1_entropy_norm:0.785527 | router_layer_1_logit_margin:1.163355 | expert_layer_1_time_expert_norm:29.978030 | expert_layer_1_factor_expert_norm:19.122818 | expert_layer_1_time_contrib_norm:22.719275 | expert_layer_1_factor_contrib_norm:4.679500 | expert_layer_1_contrib_norm_ratio:5.308237 | expert_layer_1_expert_cosine:-0.052575 | expert_layer_1_time_winner_ratio:0.989142 | loss_total:0.042817 | loss_main:0.042801 | loss_listmle:4.720463 | loss_mse:0.042801 | loss_ic:-0.067802 | loss_aux:0.000016 | loss_sparsity:0.000000 | valid_ratio:1.000000 | score_std:0.177405 | label_std:0.045755 | score_label_std_ratio:4.033165 | gate_entropy:0.576201 | time_ratio:0.719119 | ic_pearson_daily:0.067813 | rank_ic_daily:0.076317 | ic_raw:0.067813 | rank_ic:0.076317
| Train 19 | time_embedding_norm:0.126479 | time_embedding_to_value_norm_ratio:0.721634 | time_tau:5.061234 | time_half_life:3.508180 | time_tau_std:0.014384 | time_tau_p10:5.043519 | time_tau_p90:5.079284 | time_tau_range_util:0.000723 | film_gamma_strength:0.089449 | film_beta_strength:0.010246 | factor_gate_mean:0.999936 | factor_gate_std:0.021812 | factor_gate_entropy:0.944970 | factor_gate_topk_mass_5:0.098920 | factor_gate_topk_mass_10:0.176427 | router_layer_0_time_ratio:0.581207 | router_layer_0_factor_ratio:0.418793 | router_layer_0_collapse_ratio:0.000000 | router_layer_0_entropy_norm:0.939455 | router_layer_0_logit_margin:0.488860 | expert_layer_0_time_expert_norm:14.124825 | expert_layer_0_factor_expert_norm:5.614474 | expert_layer_0_time_contrib_norm:8.217076 | expert_layer_0_factor_contrib_norm:2.350273 | expert_layer_0_contrib_norm_ratio:4.101420 | expert_layer_0_expert_cosine:-0.002066 | expert_layer_0_time_winner_ratio:0.999821 | router_layer_1_time_ratio:0.713654 | router_layer_1_factor_ratio:0.286346 | router_layer_1_collapse_ratio:0.001131 | router_layer_1_entropy_norm:0.833337 | router_layer_1_logit_margin:0.967461 | expert_layer_1_time_expert_norm:26.711952 | expert_layer_1_factor_expert_norm:19.874436 | expert_layer_1_time_contrib_norm:19.112853 | expert_layer_1_factor_contrib_norm:5.669981 | expert_layer_1_contrib_norm_ratio:3.912788 | expert_layer_1_expert_cosine:-0.067760 | expert_layer_1_time_winner_ratio:0.984451 | loss_total:1.345869 | loss_main:1.345847 | loss_listmle:4.701680 | loss_mse:1.345847 | loss_ic:-0.162640 | loss_aux:0.000021 | loss_sparsity:0.000000 | valid_ratio:1.000000 | score_std:0.185329 | label_std:1.165127 | score_label_std_ratio:0.160624 | ic_pearson_batch:0.162641 | ic_raw:0.162641 | rank_ic_batch:0.160768 | rank_ic:0.160768 | gate_entropy:0.614403 | time_ratio:0.647431 | grad_norm:5.242438 | grad_norm_other:2.142692 | grad_norm_time_embedding:3.734365 | grad_norm_factor_film:0.098375 | grad_norm_regime_encoder:0.712593 | grad_norm_router:1.128562 | grad_norm_time_expert:0.735486 | grad_norm_factor_expert:0.764651 | grad_norm_pooling_head:2.118336 | grad_nonfinite_tensors:5.000000 | grad_nonfinite_values:37.000000 | optimizer_steps:2978.000000 | grad_attempt_steps:2979.000000 | grad_skipped_steps:1.000000 | grad_nonfinite_steps:1.000000 | grad_skipped_rate:0.000336 | grad_nonfinite_rate:0.000336 | lr:0.000007 | sampler_epoch:18.000000 | sampler_num_days:2979.000000 | sampler_num_batches:2979.000000 | sampler_batch_size:300.000000 | sampler_total_source_samples:856246.000000 | sampler_total_draws:893700.000000 | sampler_unique_samples:566444.000000 | sampler_coverage_ratio:0.661544 | sampler_coverage_gap_vs_full:0.338456 | sampler_duplicate_draws:327256.000000 | sampler_duplicate_rate:0.366181 | sampler_downsample_days:0.000000 | sampler_upsample_days:2877.000000 | sampler_exact_days:102.000000 | sampler_downsample_day_ratio:0.000000 | sampler_upsample_day_ratio:0.965760
| Valid 19 | time_embedding_norm:0.126556 | time_embedding_to_value_norm_ratio:0.719511 | time_tau:5.084191 | time_half_life:3.524092 | time_tau_std:0.000000 | time_tau_p10:5.084191 | time_tau_p90:5.084191 | time_tau_range_util:0.000000 | film_gamma_strength:0.090640 | film_beta_strength:0.011351 | factor_gate_mean:1.003699 | factor_gate_std:0.021830 | factor_gate_entropy:0.945530 | factor_gate_topk_mass_5:0.096368 | factor_gate_topk_mass_10:0.172904 | router_layer_0_time_ratio:0.680530 | router_layer_0_factor_ratio:0.319470 | router_layer_0_collapse_ratio:0.000000 | router_layer_0_entropy_norm:0.876914 | router_layer_0_logit_margin:0.811557 | expert_layer_0_time_expert_norm:14.796146 | expert_layer_0_factor_expert_norm:5.931728 | expert_layer_0_time_contrib_norm:10.072582 | expert_layer_0_factor_contrib_norm:1.891957 | expert_layer_0_contrib_norm_ratio:5.934968 | expert_layer_0_expert_cosine:-0.002061 | expert_layer_0_time_winner_ratio:0.999995 | router_layer_1_time_ratio:0.753674 | router_layer_1_factor_ratio:0.246326 | router_layer_1_collapse_ratio:0.000000 | router_layer_1_entropy_norm:0.789394 | router_layer_1_logit_margin:1.150868 | expert_layer_1_time_expert_norm:29.469548 | expert_layer_1_factor_expert_norm:19.504616 | expert_layer_1_time_contrib_norm:22.263380 | expert_layer_1_factor_contrib_norm:4.821797 | expert_layer_1_contrib_norm_ratio:5.052535 | expert_layer_1_expert_cosine:-0.089682 | expert_layer_1_time_winner_ratio:0.986601 | loss_total:0.047842 | loss_main:0.047825 | loss_listmle:4.723020 | loss_mse:0.047825 | loss_ic:-0.066568 | loss_aux:0.000017 | loss_sparsity:0.000000 | valid_ratio:1.000000 | score_std:0.193178 | label_std:0.045755 | score_label_std_ratio:4.393007 | gate_entropy:0.577499 | time_ratio:0.717102 | ic_pearson_daily:0.066577 | rank_ic_daily:0.075591 | ic_raw:0.066577 | rank_ic:0.075591
| Train 20 | time_embedding_norm:0.126319 | time_embedding_to_value_norm_ratio:0.720242 | time_tau:5.059848 | time_half_life:3.507219 | time_tau_std:0.014542 | time_tau_p10:5.042018 | time_tau_p90:5.078070 | time_tau_range_util:0.000728 | film_gamma_strength:0.090019 | film_beta_strength:0.010312 | factor_gate_mean:0.999960 | factor_gate_std:0.022032 | factor_gate_entropy:0.944804 | factor_gate_topk_mass_5:0.098971 | factor_gate_topk_mass_10:0.176537 | router_layer_0_time_ratio:0.578375 | router_layer_0_factor_ratio:0.421625 | router_layer_0_collapse_ratio:0.000000 | router_layer_0_entropy_norm:0.939272 | router_layer_0_logit_margin:0.490384 | expert_layer_0_time_expert_norm:14.100257 | expert_layer_0_factor_expert_norm:5.632441 | expert_layer_0_time_contrib_norm:8.164274 | expert_layer_0_factor_contrib_norm:2.374116 | expert_layer_0_contrib_norm_ratio:4.056219 | expert_layer_0_expert_cosine:-0.002122 | expert_layer_0_time_winner_ratio:0.999795 | router_layer_1_time_ratio:0.704071 | router_layer_1_factor_ratio:0.295929 | router_layer_1_collapse_ratio:0.000695 | router_layer_1_entropy_norm:0.845682 | router_layer_1_logit_margin:0.922763 | expert_layer_1_time_expert_norm:26.550448 | expert_layer_1_factor_expert_norm:19.954495 | expert_layer_1_time_contrib_norm:18.758054 | expert_layer_1_factor_contrib_norm:5.902218 | expert_layer_1_contrib_norm_ratio:3.698425 | expert_layer_1_expert_cosine:-0.082229 | expert_layer_1_time_winner_ratio:0.975276 | loss_total:1.343788 | loss_main:1.343765 | loss_listmle:4.701922 | loss_mse:1.343765 | loss_ic:-0.163869 | loss_aux:0.000024 | loss_sparsity:0.000000 | valid_ratio:1.000000 | score_std:0.189015 | label_std:1.164681 | score_label_std_ratio:0.163887 | ic_pearson_batch:0.163870 | ic_raw:0.163870 | rank_ic_batch:0.162690 | rank_ic:0.162690 | gate_entropy:0.618618 | time_ratio:0.641223 | grad_norm:5.349440 | grad_norm_other:2.215329 | grad_norm_time_embedding:3.840254 | grad_norm_factor_film:0.102262 | grad_norm_regime_encoder:0.730065 | grad_norm_router:1.117645 | grad_norm_time_expert:0.768211 | grad_norm_factor_expert:0.796677 | grad_norm_pooling_head:2.096696 | grad_nonfinite_tensors:2.000000 | grad_nonfinite_values:3.500000 | optimizer_steps:2977.000000 | grad_attempt_steps:2979.000000 | grad_skipped_steps:2.000000 | grad_nonfinite_steps:2.000000 | grad_skipped_rate:0.000671 | grad_nonfinite_rate:0.000671 | lr:0.000005 | sampler_epoch:19.000000 | sampler_num_days:2979.000000 | sampler_num_batches:2979.000000 | sampler_batch_size:300.000000 | sampler_total_source_samples:856246.000000 | sampler_total_draws:893700.000000 | sampler_unique_samples:566802.000000 | sampler_coverage_ratio:0.661962 | sampler_coverage_gap_vs_full:0.338038 | sampler_duplicate_draws:326898.000000 | sampler_duplicate_rate:0.365780 | sampler_downsample_days:0.000000 | sampler_upsample_days:2877.000000 | sampler_exact_days:102.000000 | sampler_downsample_day_ratio:0.000000 | sampler_upsample_day_ratio:0.965760
| Valid 20 | time_embedding_norm:0.126299 | time_embedding_to_value_norm_ratio:0.717643 | time_tau:5.085858 | time_half_life:3.525248 | time_tau_std:0.000000 | time_tau_p10:5.085858 | time_tau_p90:5.085858 | time_tau_range_util:0.000000 | film_gamma_strength:0.091145 | film_beta_strength:0.011396 | factor_gate_mean:1.003729 | factor_gate_std:0.021981 | factor_gate_entropy:0.945479 | factor_gate_topk_mass_5:0.096247 | factor_gate_topk_mass_10:0.172783 | router_layer_0_time_ratio:0.682476 | router_layer_0_factor_ratio:0.317524 | router_layer_0_collapse_ratio:0.000000 | router_layer_0_entropy_norm:0.874434 | router_layer_0_logit_margin:0.822218 | expert_layer_0_time_expert_norm:14.782645 | expert_layer_0_factor_expert_norm:5.884833 | expert_layer_0_time_contrib_norm:10.092435 | expert_layer_0_factor_contrib_norm:1.865854 | expert_layer_0_contrib_norm_ratio:6.040062 | expert_layer_0_expert_cosine:-0.000784 | expert_layer_0_time_winner_ratio:1.000000 | router_layer_1_time_ratio:0.745334 | router_layer_1_factor_ratio:0.254666 | router_layer_1_collapse_ratio:0.000000 | router_layer_1_entropy_norm:0.803375 | router_layer_1_logit_margin:1.103980 | expert_layer_1_time_expert_norm:29.669603 | expert_layer_1_factor_expert_norm:19.346465 | expert_layer_1_time_contrib_norm:22.168943 | expert_layer_1_factor_contrib_norm:4.946021 | expert_layer_1_contrib_norm_ratio:4.883789 | expert_layer_1_expert_cosine:-0.089255 | expert_layer_1_time_winner_ratio:0.986710 | loss_total:0.044833 | loss_main:0.044815 | loss_listmle:4.721811 | loss_mse:0.044815 | loss_ic:-0.068170 | loss_aux:0.000018 | loss_sparsity:0.000000 | valid_ratio:1.000000 | score_std:0.188457 | label_std:0.045755 | score_label_std_ratio:4.288637 | gate_entropy:0.581484 | time_ratio:0.713905 | ic_pearson_daily:0.068178 | rank_ic_daily:0.077531 | ic_raw:0.068178 | rank_ic:0.077531
| Train 21 | time_embedding_norm:0.126127 | time_embedding_to_value_norm_ratio:0.718735 | time_tau:5.061413 | time_half_life:3.508304 | time_tau_std:0.014823 | time_tau_p10:5.043174 | time_tau_p90:5.079984 | time_tau_range_util:0.000744 | film_gamma_strength:0.090319 | film_beta_strength:0.010362 | factor_gate_mean:0.999936 | factor_gate_std:0.022126 | factor_gate_entropy:0.944797 | factor_gate_topk_mass_5:0.098818 | factor_gate_topk_mass_10:0.176306 | router_layer_0_time_ratio:0.577826 | router_layer_0_factor_ratio:0.422174 | router_layer_0_collapse_ratio:0.000000 | router_layer_0_entropy_norm:0.939768 | router_layer_0_logit_margin:0.488604 | expert_layer_0_time_expert_norm:14.040272 | expert_layer_0_factor_expert_norm:5.614987 | expert_layer_0_time_contrib_norm:8.121072 | expert_layer_0_factor_contrib_norm:2.369898 | expert_layer_0_contrib_norm_ratio:4.035579 | expert_layer_0_expert_cosine:-0.001512 | expert_layer_0_time_winner_ratio:0.999765 | router_layer_1_time_ratio:0.709821 | router_layer_1_factor_ratio:0.290179 | router_layer_1_collapse_ratio:0.000571 | router_layer_1_entropy_norm:0.841316 | router_layer_1_logit_margin:0.942447 | expert_layer_1_time_expert_norm:26.579442 | expert_layer_1_factor_expert_norm:20.042938 | expert_layer_1_time_contrib_norm:18.925673 | expert_layer_1_factor_contrib_norm:5.811298 | expert_layer_1_contrib_norm_ratio:3.746426 | expert_layer_1_expert_cosine:-0.087431 | expert_layer_1_time_winner_ratio:0.983191 | loss_total:1.346205 | loss_main:1.346184 | loss_listmle:4.702239 | loss_mse:1.346184 | loss_ic:-0.164651 | loss_aux:0.000021 | loss_sparsity:0.000000 | valid_ratio:1.000000 | score_std:0.189815 | label_std:1.165963 | score_label_std_ratio:0.164372 | ic_pearson_batch:0.164652 | ic_raw:0.164652 | rank_ic_batch:0.162586 | rank_ic:0.162586 | gate_entropy:0.617277 | time_ratio:0.643823 | grad_norm:5.573338 | grad_norm_other:2.284830 | grad_norm_time_embedding:4.056529 | grad_norm_factor_film:0.104923 | grad_norm_regime_encoder:0.749174 | grad_norm_router:1.166127 | grad_norm_time_expert:0.791588 | grad_norm_factor_expert:0.842158 | grad_norm_pooling_head:2.097462 | grad_nonfinite_tensors:3.000000 | grad_nonfinite_values:5.000000 | optimizer_steps:2978.000000 | grad_attempt_steps:2979.000000 | grad_skipped_steps:1.000000 | grad_nonfinite_steps:1.000000 | grad_skipped_rate:0.000336 | grad_nonfinite_rate:0.000336 | lr:0.000003 | sampler_epoch:20.000000 | sampler_num_days:2979.000000 | sampler_num_batches:2979.000000 | sampler_batch_size:300.000000 | sampler_total_source_samples:856246.000000 | sampler_total_draws:893700.000000 | sampler_unique_samples:566712.000000 | sampler_coverage_ratio:0.661857 | sampler_coverage_gap_vs_full:0.338143 | sampler_duplicate_draws:326988.000000 | sampler_duplicate_rate:0.365881 | sampler_downsample_days:0.000000 | sampler_upsample_days:2877.000000 | sampler_exact_days:102.000000 | sampler_downsample_day_ratio:0.000000 | sampler_upsample_day_ratio:0.965760
| Valid 21 | time_embedding_norm:0.126052 | time_embedding_to_value_norm_ratio:0.716042 | time_tau:5.088778 | time_half_life:3.527272 | time_tau_std:0.000000 | time_tau_p10:5.088778 | time_tau_p90:5.088778 | time_tau_range_util:0.000000 | film_gamma_strength:0.091857 | film_beta_strength:0.011463 | factor_gate_mean:1.003753 | factor_gate_std:0.022181 | factor_gate_entropy:0.945422 | factor_gate_topk_mass_5:0.096339 | factor_gate_topk_mass_10:0.172906 | router_layer_0_time_ratio:0.685588 | router_layer_0_factor_ratio:0.314412 | router_layer_0_collapse_ratio:0.000000 | router_layer_0_entropy_norm:0.870958 | router_layer_0_logit_margin:0.836059 | expert_layer_0_time_expert_norm:14.807470 | expert_layer_0_factor_expert_norm:5.861907 | expert_layer_0_time_contrib_norm:10.155409 | expert_layer_0_factor_contrib_norm:1.840165 | expert_layer_0_contrib_norm_ratio:6.167551 | expert_layer_0_expert_cosine:-0.000704 | expert_layer_0_time_winner_ratio:1.000000 | router_layer_1_time_ratio:0.737264 | router_layer_1_factor_ratio:0.262736 | router_layer_1_collapse_ratio:0.000000 | router_layer_1_entropy_norm:0.815334 | router_layer_1_logit_margin:1.062860 | expert_layer_1_time_expert_norm:29.807656 | expert_layer_1_factor_expert_norm:18.861090 | expert_layer_1_time_contrib_norm:22.030828 | expert_layer_1_factor_contrib_norm:4.973048 | expert_layer_1_contrib_norm_ratio:4.818614 | expert_layer_1_expert_cosine:-0.109877 | expert_layer_1_time_winner_ratio:0.986377 | loss_total:0.049816 | loss_main:0.049793 | loss_listmle:4.725726 | loss_mse:0.049793 | loss_ic:-0.066807 | loss_aux:0.000023 | loss_sparsity:0.000000 | valid_ratio:1.000000 | score_std:0.202845 | label_std:0.045755 | score_label_std_ratio:4.611912 | gate_entropy:0.584425 | time_ratio:0.711426 | ic_pearson_daily:0.066815 | rank_ic_daily:0.075965 | ic_raw:0.066815 | rank_ic:0.075965
| Train 22 | time_embedding_norm:0.126005 | time_embedding_to_value_norm_ratio:0.718008 | time_tau:5.062099 | time_half_life:3.508780 | time_tau_std:0.015003 | time_tau_p10:5.043664 | time_tau_p90:5.080892 | time_tau_range_util:0.000752 | film_gamma_strength:0.090286 | film_beta_strength:0.010392 | factor_gate_mean:0.999945 | factor_gate_std:0.022109 | factor_gate_entropy:0.944772 | factor_gate_topk_mass_5:0.099000 | factor_gate_topk_mass_10:0.176491 | router_layer_0_time_ratio:0.579946 | router_layer_0_factor_ratio:0.420054 | router_layer_0_collapse_ratio:0.000000 | router_layer_0_entropy_norm:0.938055 | router_layer_0_logit_margin:0.495230 | expert_layer_0_time_expert_norm:14.037061 | expert_layer_0_factor_expert_norm:5.605936 | expert_layer_0_time_contrib_norm:8.149163 | expert_layer_0_factor_contrib_norm:2.353751 | expert_layer_0_contrib_norm_ratio:4.091768 | expert_layer_0_expert_cosine:-0.001573 | expert_layer_0_time_winner_ratio:0.999749 | router_layer_1_time_ratio:0.702545 | router_layer_1_factor_ratio:0.297455 | router_layer_1_collapse_ratio:0.000049 | router_layer_1_entropy_norm:0.849262 | router_layer_1_logit_margin:0.910926 | expert_layer_1_time_expert_norm:26.530549 | expert_layer_1_factor_expert_norm:19.687215 | expert_layer_1_time_contrib_norm:18.696058 | expert_layer_1_factor_contrib_norm:5.844918 | expert_layer_1_contrib_norm_ratio:3.679717 | expert_layer_1_expert_cosine:-0.096973 | expert_layer_1_time_winner_ratio:0.981235 | loss_total:1.343176 | loss_main:1.343154 | loss_listmle:4.701402 | loss_mse:1.343154 | loss_ic:-0.167900 | loss_aux:0.000022 | loss_sparsity:0.000000 | valid_ratio:1.000000 | score_std:0.195277 | label_std:1.165414 | score_label_std_ratio:0.169248 | ic_pearson_batch:0.167902 | ic_raw:0.167902 | rank_ic_batch:0.165505 | rank_ic:0.165505 | gate_entropy:0.619437 | time_ratio:0.641245 | grad_norm:5.745789 | grad_norm_other:2.366363 | grad_norm_time_embedding:4.205064 | grad_norm_factor_film:0.106925 | grad_norm_regime_encoder:0.770693 | grad_norm_router:1.192415 | grad_norm_time_expert:0.829967 | grad_norm_factor_expert:0.879841 | grad_norm_pooling_head:2.109413 | grad_nonfinite_tensors:3.000000 | grad_nonfinite_values:6.000000 | optimizer_steps:2978.000000 | grad_attempt_steps:2979.000000 | grad_skipped_steps:1.000000 | grad_nonfinite_steps:1.000000 | grad_skipped_rate:0.000336 | grad_nonfinite_rate:0.000336 | lr:0.000002 | sampler_epoch:21.000000 | sampler_num_days:2979.000000 | sampler_num_batches:2979.000000 | sampler_batch_size:300.000000 | sampler_total_source_samples:856246.000000 | sampler_total_draws:893700.000000 | sampler_unique_samples:566419.000000 | sampler_coverage_ratio:0.661514 | sampler_coverage_gap_vs_full:0.338486 | sampler_duplicate_draws:327281.000000 | sampler_duplicate_rate:0.366209 | sampler_downsample_days:0.000000 | sampler_upsample_days:2877.000000 | sampler_exact_days:102.000000 | sampler_downsample_day_ratio:0.000000 | sampler_upsample_day_ratio:0.965760
| Valid 22 | time_embedding_norm:0.126077 | time_embedding_to_value_norm_ratio:0.716152 | time_tau:5.090235 | time_half_life:3.528282 | time_tau_std:0.000000 | time_tau_p10:5.090235 | time_tau_p90:5.090235 | time_tau_range_util:0.000000 | film_gamma_strength:0.092214 | film_beta_strength:0.011487 | factor_gate_mean:1.003771 | factor_gate_std:0.022276 | factor_gate_entropy:0.945353 | factor_gate_topk_mass_5:0.096472 | factor_gate_topk_mass_10:0.173061 | router_layer_0_time_ratio:0.683718 | router_layer_0_factor_ratio:0.316282 | router_layer_0_collapse_ratio:0.000000 | router_layer_0_entropy_norm:0.872434 | router_layer_0_logit_margin:0.828889 | expert_layer_0_time_expert_norm:14.736367 | expert_layer_0_factor_expert_norm:5.877637 | expert_layer_0_time_contrib_norm:10.079206 | expert_layer_0_factor_contrib_norm:1.856021 | expert_layer_0_contrib_norm_ratio:6.080659 | expert_layer_0_expert_cosine:-0.001103 | expert_layer_0_time_winner_ratio:0.999995 | router_layer_1_time_ratio:0.746270 | router_layer_1_factor_ratio:0.253730 | router_layer_1_collapse_ratio:0.000000 | router_layer_1_entropy_norm:0.802200 | router_layer_1_logit_margin:1.108871 | expert_layer_1_time_expert_norm:29.573951 | expert_layer_1_factor_expert_norm:19.285823 | expert_layer_1_time_contrib_norm:22.122411 | expert_layer_1_factor_contrib_norm:4.908175 | expert_layer_1_contrib_norm_ratio:4.895482 | expert_layer_1_expert_cosine:-0.109839 | expert_layer_1_time_winner_ratio:0.987100 | loss_total:0.049161 | loss_main:0.049143 | loss_listmle:4.725281 | loss_mse:0.049143 | loss_ic:-0.067377 | loss_aux:0.000019 | loss_sparsity:0.000000 | valid_ratio:1.000000 | score_std:0.198876 | label_std:0.045755 | score_label_std_ratio:4.522740 | gate_entropy:0.580384 | time_ratio:0.714994 | ic_pearson_daily:0.067385 | rank_ic_daily:0.075911 | ic_raw:0.067385 | rank_ic:0.075911
| Train 23 | time_embedding_norm:0.125996 | time_embedding_to_value_norm_ratio:0.718049 | time_tau:5.063430 | time_half_life:3.509702 | time_tau_std:0.015109 | time_tau_p10:5.044806 | time_tau_p90:5.082307 | time_tau_range_util:0.000758 | film_gamma_strength:0.090700 | film_beta_strength:0.010410 | factor_gate_mean:0.999952 | factor_gate_std:0.022243 | factor_gate_entropy:0.944694 | factor_gate_topk_mass_5:0.099038 | factor_gate_topk_mass_10:0.176533 | router_layer_0_time_ratio:0.577232 | router_layer_0_factor_ratio:0.422768 | router_layer_0_collapse_ratio:0.000000 | router_layer_0_entropy_norm:0.939267 | router_layer_0_logit_margin:0.490264 | expert_layer_0_time_expert_norm:14.008209 | expert_layer_0_factor_expert_norm:5.612950 | expert_layer_0_time_contrib_norm:8.094892 | expert_layer_0_factor_contrib_norm:2.372004 | expert_layer_0_contrib_norm_ratio:4.030446 | expert_layer_0_expert_cosine:-0.001617 | expert_layer_0_time_winner_ratio:0.999700 | router_layer_1_time_ratio:0.701292 | router_layer_1_factor_ratio:0.298708 | router_layer_1_collapse_ratio:0.000380 | router_layer_1_entropy_norm:0.850889 | router_layer_1_logit_margin:0.905212 | expert_layer_1_time_expert_norm:26.536880 | expert_layer_1_factor_expert_norm:19.866258 | expert_layer_1_time_contrib_norm:18.670839 | expert_layer_1_factor_contrib_norm:5.929426 | expert_layer_1_contrib_norm_ratio:3.627844 | expert_layer_1_expert_cosine:-0.100057 | expert_layer_1_time_winner_ratio:0.978484 | loss_total:1.343017 | loss_main:1.342995 | loss_listmle:4.701831 | loss_mse:1.342995 | loss_ic:-0.166626 | loss_aux:0.000022 | loss_sparsity:0.000000 | valid_ratio:1.000000 | score_std:0.193770 | label_std:1.165395 | score_label_std_ratio:0.167848 | ic_pearson_batch:0.166627 | ic_raw:0.166627 | rank_ic_batch:0.164666 | rank_ic:0.164666 | gate_entropy:0.620421 | time_ratio:0.639262 | grad_norm:5.722650 | grad_norm_other:2.354478 | grad_norm_time_embedding:4.189877 | grad_norm_factor_film:0.107273 | grad_norm_regime_encoder:0.772714 | grad_norm_router:1.189148 | grad_norm_time_expert:0.826683 | grad_norm_factor_expert:0.882301 | grad_norm_pooling_head:2.106560 | grad_nonfinite_tensors:3.000000 | grad_nonfinite_values:8.000000 | optimizer_steps:2978.000000 | grad_attempt_steps:2979.000000 | grad_skipped_steps:1.000000 | grad_nonfinite_steps:1.000000 | grad_skipped_rate:0.000336 | grad_nonfinite_rate:0.000336 | lr:0.000001 | sampler_epoch:22.000000 | sampler_num_days:2979.000000 | sampler_num_batches:2979.000000 | sampler_batch_size:300.000000 | sampler_total_source_samples:856246.000000 | sampler_total_draws:893700.000000 | sampler_unique_samples:566498.000000 | sampler_coverage_ratio:0.661607 | sampler_coverage_gap_vs_full:0.338393 | sampler_duplicate_draws:327202.000000 | sampler_duplicate_rate:0.366121 | sampler_downsample_days:0.000000 | sampler_upsample_days:2877.000000 | sampler_exact_days:102.000000 | sampler_downsample_day_ratio:0.000000 | sampler_upsample_day_ratio:0.965760
| Valid 23 | time_embedding_norm:0.126034 | time_embedding_to_value_norm_ratio:0.715906 | time_tau:5.091305 | time_half_life:3.529024 | time_tau_std:0.000000 | time_tau_p10:5.091305 | time_tau_p90:5.091305 | time_tau_range_util:0.000000 | film_gamma_strength:0.092564 | film_beta_strength:0.011507 | factor_gate_mean:1.003799 | factor_gate_std:0.022377 | factor_gate_entropy:0.945283 | factor_gate_topk_mass_5:0.096541 | factor_gate_topk_mass_10:0.173145 | router_layer_0_time_ratio:0.683710 | router_layer_0_factor_ratio:0.316290 | router_layer_0_collapse_ratio:0.000000 | router_layer_0_entropy_norm:0.872499 | router_layer_0_logit_margin:0.828403 | expert_layer_0_time_expert_norm:14.763373 | expert_layer_0_factor_expert_norm:5.872609 | expert_layer_0_time_contrib_norm:10.097373 | expert_layer_0_factor_contrib_norm:1.854472 | expert_layer_0_contrib_norm_ratio:6.097846 | expert_layer_0_expert_cosine:-0.001032 | expert_layer_0_time_winner_ratio:0.999995 | router_layer_1_time_ratio:0.744859 | router_layer_1_factor_ratio:0.255141 | router_layer_1_collapse_ratio:0.000000 | router_layer_1_entropy_norm:0.804401 | router_layer_1_logit_margin:1.101435 | expert_layer_1_time_expert_norm:29.558749 | expert_layer_1_factor_expert_norm:19.305595 | expert_layer_1_time_contrib_norm:22.068812 | expert_layer_1_factor_contrib_norm:4.939886 | expert_layer_1_contrib_norm_ratio:4.848341 | expert_layer_1_expert_cosine:-0.117065 | expert_layer_1_time_winner_ratio:0.987100 | loss_total:0.048115 | loss_main:0.048096 | loss_listmle:4.725345 | loss_mse:0.048096 | loss_ic:-0.066946 | loss_aux:0.000019 | loss_sparsity:0.000000 | valid_ratio:1.000000 | score_std:0.200123 | label_std:0.045755 | score_label_std_ratio:4.550845 | gate_entropy:0.581169 | time_ratio:0.714284 | ic_pearson_daily:0.066954 | rank_ic_daily:0.075750 | ic_raw:0.066954 | rank_ic:0.075750
| Train 24 | time_embedding_norm:0.125970 | time_embedding_to_value_norm_ratio:0.717945 | time_tau:5.063690 | time_half_life:3.509883 | time_tau_std:0.015140 | time_tau_p10:5.045097 | time_tau_p90:5.082707 | time_tau_range_util:0.000760 | film_gamma_strength:0.090877 | film_beta_strength:0.010421 | factor_gate_mean:0.999948 | factor_gate_std:0.022289 | factor_gate_entropy:0.944656 | factor_gate_topk_mass_5:0.099096 | factor_gate_topk_mass_10:0.176615 | router_layer_0_time_ratio:0.579511 | router_layer_0_factor_ratio:0.420489 | router_layer_0_collapse_ratio:0.000000 | router_layer_0_entropy_norm:0.937984 | router_layer_0_logit_margin:0.495669 | expert_layer_0_time_expert_norm:14.043203 | expert_layer_0_factor_expert_norm:5.595125 | expert_layer_0_time_contrib_norm:8.146901 | expert_layer_0_factor_contrib_norm:2.351767 | expert_layer_0_contrib_norm_ratio:4.098538 | expert_layer_0_expert_cosine:-0.001494 | expert_layer_0_time_winner_ratio:0.999757 | router_layer_1_time_ratio:0.705986 | router_layer_1_factor_ratio:0.294014 | router_layer_1_collapse_ratio:0.000029 | router_layer_1_entropy_norm:0.845716 | router_layer_1_logit_margin:0.925452 | expert_layer_1_time_expert_norm:26.592148 | expert_layer_1_factor_expert_norm:19.946464 | expert_layer_1_time_contrib_norm:18.832027 | expert_layer_1_factor_contrib_norm:5.857304 | expert_layer_1_contrib_norm_ratio:3.693806 | expert_layer_1_expert_cosine:-0.103102 | expert_layer_1_time_winner_ratio:0.981825 | loss_total:1.341721 | loss_main:1.341700 | loss_listmle:4.700622 | loss_mse:1.341700 | loss_ic:-0.170312 | loss_aux:0.000021 | loss_sparsity:0.000000 | valid_ratio:1.000000 | score_std:0.194022 | label_std:1.165205 | score_label_std_ratio:0.168160 | ic_pearson_batch:0.170313 | ic_raw:0.170313 | rank_ic_batch:0.168175 | rank_ic:0.168175 | gate_entropy:0.618183 | time_ratio:0.642749 | grad_norm:5.833222 | grad_norm_other:2.399269 | grad_norm_time_embedding:4.258335 | grad_norm_factor_film:0.107677 | grad_norm_regime_encoder:0.778963 | grad_norm_router:1.229405 | grad_norm_time_expert:0.844378 | grad_norm_factor_expert:0.895284 | grad_norm_pooling_head:2.158774 | grad_nonfinite_tensors:3.000000 | grad_nonfinite_values:8.000000 | optimizer_steps:2978.000000 | grad_attempt_steps:2979.000000 | grad_skipped_steps:1.000000 | grad_nonfinite_steps:1.000000 | grad_skipped_rate:0.000336 | grad_nonfinite_rate:0.000336 | lr:0.000000 | sampler_epoch:23.000000 | sampler_num_days:2979.000000 | sampler_num_batches:2979.000000 | sampler_batch_size:300.000000 | sampler_total_source_samples:856246.000000 | sampler_total_draws:893700.000000 | sampler_unique_samples:566534.000000 | sampler_coverage_ratio:0.661649 | sampler_coverage_gap_vs_full:0.338351 | sampler_duplicate_draws:327166.000000 | sampler_duplicate_rate:0.366080 | sampler_downsample_days:0.000000 | sampler_upsample_days:2877.000000 | sampler_exact_days:102.000000 | sampler_downsample_day_ratio:0.000000 | sampler_upsample_day_ratio:0.965760
| Valid 24 | time_embedding_norm:0.126014 | time_embedding_to_value_norm_ratio:0.715761 | time_tau:5.091964 | time_half_life:3.529480 | time_tau_std:0.000000 | time_tau_p10:5.091964 | time_tau_p90:5.091964 | time_tau_range_util:0.000000 | film_gamma_strength:0.092700 | film_beta_strength:0.011518 | factor_gate_mean:1.003804 | factor_gate_std:0.022416 | factor_gate_entropy:0.945276 | factor_gate_topk_mass_5:0.096562 | factor_gate_topk_mass_10:0.173165 | router_layer_0_time_ratio:0.684345 | router_layer_0_factor_ratio:0.315655 | router_layer_0_collapse_ratio:0.000000 | router_layer_0_entropy_norm:0.871675 | router_layer_0_logit_margin:0.831477 | expert_layer_0_time_expert_norm:14.774408 | expert_layer_0_factor_expert_norm:5.860118 | expert_layer_0_time_contrib_norm:10.114330 | expert_layer_0_factor_contrib_norm:1.846838 | expert_layer_0_contrib_norm_ratio:6.137655 | expert_layer_0_expert_cosine:-0.000788 | expert_layer_0_time_winner_ratio:0.999995 | router_layer_1_time_ratio:0.749727 | router_layer_1_factor_ratio:0.250273 | router_layer_1_collapse_ratio:0.000000 | router_layer_1_entropy_norm:0.797082 | router_layer_1_logit_margin:1.126497 | expert_layer_1_time_expert_norm:29.687338 | expert_layer_1_factor_expert_norm:19.369848 | expert_layer_1_time_contrib_norm:22.308251 | expert_layer_1_factor_contrib_norm:4.861291 | expert_layer_1_contrib_norm_ratio:4.978249 | expert_layer_1_expert_cosine:-0.118499 | expert_layer_1_time_winner_ratio:0.988014 | loss_total:0.051800 | loss_main:0.051782 | loss_listmle:4.727410 | loss_mse:0.051782 | loss_ic:-0.066873 | loss_aux:0.000018 | loss_sparsity:0.000000 | valid_ratio:1.000000 | score_std:0.205879 | label_std:0.045755 | score_label_std_ratio:4.680970 | gate_entropy:0.578347 | time_ratio:0.717036 | ic_pearson_daily:0.066882 | rank_ic_daily:0.075515 | ic_raw:0.066882 | rank_ic:0.075515
| Train 25 | time_embedding_norm:0.125962 | time_embedding_to_value_norm_ratio:0.717704 | time_tau:5.063832 | time_half_life:3.509981 | time_tau_std:0.015126 | time_tau_p10:5.045253 | time_tau_p90:5.082787 | time_tau_range_util:0.000758 | film_gamma_strength:0.090943 | film_beta_strength:0.010425 | factor_gate_mean:0.999949 | factor_gate_std:0.022307 | factor_gate_entropy:0.944651 | factor_gate_topk_mass_5:0.099100 | factor_gate_topk_mass_10:0.176617 | router_layer_0_time_ratio:0.579937 | router_layer_0_factor_ratio:0.420063 | router_layer_0_collapse_ratio:0.000000 | router_layer_0_entropy_norm:0.937796 | router_layer_0_logit_margin:0.496469 | expert_layer_0_time_expert_norm:14.046703 | expert_layer_0_factor_expert_norm:5.591855 | expert_layer_0_time_contrib_norm:8.155040 | expert_layer_0_factor_contrib_norm:2.348098 | expert_layer_0_contrib_norm_ratio:4.110138 | expert_layer_0_expert_cosine:-0.001485 | expert_layer_0_time_winner_ratio:0.999747 | router_layer_1_time_ratio:0.706290 | router_layer_1_factor_ratio:0.293710 | router_layer_1_collapse_ratio:0.000034 | router_layer_1_entropy_norm:0.845345 | router_layer_1_logit_margin:0.927026 | expert_layer_1_time_expert_norm:26.605683 | expert_layer_1_factor_expert_norm:19.930152 | expert_layer_1_time_contrib_norm:18.849610 | expert_layer_1_factor_contrib_norm:5.845490 | expert_layer_1_contrib_norm_ratio:3.702905 | expert_layer_1_expert_cosine:-0.104180 | expert_layer_1_time_winner_ratio:0.981817 | loss_total:1.344625 | loss_main:1.344605 | loss_listmle:4.701179 | loss_mse:1.344605 | loss_ic:-0.168976 | loss_aux:0.000021 | loss_sparsity:0.000000 | valid_ratio:1.000000 | score_std:0.195294 | label_std:1.166639 | score_label_std_ratio:0.168991 | ic_pearson_batch:0.168976 | ic_raw:0.168976 | rank_ic_batch:0.165965 | rank_ic:0.165965 | gate_entropy:0.617989 | time_ratio:0.643114 | grad_norm:5.764310 | grad_norm_other:2.401410 | grad_norm_time_embedding:4.206998 | grad_norm_factor_film:0.108690 | grad_norm_regime_encoder:0.773505 | grad_norm_router:1.198008 | grad_norm_time_expert:0.843527 | grad_norm_factor_expert:0.883703 | grad_norm_pooling_head:2.107672 | grad_nonfinite_tensors:3.000000 | grad_nonfinite_values:5.000000 | optimizer_steps:2978.000000 | grad_attempt_steps:2979.000000 | grad_skipped_steps:1.000000 | grad_nonfinite_steps:1.000000 | grad_skipped_rate:0.000336 | grad_nonfinite_rate:0.000336 | lr:0.000000 | sampler_epoch:24.000000 | sampler_num_days:2979.000000 | sampler_num_batches:2979.000000 | sampler_batch_size:300.000000 | sampler_total_source_samples:856246.000000 | sampler_total_draws:893700.000000 | sampler_unique_samples:566499.000000 | sampler_coverage_ratio:0.661608 | sampler_coverage_gap_vs_full:0.338392 | sampler_duplicate_draws:327201.000000 | sampler_duplicate_rate:0.366120 | sampler_downsample_days:0.000000 | sampler_upsample_days:2877.000000 | sampler_exact_days:102.000000 | sampler_downsample_day_ratio:0.000000 | sampler_upsample_day_ratio:0.965760
| Valid 25 | time_embedding_norm:0.126012 | time_embedding_to_value_norm_ratio:0.715750 | time_tau:5.091926 | time_half_life:3.529454 | time_tau_std:0.000000 | time_tau_p10:5.091926 | time_tau_p90:5.091926 | time_tau_range_util:0.000000 | film_gamma_strength:0.092705 | film_beta_strength:0.011520 | factor_gate_mean:1.003806 | factor_gate_std:0.022416 | factor_gate_entropy:0.945278 | factor_gate_topk_mass_5:0.096556 | factor_gate_topk_mass_10:0.173159 | router_layer_0_time_ratio:0.684723 | router_layer_0_factor_ratio:0.315277 | router_layer_0_collapse_ratio:0.000000 | router_layer_0_entropy_norm:0.871263 | router_layer_0_logit_margin:0.833138 | expert_layer_0_time_expert_norm:14.776635 | expert_layer_0_factor_expert_norm:5.860638 | expert_layer_0_time_contrib_norm:10.121429 | expert_layer_0_factor_contrib_norm:1.844761 | expert_layer_0_contrib_norm_ratio:6.149166 | expert_layer_0_expert_cosine:-0.000861 | expert_layer_0_time_winner_ratio:0.999995 | router_layer_1_time_ratio:0.748473 | router_layer_1_factor_ratio:0.251527 | router_layer_1_collapse_ratio:0.000000 | router_layer_1_entropy_norm:0.799024 | router_layer_1_logit_margin:1.119880 | expert_layer_1_time_expert_norm:29.666159 | expert_layer_1_factor_expert_norm:19.347936 | expert_layer_1_time_contrib_norm:22.255538 | expert_layer_1_factor_contrib_norm:4.880275 | expert_layer_1_contrib_norm_ratio:4.946818 | expert_layer_1_expert_cosine:-0.119385 | expert_layer_1_time_winner_ratio:0.987828 | loss_total:0.052206 | loss_main:0.052187 | loss_listmle:4.727549 | loss_mse:0.052187 | loss_ic:-0.066900 | loss_aux:0.000019 | loss_sparsity:0.000000 | valid_ratio:1.000000 | score_std:0.206340 | label_std:0.045755 | score_label_std_ratio:4.691919 | gate_entropy:0.578877 | time_ratio:0.716598 | ic_pearson_daily:0.066907 | rank_ic_daily:0.075506 | ic_raw:0.066907 | rank_ic:0.075506
>>> [Train] restored best checkpoint (valid_rank_ic=0.078095, epoch=16)
>>> [Phase 1.1] Export Spatio-Temporal Visuals...
>>> [Phase 2] Signal Analysis...
'The following are prediction results of the QlibQuantMoE model.'
                          score
datetime   instrument          
2020-07-01 SH600000    0.228149
           SH600004    0.019485
           SH600009    0.202759
           SH600010   -0.021469
           SH600011    0.328613
{'IC': np.float64(0.06818355600462096),
 'ICIR': np.float64(0.4988309391017106),
 'Rank IC': np.float64(0.07809661467879561),
 'Rank ICIR': np.float64(0.5790065642205476)}
>>> [Config] Clip backtest window (pred.pkl datetime range): 2020-07-01~2022-12-31 -> 2020-07-01~2022-12-30
>>> [Phase 3] Backtesting...
'The following are analysis results of benchmark return(1day).'
                       risk
mean              -0.000040
std                0.012572
annualized_return -0.009549
information_ratio -0.049231
max_drawdown      -0.473380
'The following are analysis results of the excess return without cost(1day).'
                       risk
mean               0.001420
std                0.006510
annualized_return  0.337929
information_ratio  3.364874
max_drawdown      -0.050024
'The following are analysis results of the excess return with cost(1day).'
                       risk
mean               0.000765
std                0.006510
annualized_return  0.182059
information_ratio  1.812806
max_drawdown      -0.061668
'The following are analysis results of indicators(1day).'
     value
ffr    1.0
pa     0.0
pos    0.0
>>> [Phase 3.1] Export Qlib Official Graphs...

================================================================================
>>> [Metrics Summary] SignalRecord + PortAnaRecord
================================================================================

[Signal Analysis Metrics]
  IC mean=0.068184, std=0.136687, IR=0.498831
  RankIC mean=0.078097, std=0.134880, IR=0.579007

[Portfolio Analysis Metrics]
                                                  risk
excess_return_without_cost mean               0.001420
                           std                0.006510
                           annualized_return  0.337929
                           information_ratio  3.364874
                           max_drawdown      -0.050024
excess_return_with_cost    mean               0.000765
                           std                0.006510
                           annualized_return  0.182059
                           information_ratio  1.812806
                           max_drawdown      -0.061668

[Indicator Analysis Metrics]
     value
ffr    1.0
pa     0.0
pos    0.0

[Generated Graphs]
  - analysis_position.report_graph: C:\Users\60585\PycharmProjects\qibMacV2\mlruns\867178867749867261\af816bff348943b8b1674b15913adc37/qlib_analysis_position_report_graph.html
  - analysis_position.score_ic_graph: C:\Users\60585\PycharmProjects\qibMacV2\mlruns\867178867749867261\af816bff348943b8b1674b15913adc37/qlib_analysis_position_score_ic_graph.html
  - analysis_position.cumulative_return_graph: C:\Users\60585\PycharmProjects\qibMacV2\mlruns\867178867749867261\af816bff348943b8b1674b15913adc37/qlib_analysis_position_cumulative_return_graph_1.html
  - analysis_position.cumulative_return_graph: C:\Users\60585\PycharmProjects\qibMacV2\mlruns\867178867749867261\af816bff348943b8b1674b15913adc37/qlib_analysis_position_cumulative_return_graph_2.html
  - analysis_position.cumulative_return_graph: C:\Users\60585\PycharmProjects\qibMacV2\mlruns\867178867749867261\af816bff348943b8b1674b15913adc37/qlib_analysis_position_cumulative_return_graph_3.html
  - analysis_position.cumulative_return_graph: C:\Users\60585\PycharmProjects\qibMacV2\mlruns\867178867749867261\af816bff348943b8b1674b15913adc37/qlib_analysis_position_cumulative_return_graph_4.html
  - analysis_position.risk_analysis_graph: C:\Users\60585\PycharmProjects\qibMacV2\mlruns\867178867749867261\af816bff348943b8b1674b15913adc37/qlib_analysis_position_risk_analysis_graph_1.html
  - analysis_position.risk_analysis_graph: C:\Users\60585\PycharmProjects\qibMacV2\mlruns\867178867749867261\af816bff348943b8b1674b15913adc37/qlib_analysis_position_risk_analysis_graph_2.html
  - analysis_position.risk_analysis_graph: C:\Users\60585\PycharmProjects\qibMacV2\mlruns\867178867749867261\af816bff348943b8b1674b15913adc37/qlib_analysis_position_risk_analysis_graph_3.html
  - analysis_position.risk_analysis_graph: C:\Users\60585\PycharmProjects\qibMacV2\mlruns\867178867749867261\af816bff348943b8b1674b15913adc37/qlib_analysis_position_risk_analysis_graph_4.html
  - analysis_position.risk_analysis_graph: C:\Users\60585\PycharmProjects\qibMacV2\mlruns\867178867749867261\af816bff348943b8b1674b15913adc37/qlib_analysis_position_risk_analysis_graph_5.html
  - analysis_position.rank_label_graph: C:\Users\60585\PycharmProjects\qibMacV2\mlruns\867178867749867261\af816bff348943b8b1674b15913adc37/qlib_analysis_position_rank_label_graph_1.html
  - analysis_position.rank_label_graph: C:\Users\60585\PycharmProjects\qibMacV2\mlruns\867178867749867261\af816bff348943b8b1674b15913adc37/qlib_analysis_position_rank_label_graph_2.html
  - analysis_position.rank_label_graph: C:\Users\60585\PycharmProjects\qibMacV2\mlruns\867178867749867261\af816bff348943b8b1674b15913adc37/qlib_analysis_position_rank_label_graph_3.html
  - analysis_model.model_performance_graph: C:\Users\60585\PycharmProjects\qibMacV2\mlruns\867178867749867261\af816bff348943b8b1674b15913adc37/qlib_analysis_model_model_performance_graph_1.html
  - analysis_model.model_performance_graph: C:\Users\60585\PycharmProjects\qibMacV2\mlruns\867178867749867261\af816bff348943b8b1674b15913adc37/qlib_analysis_model_model_performance_graph_2.html
  - analysis_model.model_performance_graph: C:\Users\60585\PycharmProjects\qibMacV2\mlruns\867178867749867261\af816bff348943b8b1674b15913adc37/qlib_analysis_model_model_performance_graph_3.html
  - analysis_model.model_performance_graph: C:\Users\60585\PycharmProjects\qibMacV2\mlruns\867178867749867261\af816bff348943b8b1674b15913adc37/qlib_analysis_model_model_performance_graph_4.html
  - analysis_model.model_performance_graph: C:\Users\60585\PycharmProjects\qibMacV2\mlruns\867178867749867261\af816bff348943b8b1674b15913adc37/qlib_analysis_model_model_performance_graph_5.html
  - analysis_model.model_performance_graph: C:\Users\60585\PycharmProjects\qibMacV2\mlruns\867178867749867261\af816bff348943b8b1674b15913adc37/qlib_analysis_model_model_performance_graph_6.html

[Recorder Objects]
================================================================================

>>> [Diagnostics] Generate minimum required diagnostic matrix...
>>> [Diagnostics] Saved diagnostic_matrix.csv and diagnostic_summary.md
>>> [Phase 4] Generate Paper-level Report...

================================================================================
EXPERIMENT REPORT SUMMARY (af816bff348943b8b1674b15913adc37)
================================================================================
| Model   | Dataset                                   |   IC (mean) |   ICIR |   IC HAC t-stat |   RankIC (mean) |   RankIC IR |   RankIC HAC t-stat | Ann. Return   |   Info Ratio | Max Drawdown   | Turnover   | Gate time_ratio stats                       |
|:--------|:------------------------------------------|------------:|-------:|----------------:|----------------:|------------:|--------------------:|:--------------|-------------:|:---------------|:-----------|:--------------------------------------------|
| RST-MoE | Alpha158 / csi300 / 2008-01-01~2022-12-31 |      0.0682 |    0.5 |             8.3 |          0.0781 |        0.58 |                 9.8 | 18.21%        |         1.81 | -6.17%         | 32.77%     | mean=0.726, std=0.055, p10=0.669, p90=0.779 |
--------------------------------------------------------------------------------
Full Markdown report written to: C:\Users\60585\PycharmProjects\qibMacV2\mlruns\867178867749867261\af816bff348943b8b1674b15913adc37\kdd_report.md
--------------------------------------------------------------------------------
# RST-MoE on Alpha158 / CSI300

## 1. Experimental Setup

- **Data**:
  - Handler: Alpha158
  - Instruments: csi300
  - Train: 2008-01-01 ~ 2020-03-31
  - Valid: 2020-07-01 ~ 2022-12-31
  - Test: 2020-07-01 ~ 2022-12-31
- **Label**: ['Ref($close, -5) / Ref($close, -1) - 1']
  - **Model**:
    - class: QlibQuantMoE
    - d_model=64, n_layers=2, n_heads=4
    - main_loss=mse
    - value_embedding_type=feature_tokenizer
    - feature_tokenizer_add_factor_id=False
    - feature_tokenizer_bias=True
    - feature_tokenizer_init_std=0.02
    - use_feature_selection=False
    - use_alibi=False
- **Training**:
  - lr=5e-05, epochs=25, batch_size=300
  - seed=45
- **Backtest**:
  - strategy: TopkDropoutStrategy, topk=30, n_drop=5
  - benchmark=SH000300, deal_price=close, cost(open/close)=None/None

### 1.1 Full Config (Resolved)

```python
data_conf = {'class': 'TSDatasetH',
 'module_path': 'qlib.data.dataset',
 'kwargs': {'step_len': 8,
            'handler': {'class': 'Alpha158',
                        'module_path': 'qlib.contrib.data.handler',
                        'kwargs': {'start_time': '2008-01-01',
                                   'end_time': '2022-12-31',
                                   'fit_start_time': '2008-01-01',
                                   'fit_end_time': '2020-03-31',
                                   'instruments': 'csi300',
                                   'infer_processors': [{'class': 'RobustZScoreNorm',
                                                         'kwargs': {'fields_group': 'feature',
                                                                    'clip_outlier': True,
                                                                    'fit_start_time': '2008-01-01',
                                                                    'fit_end_time': '2020-03-31'}},
                                                        {'class': 'Fillna', 'kwargs': {'fields_group': 'feature'}}],
                                   'learn_processors': [{'class': 'DropnaLabel'},
                                                        {'class': 'CSZScoreNorm',
                                                         'kwargs': {'fields_group': 'label', 'method': 'robust'}}],
                                   'label': ['Ref($close, -5) / Ref($close, -1) - 1']}},
            'segments': {'train': ('2008-01-01', '2020-03-31'),
                         'valid': ('2020-07-01', '2022-12-31'),
                         'test': ('2020-07-01', '2022-12-31')}}}

model_config = {'d_model': 64,
 'n_heads': 4,
 'n_layers': 2,
 'd_ff': 128,
 'dropout': 0.1,
 'initializer_range': 0.02,
 'num_alphas': 158,
 'context_len': 8,
 'value_embedding_type': 'feature_tokenizer',
 'feature_tokenizer_bias': True,
 'feature_tokenizer_add_factor_id': False,
 'feature_tokenizer_init_std': 0.02,
 'use_regime_time_embedding': True,
 'time_tau_min': 0.5,
 'time_tau_max': 50.0,
 'time_tau_init': 5.0,
 'time_emb_init_std': 0.02,
 'time_decay_normalize': True,
 'use_regime_factor_gate': True,
 'factor_gate_scale': 1.0,
 'factor_gate_shift_scale': 0.2,
 'router_noise': 0.01,
 'router_temperature': 1.0,
 'router_z_loss_coef': 0.01,
 'router_use_layer_summary': True,
 'router_mode': 'learned',
 'use_alibi': False,
 'use_feature_selection': False,
 'selection_reg_lambda': 1e-05,
 'selection_temperature': 0.1,
 'selection_noise_std': 0.5,
 'main_loss': 'mse',
 'loss_weights': {'listmle': 1.0, 'mse': 1.0, 'ic': 1.0, 'rank': 0.0, 'huber': 0.0},
 'mse_normalize': False,
 'rank_topk': 5,
 'huber_delta': 1.0,
 'listmle_tau': 0.8,
 'use_external_macro': True,
 'd_macro_input': 102,
 'regime_macro_dropout': 0.1,
 'regime_internal_mode': 'long',
 'regime_internal_lag': 5,
 'regime_internal_use_batch_stats': False,
 'regime_internal_tail_threshold': 2.0,
 'pooling_alpha': 0.7}

trainer_config = {'lr': 5e-05,
 'n_epochs': 25,
 'batch_size': 300,
 'precision': 'amp_fp16',
 'grad_accum_steps': 1,
 'seed': 45,
 'device': 'auto',
 'deterministic_mode': 'warn',
 'seed_workers': True,
 'train_sampler_mode': 'sampled_daily',
 'sampler_diag': True,
 'train_stop_key': 'loss_main',
 'train_stop_threshold': None,
 'min_epochs': 25,
 'consecutive_k': 999999,
 'num_workers': 0,
 'market_state_path': 'data/market_state_csi300.pkl',
 'market_state_shift': 0,
 'market_state_strict': True,
 'use_warmup': True,
 'warmup_ratio': 0.05,
 'warmup_steps': 0,
 'debug_sanity_check': True,
 'strict_valid_data_key': True,
 'early_stop': 0,
 'min_delta': 0.001,
 'checkpoint_metric': 'valid_rank_ic',
 'checkpoint_mode': 'max',
 'checkpoint_min_delta': 0.0,
 'use_tqdm': False,
 'run_setting': 'tau_scale_05'}

port_conf = {'strategy': {'class': 'TopkDropoutStrategy',
              'module_path': 'qlib.contrib.strategy.signal_strategy',
              'kwargs': {'signal': '<PRED>', 'topk': 30, 'n_drop': 5}},
 'backtest': {'start_time': '2020-07-01',
              'end_time': '2022-12-30',
              'account': 100000000,
              'benchmark': 'SH000300',
              'exchange_kwargs': {'freq': 'day', 'deal_price': 'close'}}}
```

## 2. Cross-sectional Forecasting Performance

- **IC (test)**:
  - mean = 0.0682, std = 0.1367, ICIR = 0.50, HAC t-stat = 8.3 (lags=5)
- **RankIC (test)**:
  - mean = 0.0781, std = 0.1349, IR = 0.58, HAC t-stat = 9.8 (lags=5)
- 注：采用 Newey–West(HAC) t-stat 以处理日度序列的自相关/异方差。

### 2.X Regime Bucket Evaluation (test segment)

基于 `market_state`（与训练时相同的宏观状态文件）对 test 交易日做分桶，观察不同市场状态下的预测质量与路由行为差异。

- market_state: `market_state_csi300.pkl`, shift=0, fit_segments=['train'] (fit_days=2979, test_days=611)

- 2×2 分桶（median@fit）：`market_state_corr_pc1_ratio`=0.004828, `market_state_tail_2sigma`=-2.783e-05

| Regime               |   Days |   RankIC_mean |   RankIC_IR |   IC_mean |    IC_IR |   time_ratio_mean |   time_ratio_p10 |   time_ratio_p50 |   time_ratio_p90 |   gate_entropy_mean |   gate_entropy_p10 |   gate_entropy_p50 |   gate_entropy_p90 |   time_tau_mean |   time_tau_p10 |   time_tau_p50 |   time_tau_p90 |   time_half_life_mean |   time_half_life_p10 |   time_half_life_p50 |   time_half_life_p90 |   factor_gate_mean_mean |   factor_gate_mean_p10 |   factor_gate_mean_p50 |   factor_gate_mean_p90 |   factor_gate_std_mean |   factor_gate_std_p10 |   factor_gate_std_p50 |   factor_gate_std_p90 |   factor_gate_entropy_mean |   factor_gate_entropy_p10 |   factor_gate_entropy_p50 |   factor_gate_entropy_p90 |   factor_gate_topk_mass_5_mean |   factor_gate_topk_mass_5_p10 |   factor_gate_topk_mass_5_p50 |   factor_gate_topk_mass_5_p90 |   factor_gate_topk_mass_10_mean |   factor_gate_topk_mass_10_p10 |   factor_gate_topk_mass_10_p50 |   factor_gate_topk_mass_10_p90 |
|:---------------------|-------:|--------------:|------------:|----------:|---------:|------------------:|-----------------:|-----------------:|-----------------:|--------------------:|-------------------:|-------------------:|-------------------:|----------------:|---------------:|---------------:|---------------:|----------------------:|---------------------:|---------------------:|---------------------:|------------------------:|-----------------------:|-----------------------:|-----------------------:|-----------------------:|----------------------:|----------------------:|----------------------:|---------------------------:|--------------------------:|--------------------------:|--------------------------:|-------------------------------:|------------------------------:|------------------------------:|------------------------------:|--------------------------------:|-------------------------------:|-------------------------------:|-------------------------------:|
| High-PC1 / High-Tail |     56 |     0.123444  |    0.947225 | 0.115285  | 0.870673 |          0.664917 |         0.566793 |         0.686881 |         0.740755 |            0.59849  |           0.549474 |           0.59118  |           0.664264 |         5.05625 |        4.89908 |        5.04196 |        5.22764 |               3.50473 |              3.39579 |              3.49482 |              3.62352 |                 1.0027  |               0.994249 |                1.00476 |                1.00832 |              0.0224008 |             0.0142764 |             0.0215033 |             0.0324692 |                   0.946698 |                  0.943319 |                  0.946316 |                  0.951914 |                      0.0979798 |                     0.0871065 |                     0.0980793 |                      0.107341 |                        0.174734 |                       0.163345 |                       0.174052 |                       0.188312 |
| High-PC1 / Low-Tail  |    356 |     0.0745323 |    0.530336 | 0.0669067 | 0.464652 |          0.724806 |         0.673741 |         0.734799 |         0.771964 |            0.569356 |           0.531766 |           0.562544 |           0.618569 |         5.07159 |        4.92224 |        5.06129 |        5.23732 |               3.51536 |              3.41183 |              3.50822 |              3.63023 |                 1.0034  |               0.995881 |                1.00477 |                1.00787 |              0.021307  |             0.012147  |             0.0201513 |             0.0320399 |                   0.945592 |                  0.941507 |                  0.945531 |                  0.950412 |                      0.0971162 |                     0.0871664 |                     0.0970724 |                      0.105494 |                        0.173671 |                       0.162054 |                       0.173067 |                       0.183559 |
| Low-PC1 / High-Tail  |     46 |     0.0861796 |    0.666341 | 0.070321  | 0.531665 |          0.714643 |         0.636223 |         0.732474 |         0.771924 |            0.575363 |           0.532815 |           0.572676 |           0.613501 |         5.07598 |        4.93382 |        5.07095 |        5.22377 |               3.5184  |              3.41986 |              3.51491 |              3.62084 |                 1.00314 |               0.996658 |                1.00445 |                1.00688 |              0.0210026 |             0.0124786 |             0.019037  |             0.0317153 |                   0.945292 |                  0.940559 |                  0.945638 |                  0.950533 |                      0.0955987 |                     0.0882848 |                     0.0946113 |                      0.103538 |                        0.173122 |                       0.162864 |                       0.17316  |                       0.181672 |
| Low-PC1 / Low-Tail   |    153 |     0.0673623 |    0.552576 | 0.0532723 | 0.450479 |          0.755553 |         0.715621 |         0.760328 |         0.791951 |            0.545856 |           0.50936  |           0.545194 |           0.579338 |         5.08014 |        4.9261  |        5.06902 |        5.24622 |               3.52128 |              3.41451 |              3.51357 |              3.6364  |                 1.00383 |               0.999845 |                1.00441 |                1.00748 |              0.0214431 |             0.0117248 |             0.0220443 |             0.0322122 |                   0.946915 |                  0.942718 |                  0.94676  |                  0.952688 |                      0.0928966 |                     0.0838673 |                     0.0914169 |                      0.101907 |                        0.168972 |                       0.15665  |                       0.167685 |                       0.178084 |

- Terciles by `market_state_corr_pc1_ratio` (Market-mode strength (PC1 ratio)), edges@fit=[-0.4096, 0.4701]

| Bucket   |   Days |   RankIC_mean |   RankIC_IR |   IC_mean |    IC_IR |   time_ratio_mean |   time_ratio_p10 |   time_ratio_p50 |   time_ratio_p90 |   gate_entropy_mean |   gate_entropy_p10 |   gate_entropy_p50 |   gate_entropy_p90 |   time_tau_mean |   time_tau_p10 |   time_tau_p50 |   time_tau_p90 |   time_half_life_mean |   time_half_life_p10 |   time_half_life_p50 |   time_half_life_p90 |   factor_gate_mean_mean |   factor_gate_mean_p10 |   factor_gate_mean_p50 |   factor_gate_mean_p90 |   factor_gate_std_mean |   factor_gate_std_p10 |   factor_gate_std_p50 |   factor_gate_std_p90 |   factor_gate_entropy_mean |   factor_gate_entropy_p10 |   factor_gate_entropy_p50 |   factor_gate_entropy_p90 |   factor_gate_topk_mass_5_mean |   factor_gate_topk_mass_5_p10 |   factor_gate_topk_mass_5_p50 |   factor_gate_topk_mass_5_p90 |   factor_gate_topk_mass_10_mean |   factor_gate_topk_mass_10_p10 |   factor_gate_topk_mass_10_p50 |   factor_gate_topk_mass_10_p90 |
|:---------|-------:|--------------:|------------:|----------:|---------:|------------------:|-----------------:|-----------------:|-----------------:|--------------------:|-------------------:|-------------------:|-------------------:|----------------:|---------------:|---------------:|---------------:|----------------------:|---------------------:|---------------------:|---------------------:|------------------------:|-----------------------:|-----------------------:|-----------------------:|-----------------------:|----------------------:|----------------------:|----------------------:|---------------------------:|--------------------------:|--------------------------:|--------------------------:|-------------------------------:|------------------------------:|------------------------------:|------------------------------:|--------------------------------:|-------------------------------:|-------------------------------:|-------------------------------:|
| Low      |    113 |     0.0716175 |    0.596599 | 0.0524328 | 0.449712 |          0.750947 |         0.700952 |         0.762616 |         0.793333 |            0.548566 |           0.508035 |           0.542175 |           0.585929 |         5.06697 |        4.9261  |        5.04969 |        5.23073 |               3.51215 |              3.41451 |              3.50018 |              3.62567 |                 1.00338 |               0.999714 |                1.00379 |                1.00652 |              0.0202558 |             0.0114564 |             0.0189683 |             0.0315139 |                   0.94651  |                  0.941205 |                  0.946779 |                  0.952618 |                      0.093544  |                     0.0844342 |                     0.091906  |                      0.102153 |                        0.170143 |                       0.158556 |                       0.16835  |                       0.180067 |
| Mid      |    194 |     0.0798931 |    0.576508 | 0.0686378 | 0.507054 |          0.733848 |         0.688589 |         0.740321 |         0.777892 |            0.561805 |           0.523806 |           0.558743 |           0.598939 |         5.08731 |        4.92224 |        5.08835 |        5.25513 |               3.52625 |              3.41183 |              3.52697 |              3.64258 |                 1.00402 |               0.997918 |                1.00499 |                1.00803 |              0.0226137 |             0.0126718 |             0.0222176 |             0.0330916 |                   0.94594  |                  0.941562 |                  0.945929 |                  0.9517   |                      0.095617  |                     0.0855329 |                     0.0949622 |                      0.104514 |                        0.172308 |                       0.159546 |                       0.172298 |                       0.182386 |
| High     |    304 |     0.0793585 |    0.575017 | 0.0737484 | 0.511439 |          0.712223 |         0.631002 |         0.729211 |         0.76554  |            0.57635  |           0.535149 |           0.568055 |           0.633668 |         5.06542 |        4.91953 |        5.04776 |        5.23538 |               3.51108 |              3.40996 |              3.49884 |              3.62889 |                 1.00306 |               0.994789 |                1.00452 |                1.00784 |              0.0210878 |             0.0120865 |             0.0198995 |             0.0316251 |                   0.945852 |                  0.941783 |                  0.945606 |                  0.950582 |                      0.0972066 |                     0.0873106 |                     0.0973232 |                      0.105364 |                        0.1736   |                       0.162545 |                       0.173102 |                       0.183067 |

- Terciles by `market_state_tail_2sigma` (Tail intensity (|x|>2)), edges@fit=[-0.4283, 0.5003]

| Bucket   |   Days |   RankIC_mean |   RankIC_IR |   IC_mean |    IC_IR |   time_ratio_mean |   time_ratio_p10 |   time_ratio_p50 |   time_ratio_p90 |   gate_entropy_mean |   gate_entropy_p10 |   gate_entropy_p50 |   gate_entropy_p90 |   time_tau_mean |   time_tau_p10 |   time_tau_p50 |   time_tau_p90 |   time_half_life_mean |   time_half_life_p10 |   time_half_life_p50 |   time_half_life_p90 |   factor_gate_mean_mean |   factor_gate_mean_p10 |   factor_gate_mean_p50 |   factor_gate_mean_p90 |   factor_gate_std_mean |   factor_gate_std_p10 |   factor_gate_std_p50 |   factor_gate_std_p90 |   factor_gate_entropy_mean |   factor_gate_entropy_p10 |   factor_gate_entropy_p50 |   factor_gate_entropy_p90 |   factor_gate_topk_mass_5_mean |   factor_gate_topk_mass_5_p10 |   factor_gate_topk_mass_5_p50 |   factor_gate_topk_mass_5_p90 |   factor_gate_topk_mass_10_mean |   factor_gate_topk_mass_10_p10 |   factor_gate_topk_mass_10_p50 |   factor_gate_topk_mass_10_p90 |
|:---------|-------:|--------------:|------------:|----------:|---------:|------------------:|-----------------:|-----------------:|-----------------:|--------------------:|-------------------:|-------------------:|-------------------:|----------------:|---------------:|---------------:|---------------:|----------------------:|---------------------:|---------------------:|---------------------:|------------------------:|-----------------------:|-----------------------:|-----------------------:|-----------------------:|----------------------:|----------------------:|----------------------:|---------------------------:|--------------------------:|--------------------------:|--------------------------:|-------------------------------:|------------------------------:|------------------------------:|------------------------------:|--------------------------------:|-------------------------------:|-------------------------------:|-------------------------------:|
| Low      |    357 |     0.0730141 |    0.524091 | 0.0628716 | 0.444717 |          0.736385 |         0.690089 |         0.740542 |         0.781887 |            0.560828 |           0.520803 |           0.556414 |           0.610143 |         5.07563 |        4.92224 |        5.05742 |        5.24312 |               3.51816 |              3.41183 |              3.50554 |              3.63426 |                 1.00352 |               0.996946 |                1.00443 |                1.00789 |              0.0212879 |             0.0118996 |             0.0200669 |             0.0323887 |                   0.945992 |                  0.941723 |                  0.94589  |                  0.951812 |                      0.0956029 |                     0.0856248 |                     0.0953654 |                      0.104921 |                        0.171984 |                       0.159778 |                       0.171838 |                       0.182124 |
| Mid      |    215 |     0.0773046 |    0.61405  | 0.0691432 | 0.540225 |          0.72272  |         0.662109 |         0.735564 |         0.776778 |            0.569501 |           0.525845 |           0.565282 |           0.608772 |         5.06782 |        4.92224 |        5.06515 |        5.22996 |               3.51275 |              3.41183 |              3.51089 |              3.62513 |                 1.00352 |               0.99621  |                1.00511 |                1.00777 |              0.0217984 |             0.0124903 |             0.0223963 |             0.0320183 |                   0.945895 |                  0.941563 |                  0.946018 |                  0.951383 |                      0.0967951 |                     0.0873111 |                     0.0965161 |                      0.104929 |                        0.173494 |                       0.161714 |                       0.172998 |                       0.183232 |
| High     |     39 |     0.128987  |    0.960055 | 0.111518  | 0.826139 |          0.652956 |         0.478237 |         0.67413  |         0.751011 |            0.603345 |           0.548945 |           0.591683 |           0.675648 |         5.07207 |        4.90912 |        5.05356 |        5.21912 |               3.51569 |              3.40274 |              3.50286 |              3.61762 |                 1.00196 |               0.994318 |                1.00286 |                1.00693 |              0.0205183 |             0.0125012 |             0.0184063 |             0.0309467 |                   0.946682 |                  0.9438   |                  0.946659 |                  0.950979 |                      0.0956359 |                     0.086729  |                     0.0938228 |                      0.10433  |                        0.172528 |                       0.160416 |                       0.172192 |                       0.179613 |

- Terciles by `market_state_corr_mean_abs` (Crowding (mean abs corr)), edges@fit=[-0.4076, 0.4851]

| Bucket   |   Days |   RankIC_mean |   RankIC_IR |   IC_mean |    IC_IR |   time_ratio_mean |   time_ratio_p10 |   time_ratio_p50 |   time_ratio_p90 |   gate_entropy_mean |   gate_entropy_p10 |   gate_entropy_p50 |   gate_entropy_p90 |   time_tau_mean |   time_tau_p10 |   time_tau_p50 |   time_tau_p90 |   time_half_life_mean |   time_half_life_p10 |   time_half_life_p50 |   time_half_life_p90 |   factor_gate_mean_mean |   factor_gate_mean_p10 |   factor_gate_mean_p50 |   factor_gate_mean_p90 |   factor_gate_std_mean |   factor_gate_std_p10 |   factor_gate_std_p50 |   factor_gate_std_p90 |   factor_gate_entropy_mean |   factor_gate_entropy_p10 |   factor_gate_entropy_p50 |   factor_gate_entropy_p90 |   factor_gate_topk_mass_5_mean |   factor_gate_topk_mass_5_p10 |   factor_gate_topk_mass_5_p50 |   factor_gate_topk_mass_5_p90 |   factor_gate_topk_mass_10_mean |   factor_gate_topk_mass_10_p10 |   factor_gate_topk_mass_10_p50 |   factor_gate_topk_mass_10_p90 |
|:---------|-------:|--------------:|------------:|----------:|---------:|------------------:|-----------------:|-----------------:|-----------------:|--------------------:|-------------------:|-------------------:|-------------------:|----------------:|---------------:|---------------:|---------------:|----------------------:|---------------------:|---------------------:|---------------------:|------------------------:|-----------------------:|-----------------------:|-----------------------:|-----------------------:|----------------------:|----------------------:|----------------------:|---------------------------:|--------------------------:|--------------------------:|--------------------------:|-------------------------------:|------------------------------:|------------------------------:|------------------------------:|--------------------------------:|-------------------------------:|-------------------------------:|-------------------------------:|
| Low      |     84 |     0.0648557 |    0.59785  | 0.0497919 | 0.478554 |          0.75876  |         0.725755 |         0.762463 |         0.7961   |            0.543269 |           0.504948 |           0.542362 |           0.578369 |         5.0945  |        4.9454  |        5.09801 |        5.24584 |               3.53124 |              3.42789 |              3.53367 |              3.63614 |                 1.00407 |               1.00081  |                1.00473 |                1.00664 |              0.021321  |             0.0117257 |             0.0220734 |             0.0320038 |                   0.946956 |                  0.942797 |                  0.947069 |                  0.95298  |                      0.092287  |                     0.083604  |                     0.0911595 |                     0.0997915 |                        0.168345 |                       0.156578 |                       0.167171 |                       0.176319 |
| Mid      |    194 |     0.0746953 |    0.542465 | 0.0639293 | 0.476556 |          0.737311 |         0.693129 |         0.741015 |         0.78092  |            0.558095 |           0.522921 |           0.55696  |           0.592787 |         5.07227 |        4.92339 |        5.06129 |        5.23422 |               3.51583 |              3.41264 |              3.50822 |              3.62808 |                 1.00415 |               0.998466 |                1.00511 |                1.00806 |              0.0220989 |             0.0121701 |             0.0216813 |             0.0327418 |                   0.946028 |                  0.941695 |                  0.946018 |                  0.951181 |                      0.0957444 |                     0.0862845 |                     0.0949509 |                     0.104523  |                        0.172437 |                       0.160699 |                       0.172283 |                       0.182102 |
| High     |    333 |     0.0834182 |    0.599174 | 0.0753013 | 0.51947  |          0.711607 |         0.636684 |         0.729437 |         0.765703 |            0.577428 |           0.534806 |           0.568741 |           0.633939 |         5.06737 |        4.91529 |        5.04969 |        5.23925 |               3.51243 |              3.40702 |              3.50018 |              3.63157 |                 1.00284 |               0.994723 |                1.00429 |                1.00769 |              0.0210465 |             0.0121729 |             0.0197202 |             0.0316253 |                   0.945746 |                  0.941656 |                  0.945569 |                  0.951334 |                      0.0971305 |                     0.0870782 |                     0.0972208 |                     0.105467  |                        0.173677 |                       0.161937 |                       0.173098 |                       0.183979 |

- Terciles by `market_vol_20` (Benchmark vol (20d)), edges@fit=[-0.3549, 0.4864]

| Bucket   |   Days |   RankIC_mean |   RankIC_IR |   IC_mean |    IC_IR |   time_ratio_mean |   time_ratio_p10 |   time_ratio_p50 |   time_ratio_p90 |   gate_entropy_mean |   gate_entropy_p10 |   gate_entropy_p50 |   gate_entropy_p90 |   time_tau_mean |   time_tau_p10 |   time_tau_p50 |   time_tau_p90 |   time_half_life_mean |   time_half_life_p10 |   time_half_life_p50 |   time_half_life_p90 |   factor_gate_mean_mean |   factor_gate_mean_p10 |   factor_gate_mean_p50 |   factor_gate_mean_p90 |   factor_gate_std_mean |   factor_gate_std_p10 |   factor_gate_std_p50 |   factor_gate_std_p90 |   factor_gate_entropy_mean |   factor_gate_entropy_p10 |   factor_gate_entropy_p50 |   factor_gate_entropy_p90 |   factor_gate_topk_mass_5_mean |   factor_gate_topk_mass_5_p10 |   factor_gate_topk_mass_5_p50 |   factor_gate_topk_mass_5_p90 |   factor_gate_topk_mass_10_mean |   factor_gate_topk_mass_10_p10 |   factor_gate_topk_mass_10_p50 |   factor_gate_topk_mass_10_p90 |
|:---------|-------:|--------------:|------------:|----------:|---------:|------------------:|-----------------:|-----------------:|-----------------:|--------------------:|-------------------:|-------------------:|-------------------:|----------------:|---------------:|---------------:|---------------:|----------------------:|---------------------:|---------------------:|---------------------:|------------------------:|-----------------------:|-----------------------:|-----------------------:|-----------------------:|----------------------:|----------------------:|----------------------:|---------------------------:|--------------------------:|--------------------------:|--------------------------:|-------------------------------:|------------------------------:|------------------------------:|------------------------------:|--------------------------------:|-------------------------------:|-------------------------------:|-------------------------------:|
| Low      |    305 |     0.0607811 |    0.471769 | 0.0575491 | 0.442902 |          0.732552 |         0.692823 |         0.736799 |         0.770534 |            0.565769 |           0.537327 |           0.563561 |           0.592725 |         5.0972  |        4.9454  |        5.09221 |        5.24312 |               3.53311 |              3.42789 |              3.52965 |              3.63426 |                 1.0046  |               0.999445 |                1.00568 |                1.00791 |              0.0227469 |             0.0129407 |             0.0232398 |             0.0323568 |                   0.945916 |                  0.942342 |                  0.945806 |                  0.950423 |                      0.0957986 |                     0.0867025 |                     0.0959584 |                      0.103526 |                        0.172036 |                       0.161618 |                       0.172739 |                       0.179495 |
| Mid      |    208 |     0.101334  |    0.729822 | 0.0849951 | 0.60124  |          0.71624  |         0.643122 |         0.735725 |         0.776042 |            0.571799 |           0.528043 |           0.56088  |           0.628721 |         5.06742 |        4.91066 |        5.04969 |        5.24312 |               3.51247 |              3.40381 |              3.50018 |              3.63426 |                 1.00233 |               0.995337 |                1.00339 |                1.00769 |              0.0207764 |             0.0121528 |             0.0189445 |             0.0320389 |                   0.946002 |                  0.940468 |                  0.946054 |                  0.951836 |                      0.0964127 |                     0.0856788 |                     0.0952045 |                      0.107786 |                        0.173261 |                       0.160267 |                       0.172075 |                       0.189018 |
| High     |     98 |     0.0826659 |    0.597782 | 0.0655989 | 0.453066 |          0.72789  |         0.603083 |         0.759207 |         0.794637 |            0.558112 |           0.50644  |           0.536403 |           0.65844  |         5.0074  |        4.89908 |        4.98208 |        5.15797 |               3.47086 |              3.39579 |              3.45331 |              3.57523 |                 1.00211 |               0.994564 |                1.00328 |                1.00715 |              0.0186464 |             0.0111375 |             0.0160365 |             0.0318263 |                   0.94627  |                  0.941108 |                  0.946276 |                  0.952607 |                      0.0959035 |                     0.0846625 |                     0.0952949 |                      0.105543 |                        0.172642 |                       0.158652 |                       0.172193 |                       0.184525 |

- Spearman correlations (market_state vs metrics), top 12 by |ρ|:

| Feature                     | Metric                   |   N |   SpearmanR |   t_stat |     p_value |
|:----------------------------|:-------------------------|----:|------------:|---------:|------------:|
| market_state_corr_mean_abs  | time_ratio               | 611 |   -0.369789 | -9.82183 | 3.10216e-21 |
| market_state_corr_mean_abs  | gate_entropy             | 611 |    0.351562 |  9.2674  | 3.25158e-19 |
| market_state_corr_pc1_ratio | time_ratio               | 611 |   -0.307675 | -7.97987 | 7.30162e-15 |
| market_state_tail_2sigma    | gate_entropy             | 611 |    0.303311 |  7.85512 | 1.81274e-14 |
| market_state_tail_2sigma    | time_ratio               | 611 |   -0.279925 | -7.19564 | 1.83496e-12 |
| market_state_corr_pc1_ratio | gate_entropy             | 611 |    0.276626 |  7.10376 | 3.40215e-12 |
| market_vol_20               | time_tau                 | 611 |   -0.276365 | -7.0965  | 3.57137e-12 |
| market_vol_20               | time_half_life           | 611 |   -0.276365 | -7.0965  | 3.57137e-12 |
| market_state_corr_pc1_ratio | factor_gate_topk_mass_10 | 611 |    0.196092 |  4.93494 | 1.03614e-06 |
| market_state_corr_mean_abs  | factor_gate_topk_mass_10 | 611 |    0.170697 |  4.27518 | 2.21654e-05 |
| market_vol_20               | rank_ic                  | 611 |    0.10693  |  2.65402 | 0.00816169  |
| market_state_corr_pc1_ratio | factor_gate_entropy      | 611 |   -0.104702 | -2.59811 | 0.00960052  |

- Full table: `regime_corr_spearman.csv`

![Regime scatter (performance)](regime_scatter_perf.png)

![Regime scatter (routing)](regime_scatter_router.png)

#### 2.X.1 指标释义（读表指南）

- `market_state_corr_pc1_ratio`：市场“单一主导因子/同涨同跌”强度（越高越像单一市场因子驱动）。
- `market_state_tail_2sigma`：尾部/冲击强度（越高表示极端波动占比越高）。
- `market_state_corr_mean_abs`：拥挤度/相关性水平（越高越拥挤，alpha 更难独立发挥）。
- `market_vol_20`：基准 20 日波动（通常已标准化，解读为相对高/低波动）。
- `RankIC/IC`：预测排序/线性相关质量；`IR` 为日度均值/标准差（样本少时不稳定）。
- `time_ratio`：路由对 time-expert 的权重（高→更偏时序专家，低→更偏截面因子专家）。
- `gate_entropy`：路由不确定性（接近 0.693，约等于两专家均匀；越低越“果断”）。
- `time_tau/time_half_life`：时间记忆尺度（越大→更长记忆/更慢衰减）。
- `factor_gate_entropy/topk_mass`：因子重加权是否集中（topk_mass 高/entropy 低→更集中）。



#### 2.X.2 观测到的差异（test）

- RankIC daily range: -0.3697~0.4791

- IC daily range: -0.3473~0.4850

- time_ratio daily range: 0.4242~0.8113

- gate_entropy daily range: 0.4817~0.6927

- time_tau daily range: 4.8759~5.3477

- 2×2 regimes: RankIC_mean: best=High-PC1 / High-Tail(0.1234), worst=Low-PC1 / Low-Tail(0.0674), spread=0.0561

- 2×2 routing: time_ratio_mean: best=Low-PC1 / Low-Tail(0.7556), worst=High-PC1 / High-Tail(0.6649), spread=0.0906

- `market_state_corr_pc1_ratio` terciles: RankIC_mean Δ(High-Low)=0.0077, time_ratio_mean Δ(High-Low)=-0.0387

- `market_state_tail_2sigma` terciles: RankIC_mean Δ(High-Low)=0.0560, time_ratio_mean Δ(High-Low)=-0.0834

- `market_state_corr_mean_abs` terciles: RankIC_mean Δ(High-Low)=0.0186, time_ratio_mean Δ(High-Low)=-0.0472

- `market_vol_20` terciles: RankIC_mean Δ(High-Low)=0.0219, time_ratio_mean Δ(High-Low)=-0.0047

- Routing ↔ quality coupling (Spearman, test): time_ratio↔rank_ic: ρ=-0.12 (n=611); gate_entropy↔rank_ic: ρ=0.07 (n=611); time_tau↔rank_ic: ρ=-0.08 (n=611); factor_gate_entropy↔rank_ic: ρ=0.08 (n=611)

- Strongest state↔performance: `market_vol_20` vs `rank_ic` ρ=0.11 (n=611).

- Strongest state↔routing: `market_state_corr_mean_abs` vs `time_ratio` ρ=-0.37 (n=611).


- 解释建议：若“预测质量差异”显著但 `time_ratio/gate_entropy/time_tau` 基本不变，说明路由/时间尺度未随宏观状态自适应；反之若路由显著变化但 RankIC 不变，可能是“在动但没带来收益”。
- 注意：test 天数通常较少，分桶后的 `IR` 与相关性更偏诊断用途；建议在更长窗口/多次 run 上复核。 


## 3. Training Dynamics & Portfolio Backtest

### 3.1 Training Dynamics (MSE vs. RankIC)

训练阶段采用 **MSE 主 loss**（基于 rank-label），这里展示 train/mse 与 valid/rank_ic 随 epoch 的演化，并粗略量化二者的相关性：

- Peak valid RankIC approx 0.0781 at epoch 16
- Corr(-train MSE, valid RankIC) approx 0.915

![Training dynamics (MSE vs RankIC)](train_curves_mse_rankic.png)

### 3.2 Portfolio Backtest (2020-07-01~2022-12-30, csi300 universe)

- 年化收益 (excess return with cost): 18.21% (如果为 nan 请检查 portfolio_analysis/port_analysis_1day.pkl)
- 信息比 (Information Ratio): 1.81
- 最大回撤: -6.17%
- 成交换手率 (Turnover): 32.77%

## 3.3 Qlib Official Graphs

使用 Qlib 官方 report 模块生成的图表：

### analysis_position.report_graph

- [analysis_position.report_graph](qlib_analysis_position_report_graph.html)

### analysis_position.risk_analysis_graph

- [analysis_position.risk_analysis_graph](qlib_analysis_position_risk_analysis_graph_1.html)

- [analysis_position.risk_analysis_graph](qlib_analysis_position_risk_analysis_graph_2.html)

- [analysis_position.risk_analysis_graph](qlib_analysis_position_risk_analysis_graph_3.html)

- [analysis_position.risk_analysis_graph](qlib_analysis_position_risk_analysis_graph_4.html)

- [analysis_position.risk_analysis_graph](qlib_analysis_position_risk_analysis_graph_5.html)

### analysis_position.score_ic_graph

- [analysis_position.score_ic_graph](qlib_analysis_position_score_ic_graph.html)

### analysis_model.model_performance_graph

- [analysis_model.model_performance_graph](qlib_analysis_model_model_performance_graph_1.html)

- [analysis_model.model_performance_graph](qlib_analysis_model_model_performance_graph_2.html)

- [analysis_model.model_performance_graph](qlib_analysis_model_model_performance_graph_3.html)

- [analysis_model.model_performance_graph](qlib_analysis_model_model_performance_graph_4.html)

- [analysis_model.model_performance_graph](qlib_analysis_model_model_performance_graph_5.html)

- [analysis_model.model_performance_graph](qlib_analysis_model_model_performance_graph_6.html)

### analysis_position.cumulative_return_graph

- [analysis_position.cumulative_return_graph](qlib_analysis_position_cumulative_return_graph_1.html)

- [analysis_position.cumulative_return_graph](qlib_analysis_position_cumulative_return_graph_2.html)

- [analysis_position.cumulative_return_graph](qlib_analysis_position_cumulative_return_graph_3.html)

- [analysis_position.cumulative_return_graph](qlib_analysis_position_cumulative_return_graph_4.html)

### analysis_position.rank_label_graph

- [analysis_position.rank_label_graph](qlib_analysis_position_rank_label_graph_1.html)

- [analysis_position.rank_label_graph](qlib_analysis_position_rank_label_graph_2.html)

- [analysis_position.rank_label_graph](qlib_analysis_position_rank_label_graph_3.html)

## 4. Spatio-Temporal Disentanglement Diagnostics

### 4.1 Router Gate over Time (time vs. cross-sectional experts)

- Gate time_ratio (time-expert weight) stats on test set: mean=0.726, std=0.055, p10=0.669, p90=0.779

- Gate entropy stats on test set: mean=0.567, std=0.038, p10=0.523, p90=0.616

- time_ratio 接近 1 表示更信任「时间 expert」，接近 0 表示更信任「截面 expert」。
- 若 mean 在 (0.3, 0.7) 且 std > 0，说明路由器确实在不同阶段做非平凡决策；
  若长期贴近 0 或 1，则 MoE 退化为单专家模型。

![Gate time_ratio series](st_disentangle_gate_series_test.png)

![Gate entropy series](st_disentangle_gate_entropy_series_test.png)

### 4.1.1 Regime-Adaptive Time Scale (tau / half-life)

- time_tau stats on test set: mean=5.073, std=0.118, p10=4.922, p90=5.239

- time_half_life stats on test set: mean=3.516, std=0.082, p10=3.412, p90=3.632

![time_tau series](st_disentangle_time_tau_series_test.png)

![time_half_life series](st_disentangle_time_half_life_series_test.png)

- `time_tau` 来自 regime-adaptive time embedding 的时间尺度参数（越大越偏长记忆，越小越偏短记忆）。
- `time_half_life = time_tau * ln(2)`（单位为窗口时间步，若 1 步=1 天则可视作“天数半衰期”）。

### 4.1.1.1 tau vs time_ratio (same-day overlay)

![tau vs time_ratio](st_disentangle_tau_vs_time_ratio_test.png)

### 4.1.2 Regime-Adaptive Factor Gate (concentration)

- factor_gate_mean stats on test set: mean=1.003, std=0.004, p10=0.996, p90=1.008

- factor_gate_std stats on test set: mean=0.021, std=0.007, p10=0.012, p90=0.032

- factor_gate_entropy stats on test set: mean=0.946, std=0.004, p10=0.942, p90=0.952

- factor_gate_topk_mass_5 stats on test set: mean=0.096, std=0.008, p10=0.086, p90=0.105

- factor_gate_topk_mass_10 stats on test set: mean=0.173, std=0.010, p10=0.160, p90=0.183

![factor_gate_mean series](st_disentangle_factor_gate_mean_series_test.png)

![factor_gate_std series](st_disentangle_factor_gate_std_series_test.png)

![factor_gate_entropy series](st_disentangle_factor_gate_entropy_series_test.png)

![factor_gate_topk_mass_5 series](st_disentangle_factor_gate_topk_mass_5_series_test.png)

![factor_gate_topk_mass_10 series](st_disentangle_factor_gate_topk_mass_10_series_test.png)

- `factor_gate_mean` / `factor_gate_std`：regime-adaptive factor gate 权重的日均值/标准差，反映因子重加权的整体幅度和波动。
- `factor_gate_entropy` 是把 per-sample 的 factor gate 归一化后得到的分布熵（再除以 log(N) 做归一化到 0~1）。
  越低表示 gate 越“集中”，即 regime 对因子组合的重加权更强、更具结构性。
- `factor_gate_topk_mass_5` / `factor_gate_topk_mass_10` 表示前 5 / 10 个因子（按 gate 权重排序）的累计质量占比；越高说明越稀疏/越集中。

### 4.2 Temporal Attention (Heatmap + Locality)

基于若干代表性交易日的 **time-attention heatmap**，统计对角/邻近对角的注意力质量：

- 2020-07-01: diag_mass=0.128, local_band_mass=0.354
- 2021-02-09: diag_mass=0.127, local_band_mass=0.349
- 2021-09-28: diag_mass=0.127, local_band_mass=0.351
- 2022-12-30: diag_mass=0.128, local_band_mass=0.354

![Time attention (2020-07-01)](st_disentangle_attn_time_2020-07-01.png)

![Time attention (2021-02-09)](st_disentangle_attn_time_2021-02-09.png)

![Time attention (2021-09-28)](st_disentangle_attn_time_2021-09-28.png)

![Time attention (2022-12-30)](st_disentangle_attn_time_2022-12-30.png)

- diag_mass 衡量注意力在完全对齐的时间步 (i=j) 上的质量；
- local_band_mass 衡量注意力在 |i-j| ≤ 1 的近邻时间步上的质量。
- 越高说明模型更偏向「局部时序模式」（类似 AR / 局部卷积），
  越低说明模型依赖更长程的时序依赖。

### 4.3 Factor Attention (Heatmap + Concentration)

基于同一批交易日的 **factor-attention heatmap**（默认取窗口最后一个时间步），统计注意力的集中度：

- 2020-07-01: diag_mass=0.006, top5_mass=0.047, entropy=0.996
- 2021-02-09: diag_mass=0.006, top5_mass=0.046, entropy=0.996
- 2021-09-28: diag_mass=0.006, top5_mass=0.044, entropy=0.997
- 2022-12-30: diag_mass=0.006, top5_mass=0.046, entropy=0.996

#### 4.3.1 Factor Attention Top-K (ids)

- 2020-07-01: top10 ids=[6, 10, 2, 137, 143, 84, 23, 17, 3, 47]
- 2021-02-09: top10 ids=[6, 5, 10, 2, 47, 143, 3, 42, 137, 41]
- 2021-09-28: top10 ids=[6, 47, 5, 23, 10, 71, 3, 52, 17, 41]
- 2022-12-30: top10 ids=[6, 23, 10, 47, 147, 41, 71, 17, 52, 57]

![Factor attention (2020-07-01)](st_disentangle_attn_factor_2020-07-01.png)

![Factor attention (2021-02-09)](st_disentangle_attn_factor_2021-02-09.png)

![Factor attention (2021-09-28)](st_disentangle_attn_factor_2021-09-28.png)

![Factor attention (2022-12-30)](st_disentangle_attn_factor_2022-12-30.png)

- diag_mass：因子对自身的注意力质量（越高说明更“自回归/自保留”）；
- top5_mass：每个因子行向量中 Top-5 权重质量的均值（越高说明更稀疏、更“专家化”）；
- entropy：归一化熵 (0~1)，越低越尖锐，越高越均匀。
- 注意：因子维度没有天然顺序，因此不像时间维那样用“邻近对角带”解释；我们更关心“是否稀疏/是否可解释地集中在少数因子交互上”。

### 4.4 Factor Pooling Attention (Heatmap + Top-K)

来自 attention pooling 的 `factor_attention_weights`（模型输出 `factor_pool_weights`），按日对 batch 做均值后导出 heatmap 与 Top-K：

#### 4.4.1 Factor Pooling Top-K (ids)

- 2020-07-01: top10 ids=[10, 84, 17, 28, 14, 83, 6, 18, 59, 53]
- 2021-02-09: top10 ids=[10, 84, 17, 83, 47, 28, 44, 6, 18, 1]
- 2021-09-28: top10 ids=[84, 10, 17, 47, 44, 45, 83, 46, 43, 23]
- 2022-12-30: top10 ids=[10, 84, 17, 28, 49, 83, 47, 44, 45, 2]

![Factor pooling attention (2020-07-01)](st_disentangle_attn_pool_factor_2020-07-01.png)

![Factor pooling attention (2021-02-09)](st_disentangle_attn_pool_factor_2021-02-09.png)

![Factor pooling attention (2021-09-28)](st_disentangle_attn_pool_factor_2021-09-28.png)

![Factor pooling attention (2022-12-30)](st_disentangle_attn_pool_factor_2022-12-30.png)

## 5. Summary

RST-MoE 在官方 Alpha158 / CSI300 框架下，兼顾了稳健的日频预测性能 （IC / RankIC / 信息比）和可解释的时空解耦结构（gate 曲线 + attention 局部性），同时通过 MSE 训练曲线与 RankIC 的联动，展示了从 rank-label → MSE 优化 → 截面预测 → 组合收益的一条清晰传导链。

================================================================================
