Gym has been unmaintained since 2022 and does not support NumPy 2.0 amongst other critical functionality.
Please upgrade to Gymnasium, the maintained drop-in replacement of Gym, or contact the authors of your software and request that they upgrade.
Users of this version of Gym should be able to simply replace 'import gym' with 'import gymnasium as gym' in the vast majority of cases.
See the migration guide at https://gymnasium.farama.org/introduction/migration_guide/ for additional information.
[145468:MainThread](2026-06-07 13:27:51,651) INFO - qlib.Initialization - [config.py:452] - default_conf: client.
[145468:MainThread](2026-06-07 13:27:51,651) INFO - qlib.Initialization - [__init__.py:75] - qlib successfully initialized based on client settings.
[145468:MainThread](2026-06-07 13:27:51,651) INFO - qlib.Initialization - [__init__.py:77] - data_path={'__DEFAULT_FREQ': WindowsPath('C:/Users/60585/.qlib/qlib_data/cn_data')}
>>> [Config:env] Applied experiment overrides
>>> [Config:env] run_setting=readout_smoke_duala_seed42_scale05
Gym has been unmaintained since 2022 and does not support NumPy 2.0 amongst other critical functionality.
Please upgrade to Gymnasium, the maintained drop-in replacement of Gym, or contact the authors of your software and request that they upgrade.
Users of this version of Gym should be able to simply replace 'import gym' with 'import gymnasium as gym' in the vast majority of cases.
See the migration guide at https://gymnasium.farama.org/introduction/migration_guide/ for additional information.
Gym has been unmaintained since 2022 and does not support NumPy 2.0 amongst other critical functionality.
Please upgrade to Gymnasium, the maintained drop-in replacement of Gym, or contact the authors of your software and request that they upgrade.
Users of this version of Gym should be able to simply replace 'import gym' with 'import gymnasium as gym' in the vast majority of cases.
See the migration guide at https://gymnasium.farama.org/introduction/migration_guide/ for additional information.
Gym has been unmaintained since 2022 and does not support NumPy 2.0 amongst other critical functionality.
Please upgrade to Gymnasium, the maintained drop-in replacement of Gym, or contact the authors of your software and request that they upgrade.
Users of this version of Gym should be able to simply replace 'import gym' with 'import gymnasium as gym' in the vast majority of cases.
See the migration guide at https://gymnasium.farama.org/introduction/migration_guide/ for additional information.
Gym has been unmaintained since 2022 and does not support NumPy 2.0 amongst other critical functionality.
Please upgrade to Gymnasium, the maintained drop-in replacement of Gym, or contact the authors of your software and request that they upgrade.
Users of this version of Gym should be able to simply replace 'import gym' with 'import gymnasium as gym' in the vast majority of cases.
See the migration guide at https://gymnasium.farama.org/introduction/migration_guide/ for additional information.
Gym has been unmaintained since 2022 and does not support NumPy 2.0 amongst other critical functionality.
Please upgrade to Gymnasium, the maintained drop-in replacement of Gym, or contact the authors of your software and request that they upgrade.
Users of this version of Gym should be able to simply replace 'import gym' with 'import gymnasium as gym' in the vast majority of cases.
See the migration guide at https://gymnasium.farama.org/introduction/migration_guide/ for additional information.
Gym has been unmaintained since 2022 and does not support NumPy 2.0 amongst other critical functionality.
Please upgrade to Gymnasium, the maintained drop-in replacement of Gym, or contact the authors of your software and request that they upgrade.
Users of this version of Gym should be able to simply replace 'import gym' with 'import gymnasium as gym' in the vast majority of cases.
See the migration guide at https://gymnasium.farama.org/introduction/migration_guide/ for additional information.
Gym has been unmaintained since 2022 and does not support NumPy 2.0 amongst other critical functionality.
Please upgrade to Gymnasium, the maintained drop-in replacement of Gym, or contact the authors of your software and request that they upgrade.
Users of this version of Gym should be able to simply replace 'import gym' with 'import gymnasium as gym' in the vast majority of cases.
See the migration guide at https://gymnasium.farama.org/introduction/migration_guide/ for additional information.
Gym has been unmaintained since 2022 and does not support NumPy 2.0 amongst other critical functionality.
Please upgrade to Gymnasium, the maintained drop-in replacement of Gym, or contact the authors of your software and request that they upgrade.
Users of this version of Gym should be able to simply replace 'import gym' with 'import gymnasium as gym' in the vast majority of cases.
See the migration guide at https://gymnasium.farama.org/introduction/migration_guide/ for additional information.
Gym has been unmaintained since 2022 and does not support NumPy 2.0 amongst other critical functionality.
Please upgrade to Gymnasium, the maintained drop-in replacement of Gym, or contact the authors of your software and request that they upgrade.
Users of this version of Gym should be able to simply replace 'import gym' with 'import gymnasium as gym' in the vast majority of cases.
See the migration guide at https://gymnasium.farama.org/introduction/migration_guide/ for additional information.
Gym has been unmaintained since 2022 and does not support NumPy 2.0 amongst other critical functionality.
Please upgrade to Gymnasium, the maintained drop-in replacement of Gym, or contact the authors of your software and request that they upgrade.
Users of this version of Gym should be able to simply replace 'import gym' with 'import gymnasium as gym' in the vast majority of cases.
See the migration guide at https://gymnasium.farama.org/introduction/migration_guide/ for additional information.
Gym has been unmaintained since 2022 and does not support NumPy 2.0 amongst other critical functionality.
Please upgrade to Gymnasium, the maintained drop-in replacement of Gym, or contact the authors of your software and request that they upgrade.
Users of this version of Gym should be able to simply replace 'import gym' with 'import gymnasium as gym' in the vast majority of cases.
See the migration guide at https://gymnasium.farama.org/introduction/migration_guide/ for additional information.
Gym has been unmaintained since 2022 and does not support NumPy 2.0 amongst other critical functionality.
Please upgrade to Gymnasium, the maintained drop-in replacement of Gym, or contact the authors of your software and request that they upgrade.
Users of this version of Gym should be able to simply replace 'import gym' with 'import gymnasium as gym' in the vast majority of cases.
See the migration guide at https://gymnasium.farama.org/introduction/migration_guide/ for additional information.
Gym has been unmaintained since 2022 and does not support NumPy 2.0 amongst other critical functionality.
Please upgrade to Gymnasium, the maintained drop-in replacement of Gym, or contact the authors of your software and request that they upgrade.
Users of this version of Gym should be able to simply replace 'import gym' with 'import gymnasium as gym' in the vast majority of cases.
See the migration guide at https://gymnasium.farama.org/introduction/migration_guide/ for additional information.
Gym has been unmaintained since 2022 and does not support NumPy 2.0 amongst other critical functionality.
Please upgrade to Gymnasium, the maintained drop-in replacement of Gym, or contact the authors of your software and request that they upgrade.
Users of this version of Gym should be able to simply replace 'import gym' with 'import gymnasium as gym' in the vast majority of cases.
See the migration guide at https://gymnasium.farama.org/introduction/migration_guide/ for additional information.
Gym has been unmaintained since 2022 and does not support NumPy 2.0 amongst other critical functionality.
Please upgrade to Gymnasium, the maintained drop-in replacement of Gym, or contact the authors of your software and request that they upgrade.
Users of this version of Gym should be able to simply replace 'import gym' with 'import gymnasium as gym' in the vast majority of cases.
See the migration guide at https://gymnasium.farama.org/introduction/migration_guide/ for additional information.
Gym has been unmaintained since 2022 and does not support NumPy 2.0 amongst other critical functionality.
Please upgrade to Gymnasium, the maintained drop-in replacement of Gym, or contact the authors of your software and request that they upgrade.
Users of this version of Gym should be able to simply replace 'import gym' with 'import gymnasium as gym' in the vast majority of cases.
See the migration guide at https://gymnasium.farama.org/introduction/migration_guide/ for additional information.
Gym has been unmaintained since 2022 and does not support NumPy 2.0 amongst other critical functionality.
Please upgrade to Gymnasium, the maintained drop-in replacement of Gym, or contact the authors of your software and request that they upgrade.
Users of this version of Gym should be able to simply replace 'import gym' with 'import gymnasium as gym' in the vast majority of cases.
See the migration guide at https://gymnasium.farama.org/introduction/migration_guide/ for additional information.
Gym has been unmaintained since 2022 and does not support NumPy 2.0 amongst other critical functionality.
Please upgrade to Gymnasium, the maintained drop-in replacement of Gym, or contact the authors of your software and request that they upgrade.
Users of this version of Gym should be able to simply replace 'import gym' with 'import gymnasium as gym' in the vast majority of cases.
See the migration guide at https://gymnasium.farama.org/introduction/migration_guide/ for additional information.
[137960:MainThread](2026-06-07 13:27:57,430) INFO - qlib.Initialization - [config.py:452] - default_conf: client.
[137960:MainThread](2026-06-07 13:27:57,435) INFO - qlib.Initialization - [__init__.py:75] - qlib successfully initialized based on client settings.
[137960:MainThread](2026-06-07 13:27:57,435) INFO - qlib.Initialization - [__init__.py:77] - data_path={'__DEFAULT_FREQ': WindowsPath('C:/Users/60585/.qlib/qlib_data/cn_data')}
[157680:MainThread](2026-06-07 13:27:57,446) INFO - qlib.Initialization - [config.py:452] - default_conf: client.
[161872:MainThread](2026-06-07 13:27:57,452) INFO - qlib.Initialization - [config.py:452] - default_conf: client.
[157680:MainThread](2026-06-07 13:27:57,454) INFO - qlib.Initialization - [__init__.py:75] - qlib successfully initialized based on client settings.
[157680:MainThread](2026-06-07 13:27:57,454) INFO - qlib.Initialization - [__init__.py:77] - data_path={'__DEFAULT_FREQ': WindowsPath('C:/Users/60585/.qlib/qlib_data/cn_data')}
[161872:MainThread](2026-06-07 13:27:57,457) INFO - qlib.Initialization - [__init__.py:75] - qlib successfully initialized based on client settings.
[161872:MainThread](2026-06-07 13:27:57,457) INFO - qlib.Initialization - [__init__.py:77] - data_path={'__DEFAULT_FREQ': WindowsPath('C:/Users/60585/.qlib/qlib_data/cn_data')}
[12724:MainThread](2026-06-07 13:27:57,476) INFO - qlib.Initialization - [config.py:452] - default_conf: client.
[12724:MainThread](2026-06-07 13:27:57,483) INFO - qlib.Initialization - [__init__.py:75] - qlib successfully initialized based on client settings.
[12724:MainThread](2026-06-07 13:27:57,483) INFO - qlib.Initialization - [__init__.py:77] - data_path={'__DEFAULT_FREQ': WindowsPath('C:/Users/60585/.qlib/qlib_data/cn_data')}
[165188:MainThread](2026-06-07 13:27:57,526) INFO - qlib.Initialization - [config.py:452] - default_conf: client.
[165188:MainThread](2026-06-07 13:27:57,536) INFO - qlib.Initialization - [__init__.py:75] - qlib successfully initialized based on client settings.
[155340:MainThread](2026-06-07 13:27:57,536) INFO - qlib.Initialization - [config.py:452] - default_conf: client.
[165188:MainThread](2026-06-07 13:27:57,536) INFO - qlib.Initialization - [__init__.py:77] - data_path={'__DEFAULT_FREQ': WindowsPath('C:/Users/60585/.qlib/qlib_data/cn_data')}
[155340:MainThread](2026-06-07 13:27:57,542) INFO - qlib.Initialization - [__init__.py:75] - qlib successfully initialized based on client settings.
[155340:MainThread](2026-06-07 13:27:57,542) INFO - qlib.Initialization - [__init__.py:77] - data_path={'__DEFAULT_FREQ': WindowsPath('C:/Users/60585/.qlib/qlib_data/cn_data')}
[170920:MainThread](2026-06-07 13:27:57,547) INFO - qlib.Initialization - [config.py:452] - default_conf: client.
[170920:MainThread](2026-06-07 13:27:57,553) INFO - qlib.Initialization - [__init__.py:75] - qlib successfully initialized based on client settings.
[170920:MainThread](2026-06-07 13:27:57,555) INFO - qlib.Initialization - [__init__.py:77] - data_path={'__DEFAULT_FREQ': WindowsPath('C:/Users/60585/.qlib/qlib_data/cn_data')}
[160524:MainThread](2026-06-07 13:27:57,564) INFO - qlib.Initialization - [config.py:452] - default_conf: client.
[160524:MainThread](2026-06-07 13:27:57,569) INFO - qlib.Initialization - [__init__.py:75] - qlib successfully initialized based on client settings.
[160524:MainThread](2026-06-07 13:27:57,569) INFO - qlib.Initialization - [__init__.py:77] - data_path={'__DEFAULT_FREQ': WindowsPath('C:/Users/60585/.qlib/qlib_data/cn_data')}
[151500:MainThread](2026-06-07 13:27:57,580) INFO - qlib.Initialization - [config.py:452] - default_conf: client.
[161540:MainThread](2026-06-07 13:27:57,581) INFO - qlib.Initialization - [config.py:452] - default_conf: client.
[151500:MainThread](2026-06-07 13:27:57,585) INFO - qlib.Initialization - [__init__.py:75] - qlib successfully initialized based on client settings.
[151500:MainThread](2026-06-07 13:27:57,585) INFO - qlib.Initialization - [__init__.py:77] - data_path={'__DEFAULT_FREQ': WindowsPath('C:/Users/60585/.qlib/qlib_data/cn_data')}
[161540:MainThread](2026-06-07 13:27:57,588) INFO - qlib.Initialization - [__init__.py:75] - qlib successfully initialized based on client settings.
[161540:MainThread](2026-06-07 13:27:57,590) INFO - qlib.Initialization - [__init__.py:77] - data_path={'__DEFAULT_FREQ': WindowsPath('C:/Users/60585/.qlib/qlib_data/cn_data')}
[163024:MainThread](2026-06-07 13:27:57,622) INFO - qlib.Initialization - [config.py:452] - default_conf: client.
[163024:MainThread](2026-06-07 13:27:57,631) INFO - qlib.Initialization - [__init__.py:75] - qlib successfully initialized based on client settings.
[163024:MainThread](2026-06-07 13:27:57,633) INFO - qlib.Initialization - [__init__.py:77] - data_path={'__DEFAULT_FREQ': WindowsPath('C:/Users/60585/.qlib/qlib_data/cn_data')}
[48964:MainThread](2026-06-07 13:27:57,634) INFO - qlib.Initialization - [config.py:452] - default_conf: client.
[157544:MainThread](2026-06-07 13:27:57,642) INFO - qlib.Initialization - [config.py:452] - default_conf: client.
[48964:MainThread](2026-06-07 13:27:57,642) INFO - qlib.Initialization - [__init__.py:75] - qlib successfully initialized based on client settings.
[48964:MainThread](2026-06-07 13:27:57,644) INFO - qlib.Initialization - [__init__.py:77] - data_path={'__DEFAULT_FREQ': WindowsPath('C:/Users/60585/.qlib/qlib_data/cn_data')}
[157544:MainThread](2026-06-07 13:27:57,647) INFO - qlib.Initialization - [__init__.py:75] - qlib successfully initialized based on client settings.
[157544:MainThread](2026-06-07 13:27:57,648) INFO - qlib.Initialization - [__init__.py:77] - data_path={'__DEFAULT_FREQ': WindowsPath('C:/Users/60585/.qlib/qlib_data/cn_data')}
[166836:MainThread](2026-06-07 13:27:57,738) INFO - qlib.Initialization - [config.py:452] - default_conf: client.
[163872:MainThread](2026-06-07 13:27:57,746) INFO - qlib.Initialization - [config.py:452] - default_conf: client.
[163872:MainThread](2026-06-07 13:27:57,750) INFO - qlib.Initialization - [__init__.py:75] - qlib successfully initialized based on client settings.
[163872:MainThread](2026-06-07 13:27:57,750) INFO - qlib.Initialization - [__init__.py:77] - data_path={'__DEFAULT_FREQ': WindowsPath('C:/Users/60585/.qlib/qlib_data/cn_data')}
[164388:MainThread](2026-06-07 13:27:57,768) INFO - qlib.Initialization - [config.py:452] - default_conf: client.
[166836:MainThread](2026-06-07 13:27:57,769) INFO - qlib.Initialization - [__init__.py:75] - qlib successfully initialized based on client settings.
[166836:MainThread](2026-06-07 13:27:57,769) INFO - qlib.Initialization - [__init__.py:77] - data_path={'__DEFAULT_FREQ': WindowsPath('C:/Users/60585/.qlib/qlib_data/cn_data')}
[164388:MainThread](2026-06-07 13:27:57,782) INFO - qlib.Initialization - [__init__.py:75] - qlib successfully initialized based on client settings.
[164388:MainThread](2026-06-07 13:27:57,782) INFO - qlib.Initialization - [__init__.py:77] - data_path={'__DEFAULT_FREQ': WindowsPath('C:/Users/60585/.qlib/qlib_data/cn_data')}
[162508:MainThread](2026-06-07 13:27:57,831) INFO - qlib.Initialization - [config.py:452] - default_conf: client.
[162508:MainThread](2026-06-07 13:27:57,836) INFO - qlib.Initialization - [__init__.py:75] - qlib successfully initialized based on client settings.
[162508:MainThread](2026-06-07 13:27:57,836) INFO - qlib.Initialization - [__init__.py:77] - data_path={'__DEFAULT_FREQ': WindowsPath('C:/Users/60585/.qlib/qlib_data/cn_data')}
[168928:MainThread](2026-06-07 13:27:58,044) INFO - qlib.Initialization - [config.py:452] - default_conf: client.
[168928:MainThread](2026-06-07 13:27:58,055) INFO - qlib.Initialization - [__init__.py:75] - qlib successfully initialized based on client settings.
[168928:MainThread](2026-06-07 13:27:58,056) INFO - qlib.Initialization - [__init__.py:77] - data_path={'__DEFAULT_FREQ': WindowsPath('C:/Users/60585/.qlib/qlib_data/cn_data')}
Gym has been unmaintained since 2022 and does not support NumPy 2.0 amongst other critical functionality.
Please upgrade to Gymnasium, the maintained drop-in replacement of Gym, or contact the authors of your software and request that they upgrade.
Users of this version of Gym should be able to simply replace 'import gym' with 'import gymnasium as gym' in the vast majority of cases.
See the migration guide at https://gymnasium.farama.org/introduction/migration_guide/ for additional information.
Gym has been unmaintained since 2022 and does not support NumPy 2.0 amongst other critical functionality.
Please upgrade to Gymnasium, the maintained drop-in replacement of Gym, or contact the authors of your software and request that they upgrade.
Users of this version of Gym should be able to simply replace 'import gym' with 'import gymnasium as gym' in the vast majority of cases.
See the migration guide at https://gymnasium.farama.org/introduction/migration_guide/ for additional information.
Gym has been unmaintained since 2022 and does not support NumPy 2.0 amongst other critical functionality.
Please upgrade to Gymnasium, the maintained drop-in replacement of Gym, or contact the authors of your software and request that they upgrade.
Users of this version of Gym should be able to simply replace 'import gym' with 'import gymnasium as gym' in the vast majority of cases.
See the migration guide at https://gymnasium.farama.org/introduction/migration_guide/ for additional information.
Gym has been unmaintained since 2022 and does not support NumPy 2.0 amongst other critical functionality.
Please upgrade to Gymnasium, the maintained drop-in replacement of Gym, or contact the authors of your software and request that they upgrade.
Users of this version of Gym should be able to simply replace 'import gym' with 'import gymnasium as gym' in the vast majority of cases.
See the migration guide at https://gymnasium.farama.org/introduction/migration_guide/ for additional information.
Gym has been unmaintained since 2022 and does not support NumPy 2.0 amongst other critical functionality.
Please upgrade to Gymnasium, the maintained drop-in replacement of Gym, or contact the authors of your software and request that they upgrade.
Users of this version of Gym should be able to simply replace 'import gym' with 'import gymnasium as gym' in the vast majority of cases.
See the migration guide at https://gymnasium.farama.org/introduction/migration_guide/ for additional information.
Gym has been unmaintained since 2022 and does not support NumPy 2.0 amongst other critical functionality.
Please upgrade to Gymnasium, the maintained drop-in replacement of Gym, or contact the authors of your software and request that they upgrade.
Users of this version of Gym should be able to simply replace 'import gym' with 'import gymnasium as gym' in the vast majority of cases.
See the migration guide at https://gymnasium.farama.org/introduction/migration_guide/ for additional information.
Gym has been unmaintained since 2022 and does not support NumPy 2.0 amongst other critical functionality.
Please upgrade to Gymnasium, the maintained drop-in replacement of Gym, or contact the authors of your software and request that they upgrade.
Users of this version of Gym should be able to simply replace 'import gym' with 'import gymnasium as gym' in the vast majority of cases.
See the migration guide at https://gymnasium.farama.org/introduction/migration_guide/ for additional information.
Gym has been unmaintained since 2022 and does not support NumPy 2.0 amongst other critical functionality.
Please upgrade to Gymnasium, the maintained drop-in replacement of Gym, or contact the authors of your software and request that they upgrade.
Users of this version of Gym should be able to simply replace 'import gym' with 'import gymnasium as gym' in the vast majority of cases.
See the migration guide at https://gymnasium.farama.org/introduction/migration_guide/ for additional information.
Gym has been unmaintained since 2022 and does not support NumPy 2.0 amongst other critical functionality.
Please upgrade to Gymnasium, the maintained drop-in replacement of Gym, or contact the authors of your software and request that they upgrade.
Users of this version of Gym should be able to simply replace 'import gym' with 'import gymnasium as gym' in the vast majority of cases.
See the migration guide at https://gymnasium.farama.org/introduction/migration_guide/ for additional information.
Gym has been unmaintained since 2022 and does not support NumPy 2.0 amongst other critical functionality.
Please upgrade to Gymnasium, the maintained drop-in replacement of Gym, or contact the authors of your software and request that they upgrade.
Users of this version of Gym should be able to simply replace 'import gym' with 'import gymnasium as gym' in the vast majority of cases.
See the migration guide at https://gymnasium.farama.org/introduction/migration_guide/ for additional information.
Gym has been unmaintained since 2022 and does not support NumPy 2.0 amongst other critical functionality.
Please upgrade to Gymnasium, the maintained drop-in replacement of Gym, or contact the authors of your software and request that they upgrade.
Users of this version of Gym should be able to simply replace 'import gym' with 'import gymnasium as gym' in the vast majority of cases.
See the migration guide at https://gymnasium.farama.org/introduction/migration_guide/ for additional information.
Gym has been unmaintained since 2022 and does not support NumPy 2.0 amongst other critical functionality.
Please upgrade to Gymnasium, the maintained drop-in replacement of Gym, or contact the authors of your software and request that they upgrade.
Users of this version of Gym should be able to simply replace 'import gym' with 'import gymnasium as gym' in the vast majority of cases.
See the migration guide at https://gymnasium.farama.org/introduction/migration_guide/ for additional information.
Gym has been unmaintained since 2022 and does not support NumPy 2.0 amongst other critical functionality.
Please upgrade to Gymnasium, the maintained drop-in replacement of Gym, or contact the authors of your software and request that they upgrade.
Users of this version of Gym should be able to simply replace 'import gym' with 'import gymnasium as gym' in the vast majority of cases.
See the migration guide at https://gymnasium.farama.org/introduction/migration_guide/ for additional information.
Gym has been unmaintained since 2022 and does not support NumPy 2.0 amongst other critical functionality.
Please upgrade to Gymnasium, the maintained drop-in replacement of Gym, or contact the authors of your software and request that they upgrade.
Users of this version of Gym should be able to simply replace 'import gym' with 'import gymnasium as gym' in the vast majority of cases.
See the migration guide at https://gymnasium.farama.org/introduction/migration_guide/ for additional information.
Gym has been unmaintained since 2022 and does not support NumPy 2.0 amongst other critical functionality.
Please upgrade to Gymnasium, the maintained drop-in replacement of Gym, or contact the authors of your software and request that they upgrade.
Users of this version of Gym should be able to simply replace 'import gym' with 'import gymnasium as gym' in the vast majority of cases.
See the migration guide at https://gymnasium.farama.org/introduction/migration_guide/ for additional information.
Gym has been unmaintained since 2022 and does not support NumPy 2.0 amongst other critical functionality.
Please upgrade to Gymnasium, the maintained drop-in replacement of Gym, or contact the authors of your software and request that they upgrade.
Users of this version of Gym should be able to simply replace 'import gym' with 'import gymnasium as gym' in the vast majority of cases.
See the migration guide at https://gymnasium.farama.org/introduction/migration_guide/ for additional information.
Gym has been unmaintained since 2022 and does not support NumPy 2.0 amongst other critical functionality.
Please upgrade to Gymnasium, the maintained drop-in replacement of Gym, or contact the authors of your software and request that they upgrade.
Users of this version of Gym should be able to simply replace 'import gym' with 'import gymnasium as gym' in the vast majority of cases.
See the migration guide at https://gymnasium.farama.org/introduction/migration_guide/ for additional information.
Gym has been unmaintained since 2022 and does not support NumPy 2.0 amongst other critical functionality.
Please upgrade to Gymnasium, the maintained drop-in replacement of Gym, or contact the authors of your software and request that they upgrade.
Users of this version of Gym should be able to simply replace 'import gym' with 'import gymnasium as gym' in the vast majority of cases.
See the migration guide at https://gymnasium.farama.org/introduction/migration_guide/ for additional information.
[173400:MainThread](2026-06-07 13:28:21,362) INFO - qlib.Initialization - [config.py:452] - default_conf: client.
[173400:MainThread](2026-06-07 13:28:21,366) INFO - qlib.Initialization - [__init__.py:75] - qlib successfully initialized based on client settings.
[173400:MainThread](2026-06-07 13:28:21,368) INFO - qlib.Initialization - [__init__.py:77] - data_path={'__DEFAULT_FREQ': WindowsPath('C:/Users/60585/.qlib/qlib_data/cn_data')}
[167868:MainThread](2026-06-07 13:28:21,368) INFO - qlib.Initialization - [config.py:452] - default_conf: client.
[172192:MainThread](2026-06-07 13:28:21,368) INFO - qlib.Initialization - [config.py:452] - default_conf: client.
[167868:MainThread](2026-06-07 13:28:21,372) INFO - qlib.Initialization - [__init__.py:75] - qlib successfully initialized based on client settings.
[167868:MainThread](2026-06-07 13:28:21,374) INFO - qlib.Initialization - [__init__.py:77] - data_path={'__DEFAULT_FREQ': WindowsPath('C:/Users/60585/.qlib/qlib_data/cn_data')}
[172192:MainThread](2026-06-07 13:28:21,379) INFO - qlib.Initialization - [__init__.py:75] - qlib successfully initialized based on client settings.
[172192:MainThread](2026-06-07 13:28:21,381) INFO - qlib.Initialization - [__init__.py:77] - data_path={'__DEFAULT_FREQ': WindowsPath('C:/Users/60585/.qlib/qlib_data/cn_data')}
[164028:MainThread](2026-06-07 13:28:21,390) INFO - qlib.Initialization - [config.py:452] - default_conf: client.
[171588:MainThread](2026-06-07 13:28:21,396) INFO - qlib.Initialization - [config.py:452] - default_conf: client.
[164028:MainThread](2026-06-07 13:28:21,396) INFO - qlib.Initialization - [__init__.py:75] - qlib successfully initialized based on client settings.
[164028:MainThread](2026-06-07 13:28:21,399) INFO - qlib.Initialization - [__init__.py:77] - data_path={'__DEFAULT_FREQ': WindowsPath('C:/Users/60585/.qlib/qlib_data/cn_data')}
[158352:MainThread](2026-06-07 13:28:21,401) INFO - qlib.Initialization - [config.py:452] - default_conf: client.
[171588:MainThread](2026-06-07 13:28:21,409) INFO - qlib.Initialization - [__init__.py:75] - qlib successfully initialized based on client settings.
[158352:MainThread](2026-06-07 13:28:21,409) INFO - qlib.Initialization - [__init__.py:75] - qlib successfully initialized based on client settings.
[171588:MainThread](2026-06-07 13:28:21,409) INFO - qlib.Initialization - [__init__.py:77] - data_path={'__DEFAULT_FREQ': WindowsPath('C:/Users/60585/.qlib/qlib_data/cn_data')}
[158352:MainThread](2026-06-07 13:28:21,409) INFO - qlib.Initialization - [__init__.py:77] - data_path={'__DEFAULT_FREQ': WindowsPath('C:/Users/60585/.qlib/qlib_data/cn_data')}
[173740:MainThread](2026-06-07 13:28:21,431) INFO - qlib.Initialization - [config.py:452] - default_conf: client.
[161008:MainThread](2026-06-07 13:28:21,431) INFO - qlib.Initialization - [config.py:452] - default_conf: client.
[147924:MainThread](2026-06-07 13:28:21,439) INFO - qlib.Initialization - [config.py:452] - default_conf: client.
[161008:MainThread](2026-06-07 13:28:21,440) INFO - qlib.Initialization - [__init__.py:75] - qlib successfully initialized based on client settings.
[161008:MainThread](2026-06-07 13:28:21,440) INFO - qlib.Initialization - [__init__.py:77] - data_path={'__DEFAULT_FREQ': WindowsPath('C:/Users/60585/.qlib/qlib_data/cn_data')}
[173164:MainThread](2026-06-07 13:28:21,440) INFO - qlib.Initialization - [config.py:452] - default_conf: client.
[173740:MainThread](2026-06-07 13:28:21,442) INFO - qlib.Initialization - [__init__.py:75] - qlib successfully initialized based on client settings.
[173740:MainThread](2026-06-07 13:28:21,442) INFO - qlib.Initialization - [__init__.py:77] - data_path={'__DEFAULT_FREQ': WindowsPath('C:/Users/60585/.qlib/qlib_data/cn_data')}
[147924:MainThread](2026-06-07 13:28:21,444) INFO - qlib.Initialization - [__init__.py:75] - qlib successfully initialized based on client settings.
[147924:MainThread](2026-06-07 13:28:21,445) INFO - qlib.Initialization - [__init__.py:77] - data_path={'__DEFAULT_FREQ': WindowsPath('C:/Users/60585/.qlib/qlib_data/cn_data')}
[173164:MainThread](2026-06-07 13:28:21,445) INFO - qlib.Initialization - [__init__.py:75] - qlib successfully initialized based on client settings.
[173164:MainThread](2026-06-07 13:28:21,445) INFO - qlib.Initialization - [__init__.py:77] - data_path={'__DEFAULT_FREQ': WindowsPath('C:/Users/60585/.qlib/qlib_data/cn_data')}
[114184:MainThread](2026-06-07 13:28:21,453) INFO - qlib.Initialization - [config.py:452] - default_conf: client.
[114184:MainThread](2026-06-07 13:28:21,464) INFO - qlib.Initialization - [__init__.py:75] - qlib successfully initialized based on client settings.
[114184:MainThread](2026-06-07 13:28:21,466) INFO - qlib.Initialization - [__init__.py:77] - data_path={'__DEFAULT_FREQ': WindowsPath('C:/Users/60585/.qlib/qlib_data/cn_data')}
[57056:MainThread](2026-06-07 13:28:21,504) INFO - qlib.Initialization - [config.py:452] - default_conf: client.
[172516:MainThread](2026-06-07 13:28:21,517) INFO - qlib.Initialization - [config.py:452] - default_conf: client.
[57056:MainThread](2026-06-07 13:28:21,518) INFO - qlib.Initialization - [__init__.py:75] - qlib successfully initialized based on client settings.
[57056:MainThread](2026-06-07 13:28:21,518) INFO - qlib.Initialization - [__init__.py:77] - data_path={'__DEFAULT_FREQ': WindowsPath('C:/Users/60585/.qlib/qlib_data/cn_data')}
[172516:MainThread](2026-06-07 13:28:21,527) INFO - qlib.Initialization - [__init__.py:75] - qlib successfully initialized based on client settings.
[172516:MainThread](2026-06-07 13:28:21,529) INFO - qlib.Initialization - [__init__.py:77] - data_path={'__DEFAULT_FREQ': WindowsPath('C:/Users/60585/.qlib/qlib_data/cn_data')}
[166668:MainThread](2026-06-07 13:28:21,532) INFO - qlib.Initialization - [config.py:452] - default_conf: client.
[166668:MainThread](2026-06-07 13:28:21,555) INFO - qlib.Initialization - [__init__.py:75] - qlib successfully initialized based on client settings.
[166668:MainThread](2026-06-07 13:28:21,555) INFO - qlib.Initialization - [__init__.py:77] - data_path={'__DEFAULT_FREQ': WindowsPath('C:/Users/60585/.qlib/qlib_data/cn_data')}
[168036:MainThread](2026-06-07 13:28:21,631) INFO - qlib.Initialization - [config.py:452] - default_conf: client.
[169240:MainThread](2026-06-07 13:28:21,653) INFO - qlib.Initialization - [config.py:452] - default_conf: client.
[168036:MainThread](2026-06-07 13:28:21,663) INFO - qlib.Initialization - [__init__.py:75] - qlib successfully initialized based on client settings.
[168036:MainThread](2026-06-07 13:28:21,663) INFO - qlib.Initialization - [__init__.py:77] - data_path={'__DEFAULT_FREQ': WindowsPath('C:/Users/60585/.qlib/qlib_data/cn_data')}
[169240:MainThread](2026-06-07 13:28:21,674) INFO - qlib.Initialization - [__init__.py:75] - qlib successfully initialized based on client settings.
[169240:MainThread](2026-06-07 13:28:21,674) INFO - qlib.Initialization - [__init__.py:77] - data_path={'__DEFAULT_FREQ': WindowsPath('C:/Users/60585/.qlib/qlib_data/cn_data')}
[85044:MainThread](2026-06-07 13:28:22,116) INFO - qlib.Initialization - [config.py:452] - default_conf: client.
[145468:MainThread](2026-06-07 13:28:22,440) INFO - qlib.timer - [log.py:127] - Time cost: 30.782s | Loading data Done
[145468:MainThread](2026-06-07 13:28:26,870) INFO - qlib.timer - [log.py:127] - Time cost: 4.055s | RobustZScoreNorm Done
[145468:MainThread](2026-06-07 13:28:27,682) INFO - qlib.timer - [log.py:127] - Time cost: 0.812s | Fillna Done
[145468:MainThread](2026-06-07 13:28:28,190) INFO - qlib.timer - [log.py:127] - Time cost: 0.175s | DropnaLabel Done
[145468:MainThread](2026-06-07 13:28:33,278) INFO - qlib.timer - [log.py:127] - Time cost: 5.088s | CSZScoreNorm Done
[145468:MainThread](2026-06-07 13:28:33,291) INFO - qlib.timer - [log.py:127] - Time cost: 10.851s | fit & process data Done
[145468:MainThread](2026-06-07 13:28:33,297) INFO - qlib.timer - [log.py:127] - Time cost: 41.639s | Init data Done
C:\Users\60585\PycharmProjects\qibMacV2\module\model_adapter.py:206: FutureWarning: `torch.cuda.amp.GradScaler(args...)` is deprecated. Please use `torch.amp.GradScaler('cuda', args...)` instead.
  self.scaler = torch.cuda.amp.GradScaler(enabled=True)
C:\Users\60585\miniconda3\envs\quantEnv\lib\site-packages\mlflow\tracking\_tracking_service\utils.py:140: FutureWarning: Filesystem tracking backend (e.g., './mlruns') is deprecated. Please switch to a database backend (e.g., 'sqlite:///mlflow.db'). For feedback, see: https://github.com/mlflow/mlflow/issues/18534
  return FileStore(store_uri, store_uri)
[145468:MainThread](2026-06-07 13:28:39,099) WARNING - qlib.workflow - [expm.py:231] - No valid experiment found. Create a new experiment with name Official_Alignment_RST_MoE_loss-mse_d64_l2_ff128_ctx8_embft_time1_decay1_film1_fgs1.0_fsh0.2_rSum1_rModelearned_featSel0_mseNorm0_macro1_mDrop0.1_pool0.7_msmarket_state_csi300_settingreadout_smoke_duala_seed42_scale05.
[145468:MainThread](2026-06-07 13:28:39,140) INFO - qlib.workflow - [exp.py:258] - Experiment 189727150600157421 starts running ...
[145468:MainThread](2026-06-07 13:28:39,821) INFO - qlib.workflow - [recorder.py:345] - Recorder 13ba22976800469b817159adc1aed944 starts running under Experiment 189727150600157421 ...
warning: in the working copy of 'module/architecture/moe_block.py', LF will be replaced by CRLF the next time Git touches it
warning: in the working copy of 'module/dataloader/sampler.py', LF will be replaced by CRLF the next time Git touches it
warning: in the working copy of 'module/model_adapter.py', LF will be replaced by CRLF the next time Git touches it
warning: in the working copy of 'work_flow.py', LF will be replaced by CRLF the next time Git touches it
>>> [Config:planned] model: loss=mse, d_model=64, layers=2, heads=4, context_len=8, num_alphas=158, val_emb=feature_tokenizer, time_emb=on, factor_gate=on, router=learned, feat_sel=off, alibi=off, macro=external(market_state_csi300.pkl, dim=auto, shift=0, strict=True), macro_drop=0.1
>>> [Config:planned] trainer: lr=5e-05, epochs=1, batch=300, accum=1, early_stop=0, warmup=on(ratio=0.05), precision=amp_fp16, seed=42, checkpoint=valid_rank_ic:max, train_stop=off, min_epochs=1, k=999999
>>> [Phase 1] Training Model...
>>> [MarketState] loaded data/market_state_csi300.pkl (dates=3710, dim=102), shift=0, strict=True
>>> [Schema] Packed-label detected on train segment: total_dim=159, feature_dim=158, label_dim=1. Adapter will treat the last 1 channel(s) at the final time step as label.

================================================================================
MODEL ARCHITECTURE SUMMARY
================================================================================
QuantMoEModel(
  (feature_tokenizer): FeatureTokenizer()
  (factor_id_emb): Embedding(158, 64)
  (emb_dropout): Dropout(p=0.1, inplace=False)
  (time_embedding): RegimeAdaptiveTimeEmbedding(
    (tau_norm): LayerNorm((64,), eps=1e-05, elementwise_affine=True)
    (tau_fc1): Linear(in_features=64, out_features=32, bias=True)
    (tau_fc2): Linear(in_features=32, out_features=1, bias=True)
  )
  (factor_gate): RegimeAdaptiveFactorGate(
    (regime_norm): LayerNorm((64,), eps=1e-05, elementwise_affine=True)
    (factor_norm): LayerNorm((64,), eps=1e-05, elementwise_affine=True)
    (proj_gamma): Linear(in_features=64, out_features=64, bias=False)
    (proj_beta): Linear(in_features=64, out_features=64, bias=False)
  )
  (regime_encoder): RegimeContextEncoder(
    (encoder): Sequential(
      (0): Linear(in_features=102, out_features=128, bias=True)
      (1): Tanh()
      (2): Dropout(p=0.1, inplace=False)
      (3): Linear(in_features=128, out_features=64, bias=True)
      (4): LayerNorm((64,), eps=1e-05, elementwise_affine=True)
    )
  )
  (layers): ModuleList(
    (0-1): 2 x RegimeAdaptiveMoEBlock(
      (layer_summary_proj): Linear(in_features=128, out_features=64, bias=False)
      (router): Sequential(
        (0): Linear(in_features=128, out_features=32, bias=True)
        (1): GELU(approximate='none')
        (2): Linear(in_features=32, out_features=2, bias=True)
      )
      (time_expert): ParallelAttention(
        (mha): MultiheadAttention(
          (out_proj): NonDynamicallyQuantizableLinear(in_features=64, out_features=64, bias=False)
        )
      )
      (factor_expert): ParallelAttention(
        (mha): MultiheadAttention(
          (out_proj): NonDynamicallyQuantizableLinear(in_features=64, out_features=64, bias=False)
        )
      )
      (norm1): LayerNorm((64,), eps=1e-05, elementwise_affine=True)
      (norm2): LayerNorm((64,), eps=1e-05, elementwise_affine=True)
      (ffn): Sequential(
        (0): Linear(in_features=64, out_features=128, bias=True)
        (1): GELU(approximate='none')
        (2): Dropout(p=0.1, inplace=False)
        (3): Linear(in_features=128, out_features=64, bias=True)
        (4): Dropout(p=0.1, inplace=False)
      )
    )
  )
  (final_norm): LayerNorm((64,), eps=1e-05, elementwise_affine=True)
  (factor_pooling): AdaptivePooling(
    (attention_pool): AttentionPooling(
      (mha): MultiheadAttention(
        (out_proj): NonDynamicallyQuantizableLinear(in_features=64, out_features=64, bias=False)
      )
      (norm): LayerNorm((64,), eps=1e-05, elementwise_affine=True)
    )
  )
  (head): Linear(in_features=64, out_features=1, bias=True)
  (tr_head2): Linear(in_features=128, out_features=1, bias=True)
)

--------------------------------------------------------------------------------
PARAMETER STATISTICS BY MODULE
--------------------------------------------------------------------------------
Module                    Params          Trainable       %Total    
-----------------------------------------------------------------
layers                    123,972         123,972         60.8      %
regime_encoder            21,568          21,568          10.6      %
feature_tokenizer         20,224          20,224          9.9       %
factor_pooling            16,576          16,576          8.1       %
factor_id_emb             10,112          10,112          5.0       %
factor_gate               8,448           8,448           4.1       %
time_embedding            2,754           2,754           1.3       %
tr_head2                  129             129             0.1       %
final_norm                128             128             0.1       %
head                      65              65              0.0       %
tr_q                      64              64              0.0       %
tr_b_t                    8               8               0.0       %
tr_gate                   1               1               0.0       %
-----------------------------------------------------------------
TOTAL                     204,049         204,049         100.0     %

--------------------------------------------------------------------------------
DETAILED LAYER BREAKDOWN
--------------------------------------------------------------------------------
Layer Name                                         Shape                     Params      
---------------------------------------------------------------------------------------
tr_q                                               [64]                      64          
tr_b_t                                             [8]                       8           
tr_gate                                            [1]                       1           
feature_tokenizer.weight                           [158, 64]                 10,112      
feature_tokenizer.bias                             [158, 64]                 10,112      
factor_id_emb.weight                               [158, 64]                 10,112      
time_embedding.pos                                 [8, 64]                   512         
time_embedding.tau_base                            []                        1           
time_embedding.tau_norm.weight                     [64]                      64          
time_embedding.tau_norm.bias                       [64]                      64          
time_embedding.tau_fc1.weight                      [32, 64]                  2,048       
time_embedding.tau_fc1.bias                        [32]                      32          
time_embedding.tau_fc2.weight                      [1, 32]                   32          
time_embedding.tau_fc2.bias                        [1]                       1           
factor_gate.regime_norm.weight                     [64]                      64          
factor_gate.regime_norm.bias                       [64]                      64          
factor_gate.factor_norm.weight                     [64]                      64          
factor_gate.factor_norm.bias                       [64]                      64          
factor_gate.proj_gamma.weight                      [64, 64]                  4,096       
factor_gate.proj_beta.weight                       [64, 64]                  4,096       
regime_encoder.encoder.0.weight                    [128, 102]                13,056      
regime_encoder.encoder.0.bias                      [128]                     128         
regime_encoder.encoder.3.weight                    [64, 128]                 8,192       
regime_encoder.encoder.3.bias                      [64]                      64          
regime_encoder.encoder.4.weight                    [64]                      64          
regime_encoder.encoder.4.bias                      [64]                      64          
layers.0.layer_summary_proj.weight                 [64, 128]                 8,192       
layers.0.router.0.weight                           [32, 128]                 4,096       
layers.0.router.0.bias                             [32]                      32          
layers.0.router.2.weight                           [2, 32]                   64          
layers.0.router.2.bias                             [2]                       2           
layers.0.time_expert.mha.in_proj_weight            [192, 64]                 12,288      
layers.0.time_expert.mha.out_proj.weight           [64, 64]                  4,096       
layers.0.factor_expert.mha.in_proj_weight          [192, 64]                 12,288      
layers.0.factor_expert.mha.out_proj.weight         [64, 64]                  4,096       
layers.0.norm1.weight                              [64]                      64          
layers.0.norm1.bias                                [64]                      64          
layers.0.norm2.weight                              [64]                      64          
layers.0.norm2.bias                                [64]                      64          
layers.0.ffn.0.weight                              [128, 64]                 8,192       
layers.0.ffn.0.bias                                [128]                     128         
layers.0.ffn.3.weight                              [64, 128]                 8,192       
layers.0.ffn.3.bias                                [64]                      64          
layers.1.layer_summary_proj.weight                 [64, 128]                 8,192       
layers.1.router.0.weight                           [32, 128]                 4,096       
layers.1.router.0.bias                             [32]                      32          
layers.1.router.2.weight                           [2, 32]                   64          
layers.1.router.2.bias                             [2]                       2           
layers.1.time_expert.mha.in_proj_weight            [192, 64]                 12,288      
layers.1.time_expert.mha.out_proj.weight           [64, 64]                  4,096       
layers.1.factor_expert.mha.in_proj_weight          [192, 64]                 12,288      
layers.1.factor_expert.mha.out_proj.weight         [64, 64]                  4,096       
layers.1.norm1.weight                              [64]                      64          
layers.1.norm1.bias                                [64]                      64          
layers.1.norm2.weight                              [64]                      64          
layers.1.norm2.bias                                [64]                      64          
layers.1.ffn.0.weight                              [128, 64]                 8,192       
layers.1.ffn.0.bias                                [128]                     128         
layers.1.ffn.3.weight                              [64, 128]                 8,192       
layers.1.ffn.3.bias                                [64]                      64          
final_norm.weight                                  [64]                      64          
final_norm.bias                                    [64]                      64          
factor_pooling.attention_pool.query                [1, 1, 64]                64          
factor_pooling.attention_pool.mha.in_proj_weight   [192, 64]                 12,288      
factor_pooling.attention_pool.mha.out_proj.weight  [64, 64]                  4,096       
factor_pooling.attention_pool.norm.weight          [64]                      64          
factor_pooling.attention_pool.norm.bias            [64]                      64          
head.weight                                        [1, 64]                   64          
head.bias                                          [1]                       1           
tr_head2.weight                                    [1, 128]                  128         
tr_head2.bias                                      [1]                       1           
================================================================================

C:\Users\60585\miniconda3\envs\quantEnv\lib\site-packages\torch\autograd\graph.py:825: UserWarning: Memory Efficient attention defaults to a non-deterministic algorithm. To explicitly enable determinism call torch.use_deterministic_algorithms(True, warn_only=False). (Triggered internally at C:\actions-runner\_work\pytorch\pytorch\builder\windows\pytorch\aten\src\ATen\native\transformers\cuda\attention_backward.cu:657.)
  return Variable._execution_engine.run_backward(  # Calls into the C++ engine to run the backward pass
>>> [Sanity] loss=1.422662 grad_norm=9.562e+00 score_std=1.203e-02 label_std=1.163e+00 x_last_std=9.061e-01

================================================================================
COMPLETE MODEL CONFIGURATION (Resolved)
================================================================================

--- Architecture ---
Parameter                           Value                          Description              
------------------------------------------------------------------------------------------
d_model                             64                             Hidden dimension         
n_heads                             4                              Attention heads          
n_layers                            2                              Number of layers         
d_ff                                128                            FFN dimension            
num_alphas                          158                            Number of factors (N)    
context_len                         8                              Sequence length (T)      
dropout                             0.1                            Dropout rate             
initializer_range                   0.02                           Weight init std          

--- Value Embedding ---
Parameter                           Value                          Description              
------------------------------------------------------------------------------------------
value_embedding_type                feature_tokenizer              Value embedding type     
feature_tokenizer_bias              [+] ON                         FT bias                  
feature_tokenizer_add_factor_id     [-] OFF                        FT add factor ID         
feature_tokenizer_init_std          0.02                           FT init std              

--- Loss & Training ---
Parameter                           Value                          Description              
------------------------------------------------------------------------------------------
main_loss                           mse                            Primary loss function    
loss_weights                        {'listmle': 1.0, 'mse': 1.0, 'ic': 1.0} Loss weight dict         
listmle_tau                         0.8                            ListMLE temperature      
rank_topk                           5                              RankNet top-k            
huber_delta                         1                              Huber delta              
mse_normalize                       [-] OFF                        MSE normalize flag       

--- Regime-Adaptive Time Embedding ---
Parameter                           Value                          Description              
------------------------------------------------------------------------------------------
use_regime_time_embedding           [+] ON                         Enable time embedding    
time_tau_min                        0.5                            Min tau (short memory)   
time_tau_max                        50                             Max tau (long memory)    
time_tau_init                       5                              Initial tau              
time_emb_init_std                   0.02                           Time emb init std        
time_decay_normalize                [+] ON                         Normalize decay weights  

--- Regime-Adaptive Factor Gate ---
Parameter                           Value                          Description              
------------------------------------------------------------------------------------------
use_regime_factor_gate              [+] ON                         Enable factor gate (FiLM)
factor_gate_scale                   1                              Gate scale (gamma range) 
factor_gate_shift_scale             0.2                            Gate shift scale (beta)  

--- MoE Router ---
Parameter                           Value                          Description              
------------------------------------------------------------------------------------------
router_mode                         learned                        Router mode              
router_noise                        0.01                           Logit noise std          
router_temperature                  1                              Softmax temperature      
router_z_loss_coef                  0.01                           Z-loss coefficient       
router_use_layer_summary            [+] ON                         Use layer summary token  

--- Feature Selection ---
Parameter                           Value                          Description              
------------------------------------------------------------------------------------------
use_feature_selection               [-] OFF                        Enable feature selection 
selection_reg_lambda                1e-05                          Sparsity regularization  
selection_temperature               0.1                            Gumbel temperature       
selection_noise_std                 0.5                            Selection noise std      

--- Positional Encoding ---
Parameter                           Value                          Description              
------------------------------------------------------------------------------------------
use_alibi                           [-] OFF                        Use ALiBi bias           

--- Regime Context Encoder ---
Parameter                           Value                          Description              
------------------------------------------------------------------------------------------
use_external_macro                  [+] ON                         Use external macro features
d_macro_input                       102                            Macro input dimension    
regime_macro_dropout                0.1                            Macro dropout            
regime_internal_mode                long                           Internal mode (short/long)
regime_internal_lag                 5                              Internal lag steps       
regime_internal_use_batch_stats     [-] OFF                        Use batch statistics     
regime_internal_tail_threshold      2                              Tail threshold           

--- Pooling ---
Parameter                           Value                          Description              
------------------------------------------------------------------------------------------
pooling_alpha                       0.7                            Attention vs mean weight 

--- Trainer Configuration ---
Parameter                           Value                          Description              
------------------------------------------------------------------------------------------
lr                                  5e-05                          Learning rate            
epochs                              1                              Number of epochs         
batch_size                          300                            Batch size (stocks/day)  
grad_accum_steps                    1                              Accumulate K days/step   
early_stop                          0                              Early stop patience      
train_stop_key                      loss_main                      Train stop metric key    
train_stop_threshold                None                           Train stop threshold     
min_epochs                          1                              Min epochs before stop   
consecutive_k                       999999                         Consecutive epochs to stop
use_warmup                          [+] ON                         Enable LR warmup         
warmup_config                       12/244 steps                   Warmup steps/ratio       
total_steps                         244                            Total training steps     
random_seed                         42                             Random seed              
num_workers                         0                              DataLoader workers       
label_dim                           1                              Label dimension          
market_state_path                   market_state_csi300.pkl        Market state file        
market_state_shift                  0                              Market state shift       
market_state_strict                 [+] ON                         Strict market state      
================================================================================

>>> [Train] epochs=1, stop=train_threshold(off, min_epochs=1, k=999999)
>>> [Warn] non-finite gradients detected (tensors=2, values=4); optimizer step skipped and excluded from grad_norm metrics.
| Train 01 | time_embedding_norm:0.160741 | time_embedding_to_value_norm_ratio:1.342653 | time_tau:4.994511 | time_half_life:3.461931 | time_tau_std:0.002126 | time_tau_p10:4.992300 | time_tau_p90:4.996802 | time_tau_range_util:0.000091 | film_gamma_strength:0.000460 | film_beta_strength:0.000071 | factor_gate_mean:1.000002 | factor_gate_std:0.000091 | factor_gate_entropy:0.946091 | factor_gate_topk_mass_5:0.094421 | factor_gate_topk_mass_10:0.171623 | router_layer_0_time_ratio:0.498619 | router_layer_0_factor_ratio:0.501381 | router_layer_0_collapse_ratio:0.000000 | router_layer_0_entropy_norm:0.999914 | router_layer_0_logit_margin:0.013466 | expert_layer_0_time_expert_norm:3.657660 | expert_layer_0_factor_expert_norm:5.394436 | expert_layer_0_time_contrib_norm:1.823897 | expert_layer_0_factor_contrib_norm:2.704733 | expert_layer_0_contrib_norm_ratio:0.681403 | expert_layer_0_expert_cosine:-0.013072 | expert_layer_0_time_winner_ratio:0.019945 | router_layer_1_time_ratio:0.498969 | router_layer_1_factor_ratio:0.501031 | router_layer_1_collapse_ratio:0.000000 | router_layer_1_entropy_norm:0.999926 | router_layer_1_logit_margin:0.011549 | expert_layer_1_time_expert_norm:4.342270 | expert_layer_1_factor_expert_norm:5.061215 | expert_layer_1_time_contrib_norm:2.166588 | expert_layer_1_factor_contrib_norm:2.535919 | expert_layer_1_contrib_norm_ratio:0.860872 | expert_layer_1_expert_cosine:0.052010 | expert_layer_1_time_winner_ratio:0.118224 | tr_gate_g:0.500006 | tr_attn_last_frac:0.124791 | tr_attn_entropy:2.079318 | tr_head2_zT_norm:5.973466 | tr_head2_zF_norm:2.858143 | loss_total:1.515866 | loss_main:1.511616 | loss_listmle:4.713493 | loss_mse:1.511616 | loss_ic:-0.044175 | loss_aux:0.004251 | loss_sparsity:0.000000 | valid_ratio:1.000000 | score_std:0.006261 | label_std:1.219205 | score_label_std_ratio:0.005159 | ic_pearson_batch:0.044181 | ic_raw:0.044181 | rank_ic_batch:0.053639 | rank_ic:0.053639 | gate_entropy:0.693092 | time_ratio:0.498794 | grad_nonfinite_tensors:2.000000 | grad_nonfinite_values:3.500000 | grad_norm:2.047698 | grad_norm_other:1.645801 | grad_norm_time_embedding:0.602715 | grad_norm_factor_film:0.000822 | grad_norm_regime_encoder:0.007736 | grad_norm_router:0.011129 | grad_norm_time_expert:0.183489 | grad_norm_factor_expert:0.286199 | grad_norm_pooling_head:0.983063 | optimizer_steps:242.000000 | grad_attempt_steps:244.000000 | grad_skipped_steps:2.000000 | grad_nonfinite_steps:2.000000 | grad_skipped_rate:0.008197 | grad_nonfinite_rate:0.008197 | lr:0.000000 | sampler_epoch:0.000000 | sampler_num_days:244.000000 | sampler_num_batches:244.000000 | sampler_batch_size:300.000000 | sampler_total_source_samples:72942.000000 | sampler_total_draws:73200.000000 | sampler_unique_samples:55467.000000 | sampler_coverage_ratio:0.760426 | sampler_coverage_gap_vs_full:0.239574 | sampler_duplicate_draws:17733.000000 | sampler_duplicate_rate:0.242254 | sampler_downsample_days:0.000000 | sampler_upsample_days:160.000000 | sampler_exact_days:84.000000 | sampler_downsample_day_ratio:0.000000 | sampler_upsample_day_ratio:0.655738
| Valid 01 | time_embedding_norm:0.160753 | time_embedding_to_value_norm_ratio:1.270017 | time_tau:4.993235 | time_half_life:3.461047 | time_tau_std:0.000000 | time_tau_p10:4.993235 | time_tau_p90:4.993235 | time_tau_range_util:0.000000 | film_gamma_strength:0.000668 | film_beta_strength:0.000088 | factor_gate_mean:1.000007 | factor_gate_std:0.000137 | factor_gate_entropy:0.945238 | factor_gate_topk_mass_5:0.096949 | factor_gate_topk_mass_10:0.174857 | router_layer_0_time_ratio:0.498107 | router_layer_0_factor_ratio:0.501893 | router_layer_0_collapse_ratio:0.000000 | router_layer_0_entropy_norm:0.999949 | router_layer_0_logit_margin:0.013529 | expert_layer_0_time_expert_norm:3.726194 | expert_layer_0_factor_expert_norm:5.583395 | expert_layer_0_time_contrib_norm:1.856304 | expert_layer_0_factor_contrib_norm:2.802475 | expert_layer_0_contrib_norm_ratio:0.672059 | expert_layer_0_expert_cosine:-0.014010 | expert_layer_0_time_winner_ratio:0.036662 | router_layer_1_time_ratio:0.496070 | router_layer_1_factor_ratio:0.503930 | router_layer_1_collapse_ratio:0.000000 | router_layer_1_entropy_norm:0.999935 | router_layer_1_logit_margin:0.016518 | expert_layer_1_time_expert_norm:4.594836 | expert_layer_1_factor_expert_norm:5.400343 | expert_layer_1_time_contrib_norm:2.279432 | expert_layer_1_factor_contrib_norm:2.721510 | expert_layer_1_contrib_norm_ratio:0.846601 | expert_layer_1_expert_cosine:0.060116 | expert_layer_1_time_winner_ratio:0.120121 | tr_gate_g:0.500045 | tr_attn_last_frac:0.124755 | tr_attn_entropy:2.079295 | tr_head2_zT_norm:6.046930 | tr_head2_zF_norm:3.182896 | loss_total:0.019985 | loss_main:0.016244 | loss_listmle:4.711077 | loss_mse:0.016244 | loss_ic:-0.020648 | loss_aux:0.003741 | loss_sparsity:0.000000 | valid_ratio:1.000000 | score_std:0.006421 | label_std:0.045406 | score_label_std_ratio:0.144823 | gate_entropy:0.693107 | time_ratio:0.497088 | ic_pearson_daily:0.020751 | rank_ic_daily:0.049995 | ic_raw:0.020751 | rank_ic:0.049995
>>> [Train] restored best checkpoint (valid_rank_ic=0.049995, epoch=1)
>>> [Phase 1.1] Export Spatio-Temporal Visuals...
>>> [Phase 2] Signal Analysis...
[145468:MainThread](2026-06-07 13:30:29,928) INFO - qlib.workflow - [record_temp.py:198] - Signal record 'pred.pkl' has been saved as the artifact of the Experiment 189727150600157421
'The following are prediction results of the QlibQuantMoE model.'
                          score
datetime   instrument          
2020-07-01 SH600000    0.124023
           SH600004    0.127808
           SH600009    0.128540
           SH600010    0.118225
           SH600011    0.131714
Downloading artifacts:   0%|          | 0/1 [00:00<?, ?it/s]Downloading artifacts:   0%|          | 0/1 [00:00<?, ?it/s]
Downloading artifacts:   0%|          | 0/1 [00:00<?, ?it/s]Downloading artifacts: 100%|██████████| 1/1 [00:00<00:00, 101.62it/s]Downloading artifacts: 100%|██████████| 1/1 [00:00<00:00, 101.62it/s]
Downloading artifacts:   0%|          | 0/1 [00:00<?, ?it/s]Downloading artifacts:   0%|          | 0/1 [00:00<?, ?it/s]
Downloading artifacts:   0%|          | 0/1 [00:00<?, ?it/s]Downloading artifacts: 100%|██████████| 1/1 [00:00<00:00, 129.91it/s]Downloading artifacts: 100%|██████████| 1/1 [00:00<00:00, 129.91it/s]
{'IC': np.float64(0.020754610977930174),
 'ICIR': np.float64(0.12422587282412392),
 'Rank IC': np.float64(0.04999943978340177),
 'Rank ICIR': np.float64(0.34572602955301784)}
Downloading artifacts:   0%|          | 0/1 [00:00<?, ?it/s]Downloading artifacts: 100%|██████████| 1/1 [00:00<?, ?it/s]Downloading artifacts: 100%|██████████| 1/1 [00:00<?, ?it/s]
>>> [Phase 3] Backtesting...
Downloading artifacts:   0%|          | 0/1 [00:00<?, ?it/s]Downloading artifacts:   0%|          | 0/1 [00:00<?, ?it/s]
Downloading artifacts:   0%|          | 0/1 [00:00<?, ?it/s]Downloading artifacts: 100%|██████████| 1/1 [00:00<?, ?it/s]Downloading artifacts: 100%|██████████| 1/1 [00:00<?, ?it/s]
[145468:MainThread](2026-06-07 13:30:31,009) INFO - qlib.backtest caller - [__init__.py:93] - Create new exchange
Gym has been unmaintained since 2022 and does not support NumPy 2.0 amongst other critical functionality.
Please upgrade to Gymnasium, the maintained drop-in replacement of Gym, or contact the authors of your software and request that they upgrade.
Users of this version of Gym should be able to simply replace 'import gym' with 'import gymnasium as gym' in the vast majority of cases.
See the migration guide at https://gymnasium.farama.org/introduction/migration_guide/ for additional information.
[168944:MainThread](2026-06-07 13:30:38,666) INFO - qlib.Initialization - [config.py:452] - default_conf: client.
[168944:MainThread](2026-06-07 13:30:38,671) INFO - qlib.Initialization - [__init__.py:75] - qlib successfully initialized based on client settings.
[168944:MainThread](2026-06-07 13:30:38,672) INFO - qlib.Initialization - [__init__.py:77] - data_path={'__DEFAULT_FREQ': WindowsPath('C:/Users/60585/.qlib/qlib_data/cn_data')}
Gym has been unmaintained since 2022 and does not support NumPy 2.0 amongst other critical functionality.
Please upgrade to Gymnasium, the maintained drop-in replacement of Gym, or contact the authors of your software and request that they upgrade.
Users of this version of Gym should be able to simply replace 'import gym' with 'import gymnasium as gym' in the vast majority of cases.
See the migration guide at https://gymnasium.farama.org/introduction/migration_guide/ for additional information.
Gym has been unmaintained since 2022 and does not support NumPy 2.0 amongst other critical functionality.
Please upgrade to Gymnasium, the maintained drop-in replacement of Gym, or contact the authors of your software and request that they upgrade.
Users of this version of Gym should be able to simply replace 'import gym' with 'import gymnasium as gym' in the vast majority of cases.
See the migration guide at https://gymnasium.farama.org/introduction/migration_guide/ for additional information.
Gym has been unmaintained since 2022 and does not support NumPy 2.0 amongst other critical functionality.
Please upgrade to Gymnasium, the maintained drop-in replacement of Gym, or contact the authors of your software and request that they upgrade.
Users of this version of Gym should be able to simply replace 'import gym' with 'import gymnasium as gym' in the vast majority of cases.
See the migration guide at https://gymnasium.farama.org/introduction/migration_guide/ for additional information.
Gym has been unmaintained since 2022 and does not support NumPy 2.0 amongst other critical functionality.
Please upgrade to Gymnasium, the maintained drop-in replacement of Gym, or contact the authors of your software and request that they upgrade.
Users of this version of Gym should be able to simply replace 'import gym' with 'import gymnasium as gym' in the vast majority of cases.
See the migration guide at https://gymnasium.farama.org/introduction/migration_guide/ for additional information.
Gym has been unmaintained since 2022 and does not support NumPy 2.0 amongst other critical functionality.
Please upgrade to Gymnasium, the maintained drop-in replacement of Gym, or contact the authors of your software and request that they upgrade.
Users of this version of Gym should be able to simply replace 'import gym' with 'import gymnasium as gym' in the vast majority of cases.
See the migration guide at https://gymnasium.farama.org/introduction/migration_guide/ for additional information.
Gym has been unmaintained since 2022 and does not support NumPy 2.0 amongst other critical functionality.
Please upgrade to Gymnasium, the maintained drop-in replacement of Gym, or contact the authors of your software and request that they upgrade.
Users of this version of Gym should be able to simply replace 'import gym' with 'import gymnasium as gym' in the vast majority of cases.
See the migration guide at https://gymnasium.farama.org/introduction/migration_guide/ for additional information.
Gym has been unmaintained since 2022 and does not support NumPy 2.0 amongst other critical functionality.
Please upgrade to Gymnasium, the maintained drop-in replacement of Gym, or contact the authors of your software and request that they upgrade.
Users of this version of Gym should be able to simply replace 'import gym' with 'import gymnasium as gym' in the vast majority of cases.
See the migration guide at https://gymnasium.farama.org/introduction/migration_guide/ for additional information.
Gym has been unmaintained since 2022 and does not support NumPy 2.0 amongst other critical functionality.
Please upgrade to Gymnasium, the maintained drop-in replacement of Gym, or contact the authors of your software and request that they upgrade.
Users of this version of Gym should be able to simply replace 'import gym' with 'import gymnasium as gym' in the vast majority of cases.
See the migration guide at https://gymnasium.farama.org/introduction/migration_guide/ for additional information.
Gym has been unmaintained since 2022 and does not support NumPy 2.0 amongst other critical functionality.
Please upgrade to Gymnasium, the maintained drop-in replacement of Gym, or contact the authors of your software and request that they upgrade.
Users of this version of Gym should be able to simply replace 'import gym' with 'import gymnasium as gym' in the vast majority of cases.
See the migration guide at https://gymnasium.farama.org/introduction/migration_guide/ for additional information.
Gym has been unmaintained since 2022 and does not support NumPy 2.0 amongst other critical functionality.
Please upgrade to Gymnasium, the maintained drop-in replacement of Gym, or contact the authors of your software and request that they upgrade.
Users of this version of Gym should be able to simply replace 'import gym' with 'import gymnasium as gym' in the vast majority of cases.
See the migration guide at https://gymnasium.farama.org/introduction/migration_guide/ for additional information.
Gym has been unmaintained since 2022 and does not support NumPy 2.0 amongst other critical functionality.
Please upgrade to Gymnasium, the maintained drop-in replacement of Gym, or contact the authors of your software and request that they upgrade.
Users of this version of Gym should be able to simply replace 'import gym' with 'import gymnasium as gym' in the vast majority of cases.
See the migration guide at https://gymnasium.farama.org/introduction/migration_guide/ for additional information.
Gym has been unmaintained since 2022 and does not support NumPy 2.0 amongst other critical functionality.
Please upgrade to Gymnasium, the maintained drop-in replacement of Gym, or contact the authors of your software and request that they upgrade.
Users of this version of Gym should be able to simply replace 'import gym' with 'import gymnasium as gym' in the vast majority of cases.
See the migration guide at https://gymnasium.farama.org/introduction/migration_guide/ for additional information.
Gym has been unmaintained since 2022 and does not support NumPy 2.0 amongst other critical functionality.
Please upgrade to Gymnasium, the maintained drop-in replacement of Gym, or contact the authors of your software and request that they upgrade.
Users of this version of Gym should be able to simply replace 'import gym' with 'import gymnasium as gym' in the vast majority of cases.
See the migration guide at https://gymnasium.farama.org/introduction/migration_guide/ for additional information.
Gym has been unmaintained since 2022 and does not support NumPy 2.0 amongst other critical functionality.
Please upgrade to Gymnasium, the maintained drop-in replacement of Gym, or contact the authors of your software and request that they upgrade.
Users of this version of Gym should be able to simply replace 'import gym' with 'import gymnasium as gym' in the vast majority of cases.
See the migration guide at https://gymnasium.farama.org/introduction/migration_guide/ for additional information.
Gym has been unmaintained since 2022 and does not support NumPy 2.0 amongst other critical functionality.
Please upgrade to Gymnasium, the maintained drop-in replacement of Gym, or contact the authors of your software and request that they upgrade.
Users of this version of Gym should be able to simply replace 'import gym' with 'import gymnasium as gym' in the vast majority of cases.
See the migration guide at https://gymnasium.farama.org/introduction/migration_guide/ for additional information.
Gym has been unmaintained since 2022 and does not support NumPy 2.0 amongst other critical functionality.
Please upgrade to Gymnasium, the maintained drop-in replacement of Gym, or contact the authors of your software and request that they upgrade.
Users of this version of Gym should be able to simply replace 'import gym' with 'import gymnasium as gym' in the vast majority of cases.
See the migration guide at https://gymnasium.farama.org/introduction/migration_guide/ for additional information.
[164480:MainThread](2026-06-07 13:30:39,818) INFO - qlib.Initialization - [config.py:452] - default_conf: client.
[164480:MainThread](2026-06-07 13:30:39,830) INFO - qlib.Initialization - [__init__.py:75] - qlib successfully initialized based on client settings.
[164480:MainThread](2026-06-07 13:30:39,830) INFO - qlib.Initialization - [__init__.py:77] - data_path={'__DEFAULT_FREQ': WindowsPath('C:/Users/60585/.qlib/qlib_data/cn_data')}
Gym has been unmaintained since 2022 and does not support NumPy 2.0 amongst other critical functionality.
Please upgrade to Gymnasium, the maintained drop-in replacement of Gym, or contact the authors of your software and request that they upgrade.
Users of this version of Gym should be able to simply replace 'import gym' with 'import gymnasium as gym' in the vast majority of cases.
See the migration guide at https://gymnasium.farama.org/introduction/migration_guide/ for additional information.
[171328:MainThread](2026-06-07 13:30:40,185) INFO - qlib.Initialization - [config.py:452] - default_conf: client.
[171328:MainThread](2026-06-07 13:30:40,190) INFO - qlib.Initialization - [__init__.py:75] - qlib successfully initialized based on client settings.
[171328:MainThread](2026-06-07 13:30:40,190) INFO - qlib.Initialization - [__init__.py:77] - data_path={'__DEFAULT_FREQ': WindowsPath('C:/Users/60585/.qlib/qlib_data/cn_data')}
[25540:MainThread](2026-06-07 13:30:40,204) INFO - qlib.Initialization - [config.py:452] - default_conf: client.
[25540:MainThread](2026-06-07 13:30:40,212) INFO - qlib.Initialization - [__init__.py:75] - qlib successfully initialized based on client settings.
[25540:MainThread](2026-06-07 13:30:40,214) INFO - qlib.Initialization - [__init__.py:77] - data_path={'__DEFAULT_FREQ': WindowsPath('C:/Users/60585/.qlib/qlib_data/cn_data')}
[176220:MainThread](2026-06-07 13:30:40,239) INFO - qlib.Initialization - [config.py:452] - default_conf: client.
[176220:MainThread](2026-06-07 13:30:40,257) INFO - qlib.Initialization - [__init__.py:75] - qlib successfully initialized based on client settings.
[176220:MainThread](2026-06-07 13:30:40,257) INFO - qlib.Initialization - [__init__.py:77] - data_path={'__DEFAULT_FREQ': WindowsPath('C:/Users/60585/.qlib/qlib_data/cn_data')}
[176608:MainThread](2026-06-07 13:30:40,293) INFO - qlib.Initialization - [config.py:452] - default_conf: client.
[170328:MainThread](2026-06-07 13:30:40,297) INFO - qlib.Initialization - [config.py:452] - default_conf: client.
[176608:MainThread](2026-06-07 13:30:40,299) INFO - qlib.Initialization - [__init__.py:75] - qlib successfully initialized based on client settings.
[170328:MainThread](2026-06-07 13:30:40,301) INFO - qlib.Initialization - [__init__.py:75] - qlib successfully initialized based on client settings.
[176608:MainThread](2026-06-07 13:30:40,301) INFO - qlib.Initialization - [__init__.py:77] - data_path={'__DEFAULT_FREQ': WindowsPath('C:/Users/60585/.qlib/qlib_data/cn_data')}
[170328:MainThread](2026-06-07 13:30:40,301) INFO - qlib.Initialization - [__init__.py:77] - data_path={'__DEFAULT_FREQ': WindowsPath('C:/Users/60585/.qlib/qlib_data/cn_data')}
[173536:MainThread](2026-06-07 13:30:40,323) INFO - qlib.Initialization - [config.py:452] - default_conf: client.
[173536:MainThread](2026-06-07 13:30:40,327) INFO - qlib.Initialization - [__init__.py:75] - qlib successfully initialized based on client settings.
[173536:MainThread](2026-06-07 13:30:40,329) INFO - qlib.Initialization - [__init__.py:77] - data_path={'__DEFAULT_FREQ': WindowsPath('C:/Users/60585/.qlib/qlib_data/cn_data')}
[154848:MainThread](2026-06-07 13:30:40,350) INFO - qlib.Initialization - [config.py:452] - default_conf: client.
[154848:MainThread](2026-06-07 13:30:40,359) INFO - qlib.Initialization - [__init__.py:75] - qlib successfully initialized based on client settings.
[154848:MainThread](2026-06-07 13:30:40,359) INFO - qlib.Initialization - [__init__.py:77] - data_path={'__DEFAULT_FREQ': WindowsPath('C:/Users/60585/.qlib/qlib_data/cn_data')}
[151160:MainThread](2026-06-07 13:30:40,367) INFO - qlib.Initialization - [config.py:452] - default_conf: client.
[151160:MainThread](2026-06-07 13:30:40,371) INFO - qlib.Initialization - [__init__.py:75] - qlib successfully initialized based on client settings.
[151160:MainThread](2026-06-07 13:30:40,373) INFO - qlib.Initialization - [__init__.py:77] - data_path={'__DEFAULT_FREQ': WindowsPath('C:/Users/60585/.qlib/qlib_data/cn_data')}
[41616:MainThread](2026-06-07 13:30:40,374) INFO - qlib.Initialization - [config.py:452] - default_conf: client.
[41616:MainThread](2026-06-07 13:30:40,379) INFO - qlib.Initialization - [__init__.py:75] - qlib successfully initialized based on client settings.
[41616:MainThread](2026-06-07 13:30:40,379) INFO - qlib.Initialization - [__init__.py:77] - data_path={'__DEFAULT_FREQ': WindowsPath('C:/Users/60585/.qlib/qlib_data/cn_data')}
[152624:MainThread](2026-06-07 13:30:40,408) INFO - qlib.Initialization - [config.py:452] - default_conf: client.
[152624:MainThread](2026-06-07 13:30:40,412) INFO - qlib.Initialization - [__init__.py:75] - qlib successfully initialized based on client settings.
[152624:MainThread](2026-06-07 13:30:40,412) INFO - qlib.Initialization - [__init__.py:77] - data_path={'__DEFAULT_FREQ': WindowsPath('C:/Users/60585/.qlib/qlib_data/cn_data')}
[159808:MainThread](2026-06-07 13:30:40,441) INFO - qlib.Initialization - [config.py:452] - default_conf: client.
[16920:MainThread](2026-06-07 13:30:40,443) INFO - qlib.Initialization - [config.py:452] - default_conf: client.
[16920:MainThread](2026-06-07 13:30:40,454) INFO - qlib.Initialization - [__init__.py:75] - qlib successfully initialized based on client settings.
[16920:MainThread](2026-06-07 13:30:40,454) INFO - qlib.Initialization - [__init__.py:77] - data_path={'__DEFAULT_FREQ': WindowsPath('C:/Users/60585/.qlib/qlib_data/cn_data')}
[159808:MainThread](2026-06-07 13:30:40,459) INFO - qlib.Initialization - [__init__.py:75] - qlib successfully initialized based on client settings.
[159808:MainThread](2026-06-07 13:30:40,459) INFO - qlib.Initialization - [__init__.py:77] - data_path={'__DEFAULT_FREQ': WindowsPath('C:/Users/60585/.qlib/qlib_data/cn_data')}
[21084:MainThread](2026-06-07 13:30:40,504) INFO - qlib.Initialization - [config.py:452] - default_conf: client.
[21084:MainThread](2026-06-07 13:30:40,509) INFO - qlib.Initialization - [__init__.py:75] - qlib successfully initialized based on client settings.
[21084:MainThread](2026-06-07 13:30:40,509) INFO - qlib.Initialization - [__init__.py:77] - data_path={'__DEFAULT_FREQ': WindowsPath('C:/Users/60585/.qlib/qlib_data/cn_data')}
[178468:MainThread](2026-06-07 13:30:40,547) INFO - qlib.Initialization - [config.py:452] - default_conf: client.
[178868:MainThread](2026-06-07 13:30:40,549) INFO - qlib.Initialization - [config.py:452] - default_conf: client.
[178868:MainThread](2026-06-07 13:30:40,555) INFO - qlib.Initialization - [__init__.py:75] - qlib successfully initialized based on client settings.
[178868:MainThread](2026-06-07 13:30:40,555) INFO - qlib.Initialization - [__init__.py:77] - data_path={'__DEFAULT_FREQ': WindowsPath('C:/Users/60585/.qlib/qlib_data/cn_data')}
[178468:MainThread](2026-06-07 13:30:40,557) INFO - qlib.Initialization - [__init__.py:75] - qlib successfully initialized based on client settings.
[178468:MainThread](2026-06-07 13:30:40,557) INFO - qlib.Initialization - [__init__.py:77] - data_path={'__DEFAULT_FREQ': WindowsPath('C:/Users/60585/.qlib/qlib_data/cn_data')}
[59072:MainThread](2026-06-07 13:30:40,719) INFO - qlib.Initialization - [config.py:452] - default_conf: client.
[59072:MainThread](2026-06-07 13:30:40,739) INFO - qlib.Initialization - [__init__.py:75] - qlib successfully initialized based on client settings.
[59072:MainThread](2026-06-07 13:30:40,739) INFO - qlib.Initialization - [__init__.py:77] - data_path={'__DEFAULT_FREQ': WindowsPath('C:/Users/60585/.qlib/qlib_data/cn_data')}
[145468:MainThread](2026-06-07 13:30:53,868) WARNING - qlib.online operator - [exchange.py:219] - $close field data contains nan.
[145468:MainThread](2026-06-07 13:30:53,868) WARNING - qlib.online operator - [exchange.py:219] - $close field data contains nan.
[145468:MainThread](2026-06-07 13:30:56,783) WARNING - qlib.BaseExecutor - [executor.py:121] - `common_infra` is not set for <qlib.backtest.executor.SimulatorExecutor object at 0x0000021DF8A27D90>
backtest loop:   0%|          | 0/126 [00:00<?, ?it/s]C:\Users\60585\miniconda3\envs\quantEnv\lib\site-packages\qlib\utils\index_data.py:492: RuntimeWarning: Mean of empty slice
  return np.nanmean(self.data)
backtest loop:  14%|█▍        | 18/126 [00:00<00:00, 167.70it/s]backtest loop:  29%|██▉       | 37/126 [00:00<00:00, 179.12it/s]backtest loop:  44%|████▎     | 55/126 [00:00<00:00, 173.10it/s]backtest loop:  58%|█████▊    | 73/126 [00:00<00:00, 161.22it/s]backtest loop:  72%|███████▏  | 91/126 [00:00<00:00, 167.35it/s]backtest loop:  87%|████████▋ | 109/126 [00:00<00:00, 166.28it/s]backtest loop: 100%|██████████| 126/126 [00:00<00:00, 168.00it/s]
[145468:MainThread](2026-06-07 13:30:57,551) INFO - qlib.workflow - [record_temp.py:515] - Portfolio analysis record 'port_analysis_1day.pkl' has been saved as the artifact of the Experiment 189727150600157421
'The following are analysis results of benchmark return(1day).'
                       risk
mean               0.001872
std                0.013497
annualized_return  0.445649
information_ratio  2.140217
max_drawdown      -0.071481
'The following are analysis results of the excess return without cost(1day).'
                       risk
mean               0.000467
std                0.006793
annualized_return  0.111100
information_ratio  1.060117
max_drawdown      -0.032088
'The following are analysis results of the excess return with cost(1day).'
                       risk
mean              -0.000179
std                0.006807
annualized_return -0.042490
information_ratio -0.404614
max_drawdown      -0.063428
[145468:MainThread](2026-06-07 13:30:57,557) INFO - qlib.workflow - [record_temp.py:540] - Indicator analysis record 'indicator_analysis_1day.pkl' has been saved as the artifact of the Experiment 189727150600157421
'The following are analysis results of indicators(1day).'
     value
ffr    1.0
pa     0.0
pos    0.0
>>> [Phase 3.1] Export Qlib Official Graphs...
Downloading artifacts:   0%|          | 0/1 [00:00<?, ?it/s]Downloading artifacts:   0%|          | 0/1 [00:00<?, ?it/s]
Downloading artifacts:   0%|          | 0/1 [00:00<?, ?it/s]Downloading artifacts:   0%|          | 0/1 [00:00<?, ?it/s]
Downloading artifacts:   0%|          | 0/1 [00:00<?, ?it/s]Downloading artifacts: 100%|██████████| 1/1 [00:00<00:00, 184.06it/s]Downloading artifacts: 100%|██████████| 1/1 [00:00<00:00, 184.06it/s]
Downloading artifacts:   0%|          | 0/1 [00:00<?, ?it/s]Downloading artifacts: 100%|██████████| 1/1 [00:00<00:00, 193.09it/s]Downloading artifacts: 100%|██████████| 1/1 [00:00<00:00, 193.09it/s]
Downloading artifacts:   0%|          | 0/1 [00:00<?, ?it/s]Downloading artifacts: 100%|██████████| 1/1 [00:00<?, ?it/s]Downloading artifacts: 100%|██████████| 1/1 [00:00<?, ?it/s]
Downloading artifacts:   0%|          | 0/1 [00:00<?, ?it/s]Downloading artifacts: 100%|██████████| 1/1 [00:00<?, ?it/s]Downloading artifacts: 100%|██████████| 1/1 [00:00<?, ?it/s]
Downloading artifacts:   0%|          | 0/1 [00:00<?, ?it/s]Downloading artifacts: 100%|██████████| 1/1 [00:00<?, ?it/s]Downloading artifacts: 100%|██████████| 1/1 [00:00<?, ?it/s]
C:\Users\60585\miniconda3\envs\quantEnv\lib\site-packages\qlib\contrib\report\analysis_position\parse_position.py:36: FutureWarning:

DataFrame.fillna with 'method' is deprecated and will raise in a future version. Use obj.ffill() or obj.bfill() instead.

C:\Users\60585\miniconda3\envs\quantEnv\lib\site-packages\qlib\contrib\report\analysis_position\risk_analysis.py:104: FutureWarning:

When grouping with a length-1 list-like, you will need to pass a length-1 tuple to get_group in a future version of pandas. Pass `(name,)` instead of `name` to silence this warning.

C:\Users\60585\miniconda3\envs\quantEnv\lib\site-packages\qlib\contrib\report\analysis_position\risk_analysis.py:104: FutureWarning:

When grouping with a length-1 list-like, you will need to pass a length-1 tuple to get_group in a future version of pandas. Pass `(name,)` instead of `name` to silence this warning.

C:\Users\60585\miniconda3\envs\quantEnv\lib\site-packages\qlib\contrib\report\analysis_position\risk_analysis.py:104: FutureWarning:

When grouping with a length-1 list-like, you will need to pass a length-1 tuple to get_group in a future version of pandas. Pass `(name,)` instead of `name` to silence this warning.

C:\Users\60585\miniconda3\envs\quantEnv\lib\site-packages\qlib\contrib\report\analysis_position\risk_analysis.py:104: FutureWarning:

When grouping with a length-1 list-like, you will need to pass a length-1 tuple to get_group in a future version of pandas. Pass `(name,)` instead of `name` to silence this warning.

C:\Users\60585\miniconda3\envs\quantEnv\lib\site-packages\qlib\contrib\report\analysis_position\parse_position.py:36: FutureWarning:

DataFrame.fillna with 'method' is deprecated and will raise in a future version. Use obj.ffill() or obj.bfill() instead.

C:\Users\60585\miniconda3\envs\quantEnv\lib\site-packages\qlib\contrib\report\analysis_model\analysis_model_performance.py:157: FutureWarning:

'M' is deprecated and will be removed in a future version, please use 'ME' instead.

Downloading artifacts:   0%|          | 0/1 [00:00<?, ?it/s]Downloading artifacts: 100%|██████████| 1/1 [00:00<00:00, 461.67it/s]Downloading artifacts: 100%|██████████| 1/1 [00:00<00:00, 461.67it/s]

================================================================================
>>> [Metrics Summary] SignalRecord + PortAnaRecord
================================================================================

[Signal Analysis Metrics]
Downloading artifacts:   0%|          | 0/1 [00:00<?, ?it/s]Downloading artifacts: 100%|██████████| 1/1 [00:00<00:00, 498.49it/s]Downloading artifacts: 100%|██████████| 1/1 [00:00<00:00, 498.49it/s]
  IC mean=0.020755, std=0.167072, IR=0.124226
Downloading artifacts:   0%|          | 0/1 [00:00<?, ?it/s]Downloading artifacts: 100%|██████████| 1/1 [00:00<?, ?it/s]Downloading artifacts: 100%|██████████| 1/1 [00:00<?, ?it/s]
  RankIC mean=0.049999, std=0.144622, IR=0.345726
Downloading artifacts:   0%|          | 0/1 [00:00<?, ?it/s]Downloading artifacts: 100%|██████████| 1/1 [00:00<00:00, 992.73it/s]Downloading artifacts: 100%|██████████| 1/1 [00:00<00:00, 992.73it/s]

[Portfolio Analysis Metrics]
                                                  risk
excess_return_without_cost mean               0.000467
                           std                0.006793
                           annualized_return  0.111100
                           information_ratio  1.060117
                           max_drawdown      -0.032088
excess_return_with_cost    mean              -0.000179
                           std                0.006807
                           annualized_return -0.042490
                           information_ratio -0.404614
                           max_drawdown      -0.063428
Downloading artifacts:   0%|          | 0/1 [00:00<?, ?it/s]Downloading artifacts: 100%|██████████| 1/1 [00:00<00:00, 500.57it/s]Downloading artifacts: 100%|██████████| 1/1 [00:00<00:00, 500.57it/s]

[Indicator Analysis Metrics]
     value
ffr    1.0
pa     0.0
pos    0.0

[Generated Graphs]
Downloading artifacts:   0%|          | 0/1 [00:00<?, ?it/s]Downloading artifacts: 100%|██████████| 1/1 [00:00<00:00, 233.71it/s]Downloading artifacts: 100%|██████████| 1/1 [00:00<00:00, 233.71it/s]
Downloading artifacts:   0%|          | 0/1 [00:00<?, ?it/s]Downloading artifacts: 100%|██████████| 1/1 [00:00<?, ?it/s]Downloading artifacts: 100%|██████████| 1/1 [00:00<?, ?it/s]
  - analysis_position.report_graph: C:\Users\60585\PycharmProjects\qibMacV2\mlruns\189727150600157421\13ba22976800469b817159adc1aed944/qlib_analysis_position_report_graph.html
  - analysis_position.score_ic_graph: C:\Users\60585\PycharmProjects\qibMacV2\mlruns\189727150600157421\13ba22976800469b817159adc1aed944/qlib_analysis_position_score_ic_graph.html
  - analysis_position.cumulative_return_graph: C:\Users\60585\PycharmProjects\qibMacV2\mlruns\189727150600157421\13ba22976800469b817159adc1aed944/qlib_analysis_position_cumulative_return_graph_1.html
  - analysis_position.cumulative_return_graph: C:\Users\60585\PycharmProjects\qibMacV2\mlruns\189727150600157421\13ba22976800469b817159adc1aed944/qlib_analysis_position_cumulative_return_graph_2.html
  - analysis_position.cumulative_return_graph: C:\Users\60585\PycharmProjects\qibMacV2\mlruns\189727150600157421\13ba22976800469b817159adc1aed944/qlib_analysis_position_cumulative_return_graph_3.html
  - analysis_position.cumulative_return_graph: C:\Users\60585\PycharmProjects\qibMacV2\mlruns\189727150600157421\13ba22976800469b817159adc1aed944/qlib_analysis_position_cumulative_return_graph_4.html
  - analysis_position.risk_analysis_graph: C:\Users\60585\PycharmProjects\qibMacV2\mlruns\189727150600157421\13ba22976800469b817159adc1aed944/qlib_analysis_position_risk_analysis_graph_1.html
  - analysis_position.risk_analysis_graph: C:\Users\60585\PycharmProjects\qibMacV2\mlruns\189727150600157421\13ba22976800469b817159adc1aed944/qlib_analysis_position_risk_analysis_graph_2.html
  - analysis_position.risk_analysis_graph: C:\Users\60585\PycharmProjects\qibMacV2\mlruns\189727150600157421\13ba22976800469b817159adc1aed944/qlib_analysis_position_risk_analysis_graph_3.html
  - analysis_position.risk_analysis_graph: C:\Users\60585\PycharmProjects\qibMacV2\mlruns\189727150600157421\13ba22976800469b817159adc1aed944/qlib_analysis_position_risk_analysis_graph_4.html
  - analysis_position.risk_analysis_graph: C:\Users\60585\PycharmProjects\qibMacV2\mlruns\189727150600157421\13ba22976800469b817159adc1aed944/qlib_analysis_position_risk_analysis_graph_5.html
  - analysis_position.rank_label_graph: C:\Users\60585\PycharmProjects\qibMacV2\mlruns\189727150600157421\13ba22976800469b817159adc1aed944/qlib_analysis_position_rank_label_graph_1.html
  - analysis_position.rank_label_graph: C:\Users\60585\PycharmProjects\qibMacV2\mlruns\189727150600157421\13ba22976800469b817159adc1aed944/qlib_analysis_position_rank_label_graph_2.html
  - analysis_position.rank_label_graph: C:\Users\60585\PycharmProjects\qibMacV2\mlruns\189727150600157421\13ba22976800469b817159adc1aed944/qlib_analysis_position_rank_label_graph_3.html
  - analysis_model.model_performance_graph: C:\Users\60585\PycharmProjects\qibMacV2\mlruns\189727150600157421\13ba22976800469b817159adc1aed944/qlib_analysis_model_model_performance_graph_1.html
  - analysis_model.model_performance_graph: C:\Users\60585\PycharmProjects\qibMacV2\mlruns\189727150600157421\13ba22976800469b817159adc1aed944/qlib_analysis_model_model_performance_graph_2.html
  - analysis_model.model_performance_graph: C:\Users\60585\PycharmProjects\qibMacV2\mlruns\189727150600157421\13ba22976800469b817159adc1aed944/qlib_analysis_model_model_performance_graph_3.html
  - analysis_model.model_performance_graph: C:\Users\60585\PycharmProjects\qibMacV2\mlruns\189727150600157421\13ba22976800469b817159adc1aed944/qlib_analysis_model_model_performance_graph_4.html
  - analysis_model.model_performance_graph: C:\Users\60585\PycharmProjects\qibMacV2\mlruns\189727150600157421\13ba22976800469b817159adc1aed944/qlib_analysis_model_model_performance_graph_5.html
  - analysis_model.model_performance_graph: C:\Users\60585\PycharmProjects\qibMacV2\mlruns\189727150600157421\13ba22976800469b817159adc1aed944/qlib_analysis_model_model_performance_graph_6.html

[Recorder Objects]
================================================================================

>>> [Diagnostics] Generate minimum required diagnostic matrix...
Downloading artifacts:   0%|          | 0/1 [00:00<?, ?it/s]Downloading artifacts: 100%|██████████| 1/1 [00:00<00:00, 48.42it/s]Downloading artifacts: 100%|██████████| 1/1 [00:00<00:00, 48.42it/s]
Downloading artifacts:   0%|          | 0/1 [00:00<?, ?it/s]Downloading artifacts: 100%|██████████| 1/1 [00:00<00:00, 240.44it/s]Downloading artifacts: 100%|██████████| 1/1 [00:00<00:00, 240.44it/s]
Downloading artifacts:   0%|          | 0/1 [00:00<?, ?it/s]Downloading artifacts: 100%|██████████| 1/1 [00:00<00:00, 630.44it/s]Downloading artifacts: 100%|██████████| 1/1 [00:00<00:00, 472.92it/s]
Downloading artifacts:   0%|          | 0/1 [00:00<?, ?it/s]Downloading artifacts: 100%|██████████| 1/1 [00:00<00:00, 166.63it/s]Downloading artifacts: 100%|██████████| 1/1 [00:00<00:00, 166.63it/s]
Downloading artifacts:   0%|          | 0/1 [00:00<?, ?it/s]Downloading artifacts: 100%|██████████| 1/1 [00:00<?, ?it/s]Downloading artifacts: 100%|██████████| 1/1 [00:00<?, ?it/s]
Downloading artifacts:   0%|          | 0/1 [00:00<?, ?it/s]Downloading artifacts: 100%|██████████| 1/1 [00:00<00:00, 302.84it/s]Downloading artifacts: 100%|██████████| 1/1 [00:00<00:00, 302.84it/s]
Downloading artifacts:   0%|          | 0/1 [00:00<?, ?it/s]Downloading artifacts: 100%|██████████| 1/1 [00:00<?, ?it/s]Downloading artifacts: 100%|██████████| 1/1 [00:00<?, ?it/s]
Downloading artifacts:   0%|          | 0/1 [00:00<?, ?it/s]Downloading artifacts: 100%|██████████| 1/1 [00:00<00:00, 499.02it/s]Downloading artifacts: 100%|██████████| 1/1 [00:00<00:00, 499.02it/s]
Downloading artifacts:   0%|          | 0/1 [00:00<?, ?it/s]Downloading artifacts: 100%|██████████| 1/1 [00:00<?, ?it/s]Downloading artifacts: 100%|██████████| 1/1 [00:00<?, ?it/s]
Downloading artifacts:   0%|          | 0/1 [00:00<?, ?it/s]Downloading artifacts: 100%|██████████| 1/1 [00:00<?, ?it/s]Downloading artifacts: 100%|██████████| 1/1 [00:00<?, ?it/s]
Downloading artifacts:   0%|          | 0/1 [00:00<?, ?it/s]Downloading artifacts: 100%|██████████| 1/1 [00:00<?, ?it/s]Downloading artifacts: 100%|██████████| 1/1 [00:00<?, ?it/s]
Downloading artifacts:   0%|          | 0/1 [00:00<?, ?it/s]Downloading artifacts: 100%|██████████| 1/1 [00:00<00:00, 399.27it/s]Downloading artifacts: 100%|██████████| 1/1 [00:00<00:00, 399.27it/s]
Downloading artifacts:   0%|          | 0/1 [00:00<?, ?it/s]Downloading artifacts: 100%|██████████| 1/1 [00:00<?, ?it/s]Downloading artifacts: 100%|██████████| 1/1 [00:00<00:00, 496.84it/s]
Downloading artifacts:   0%|          | 0/1 [00:00<?, ?it/s]Downloading artifacts: 100%|██████████| 1/1 [00:00<?, ?it/s]Downloading artifacts: 100%|██████████| 1/1 [00:00<?, ?it/s]
Downloading artifacts:   0%|          | 0/1 [00:00<?, ?it/s]Downloading artifacts: 100%|██████████| 1/1 [00:00<?, ?it/s]Downloading artifacts: 100%|██████████| 1/1 [00:00<?, ?it/s]
Downloading artifacts:   0%|          | 0/1 [00:00<?, ?it/s]Downloading artifacts: 100%|██████████| 1/1 [00:00<?, ?it/s]Downloading artifacts: 100%|██████████| 1/1 [00:00<?, ?it/s]
Downloading artifacts:   0%|          | 0/1 [00:00<?, ?it/s]Downloading artifacts: 100%|██████████| 1/1 [00:00<?, ?it/s]Downloading artifacts: 100%|██████████| 1/1 [00:00<?, ?it/s]
Downloading artifacts:   0%|          | 0/1 [00:00<?, ?it/s]Downloading artifacts: 100%|██████████| 1/1 [00:00<?, ?it/s]Downloading artifacts: 100%|██████████| 1/1 [00:00<?, ?it/s]
Downloading artifacts:   0%|          | 0/1 [00:00<?, ?it/s]Downloading artifacts: 100%|██████████| 1/1 [00:00<?, ?it/s]Downloading artifacts: 100%|██████████| 1/1 [00:00<?, ?it/s]
Downloading artifacts:   0%|          | 0/1 [00:00<?, ?it/s]Downloading artifacts: 100%|██████████| 1/1 [00:00<?, ?it/s]Downloading artifacts: 100%|██████████| 1/1 [00:00<?, ?it/s]
Downloading artifacts:   0%|          | 0/1 [00:00<?, ?it/s]Downloading artifacts: 100%|██████████| 1/1 [00:00<?, ?it/s]Downloading artifacts: 100%|██████████| 1/1 [00:00<?, ?it/s]
Downloading artifacts:   0%|          | 0/1 [00:00<?, ?it/s]Downloading artifacts: 100%|██████████| 1/1 [00:00<?, ?it/s]Downloading artifacts: 100%|██████████| 1/1 [00:00<?, ?it/s]
Downloading artifacts:   0%|          | 0/1 [00:00<?, ?it/s]Downloading artifacts: 100%|██████████| 1/1 [00:00<00:00, 292.86it/s]Downloading artifacts: 100%|██████████| 1/1 [00:00<00:00, 292.86it/s]
Downloading artifacts:   0%|          | 0/1 [00:00<?, ?it/s]Downloading artifacts: 100%|██████████| 1/1 [00:00<?, ?it/s]Downloading artifacts: 100%|██████████| 1/1 [00:00<00:00, 397.72it/s]
Downloading artifacts:   0%|          | 0/1 [00:00<?, ?it/s]Downloading artifacts: 100%|██████████| 1/1 [00:00<?, ?it/s]Downloading artifacts: 100%|██████████| 1/1 [00:00<?, ?it/s]
Downloading artifacts:   0%|          | 0/1 [00:00<?, ?it/s]Downloading artifacts: 100%|██████████| 1/1 [00:00<00:00, 191.66it/s]Downloading artifacts: 100%|██████████| 1/1 [00:00<00:00, 191.66it/s]
Downloading artifacts:   0%|          | 0/1 [00:00<?, ?it/s]Downloading artifacts: 100%|██████████| 1/1 [00:00<?, ?it/s]Downloading artifacts: 100%|██████████| 1/1 [00:00<?, ?it/s]
Downloading artifacts:   0%|          | 0/1 [00:00<?, ?it/s]Downloading artifacts: 100%|██████████| 1/1 [00:00<00:00, 333.25it/s]Downloading artifacts: 100%|██████████| 1/1 [00:00<00:00, 333.25it/s]
Downloading artifacts:   0%|          | 0/1 [00:00<?, ?it/s]Downloading artifacts: 100%|██████████| 1/1 [00:00<00:00, 971.80it/s]Downloading artifacts: 100%|██████████| 1/1 [00:00<00:00, 971.80it/s]
Downloading artifacts:   0%|          | 0/1 [00:00<?, ?it/s]Downloading artifacts: 100%|██████████| 1/1 [00:00<00:00, 399.08it/s]Downloading artifacts: 100%|██████████| 1/1 [00:00<00:00, 399.08it/s]
Downloading artifacts:   0%|          | 0/1 [00:00<?, ?it/s]Downloading artifacts: 100%|██████████| 1/1 [00:00<00:00, 297.00it/s]Downloading artifacts: 100%|██████████| 1/1 [00:00<00:00, 297.00it/s]
Downloading artifacts:   0%|          | 0/1 [00:00<?, ?it/s]Downloading artifacts: 100%|██████████| 1/1 [00:00<?, ?it/s]Downloading artifacts: 100%|██████████| 1/1 [00:00<?, ?it/s]
Downloading artifacts:   0%|          | 0/1 [00:00<?, ?it/s]Downloading artifacts: 100%|██████████| 1/1 [00:00<?, ?it/s]Downloading artifacts: 100%|██████████| 1/1 [00:00<00:00, 498.55it/s]
Downloading artifacts:   0%|          | 0/1 [00:00<?, ?it/s]Downloading artifacts: 100%|██████████| 1/1 [00:00<?, ?it/s]Downloading artifacts: 100%|██████████| 1/1 [00:00<00:00, 497.49it/s]
Downloading artifacts:   0%|          | 0/1 [00:00<?, ?it/s]Downloading artifacts: 100%|██████████| 1/1 [00:00<00:00, 305.48it/s]Downloading artifacts: 100%|██████████| 1/1 [00:00<00:00, 305.48it/s]
Downloading artifacts:   0%|          | 0/1 [00:00<?, ?it/s]Downloading artifacts: 100%|██████████| 1/1 [00:00<00:00, 173.76it/s]Downloading artifacts: 100%|██████████| 1/1 [00:00<00:00, 173.76it/s]
Downloading artifacts:   0%|          | 0/1 [00:00<?, ?it/s]Downloading artifacts: 100%|██████████| 1/1 [00:00<00:00, 352.73it/s]Downloading artifacts: 100%|██████████| 1/1 [00:00<00:00, 352.73it/s]
Downloading artifacts:   0%|          | 0/1 [00:00<?, ?it/s]Downloading artifacts: 100%|██████████| 1/1 [00:00<00:00, 539.18it/s]Downloading artifacts: 100%|██████████| 1/1 [00:00<00:00, 539.18it/s]
Downloading artifacts:   0%|          | 0/1 [00:00<?, ?it/s]Downloading artifacts: 100%|██████████| 1/1 [00:00<00:00, 497.49it/s]Downloading artifacts: 100%|██████████| 1/1 [00:00<00:00, 497.49it/s]
Downloading artifacts:   0%|          | 0/1 [00:00<?, ?it/s]Downloading artifacts: 100%|██████████| 1/1 [00:00<00:00, 244.87it/s]Downloading artifacts: 100%|██████████| 1/1 [00:00<00:00, 244.87it/s]
Downloading artifacts:   0%|          | 0/1 [00:00<?, ?it/s]Downloading artifacts: 100%|██████████| 1/1 [00:00<?, ?it/s]Downloading artifacts: 100%|██████████| 1/1 [00:00<?, ?it/s]
Downloading artifacts:   0%|          | 0/1 [00:00<?, ?it/s]Downloading artifacts: 100%|██████████| 1/1 [00:00<?, ?it/s]Downloading artifacts: 100%|██████████| 1/1 [00:00<?, ?it/s]
Downloading artifacts:   0%|          | 0/1 [00:00<?, ?it/s]Downloading artifacts: 100%|██████████| 1/1 [00:00<?, ?it/s]Downloading artifacts: 100%|██████████| 1/1 [00:00<?, ?it/s]
Downloading artifacts:   0%|          | 0/1 [00:00<?, ?it/s]Downloading artifacts: 100%|██████████| 1/1 [00:00<?, ?it/s]Downloading artifacts: 100%|██████████| 1/1 [00:00<?, ?it/s]
>>> [Diagnostics] Saved diagnostic_matrix.csv and diagnostic_summary.md
>>> [Phase 4] Generate Paper-level Report...
Downloading artifacts:   0%|          | 0/1 [00:00<?, ?it/s]Downloading artifacts: 100%|██████████| 1/1 [00:00<00:00, 636.08it/s]Downloading artifacts: 100%|██████████| 1/1 [00:00<00:00, 477.11it/s]
Downloading artifacts:   0%|          | 0/1 [00:00<?, ?it/s]Downloading artifacts: 100%|██████████| 1/1 [00:00<00:00, 3287.07it/s]Downloading artifacts: 100%|██████████| 1/1 [00:00<00:00, 703.74it/s] 
Downloading artifacts:   0%|          | 0/1 [00:00<?, ?it/s]Downloading artifacts: 100%|██████████| 1/1 [00:00<00:00, 294.40it/s]Downloading artifacts: 100%|██████████| 1/1 [00:00<00:00, 294.40it/s]
Downloading artifacts:   0%|          | 0/1 [00:00<?, ?it/s]Downloading artifacts: 100%|██████████| 1/1 [00:00<?, ?it/s]Downloading artifacts: 100%|██████████| 1/1 [00:00<?, ?it/s]
Downloading artifacts:   0%|          | 0/1 [00:00<?, ?it/s]Downloading artifacts: 100%|██████████| 1/1 [00:00<00:00, 92.14it/s]Downloading artifacts: 100%|██████████| 1/1 [00:00<00:00, 92.14it/s]
Downloading artifacts:   0%|          | 0/1 [00:00<?, ?it/s]Downloading artifacts: 100%|██████████| 1/1 [00:00<?, ?it/s]Downloading artifacts: 100%|██████████| 1/1 [00:00<?, ?it/s]
Downloading artifacts:   0%|          | 0/1 [00:00<?, ?it/s]Downloading artifacts: 100%|██████████| 1/1 [00:00<00:00, 66.10it/s]Downloading artifacts: 100%|██████████| 1/1 [00:00<00:00, 66.10it/s]
Downloading artifacts:   0%|          | 0/1 [00:00<?, ?it/s]Downloading artifacts: 100%|██████████| 1/1 [00:00<00:00, 499.08it/s]Downloading artifacts: 100%|██████████| 1/1 [00:00<00:00, 499.08it/s]
Downloading artifacts:   0%|          | 0/1 [00:00<?, ?it/s]Downloading artifacts: 100%|██████████| 1/1 [00:00<00:00, 105.14it/s]Downloading artifacts: 100%|██████████| 1/1 [00:00<00:00, 105.14it/s]
Downloading artifacts:   0%|          | 0/1 [00:00<?, ?it/s]Downloading artifacts: 100%|██████████| 1/1 [00:00<00:00, 66.14it/s]Downloading artifacts: 100%|██████████| 1/1 [00:00<00:00, 66.14it/s]
Downloading artifacts:   0%|          | 0/1 [00:00<?, ?it/s]Downloading artifacts: 100%|██████████| 1/1 [00:00<00:00, 58.02it/s]Downloading artifacts: 100%|██████████| 1/1 [00:00<00:00, 58.02it/s]
Downloading artifacts:   0%|          | 0/1 [00:00<?, ?it/s]Downloading artifacts: 100%|██████████| 1/1 [00:00<00:00, 103.65it/s]Downloading artifacts: 100%|██████████| 1/1 [00:00<00:00, 103.65it/s]
Downloading artifacts:   0%|          | 0/1 [00:00<?, ?it/s]Downloading artifacts: 100%|██████████| 1/1 [00:00<?, ?it/s]Downloading artifacts: 100%|██████████| 1/1 [00:00<?, ?it/s]
Downloading artifacts:   0%|          | 0/1 [00:00<?, ?it/s]Downloading artifacts: 100%|██████████| 1/1 [00:00<00:00, 98.03it/s]Downloading artifacts: 100%|██████████| 1/1 [00:00<00:00, 98.03it/s]
Downloading artifacts:   0%|          | 0/1 [00:00<?, ?it/s]Downloading artifacts: 100%|██████████| 1/1 [00:00<00:00, 257.26it/s]Downloading artifacts: 100%|██████████| 1/1 [00:00<00:00, 257.26it/s]
Downloading artifacts:   0%|          | 0/1 [00:00<?, ?it/s]Downloading artifacts: 100%|██████████| 1/1 [00:00<00:00, 73.57it/s]Downloading artifacts: 100%|██████████| 1/1 [00:00<00:00, 73.57it/s]
Downloading artifacts:   0%|          | 0/1 [00:00<?, ?it/s]Downloading artifacts: 100%|██████████| 1/1 [00:00<00:00, 793.17it/s]Downloading artifacts: 100%|██████████| 1/1 [00:00<00:00, 793.17it/s]
Downloading artifacts:   0%|          | 0/1 [00:00<?, ?it/s]Downloading artifacts: 100%|██████████| 1/1 [00:00<00:00, 63.45it/s]Downloading artifacts: 100%|██████████| 1/1 [00:00<00:00, 63.45it/s]
Downloading artifacts:   0%|          | 0/1 [00:00<?, ?it/s]Downloading artifacts: 100%|██████████| 1/1 [00:00<00:00, 988.99it/s]Downloading artifacts: 100%|██████████| 1/1 [00:00<00:00, 988.99it/s]
Downloading artifacts:   0%|          | 0/1 [00:00<?, ?it/s]Downloading artifacts: 100%|██████████| 1/1 [00:00<00:00, 96.14it/s]Downloading artifacts: 100%|██████████| 1/1 [00:00<00:00, 96.14it/s]
Downloading artifacts:   0%|          | 0/1 [00:00<?, ?it/s]Downloading artifacts: 100%|██████████| 1/1 [00:00<?, ?it/s]Downloading artifacts: 100%|██████████| 1/1 [00:00<?, ?it/s]
Downloading artifacts:   0%|          | 0/1 [00:00<?, ?it/s]Downloading artifacts: 100%|██████████| 1/1 [00:00<00:00, 76.22it/s]Downloading artifacts: 100%|██████████| 1/1 [00:00<00:00, 76.22it/s]
Downloading artifacts:   0%|          | 0/1 [00:00<?, ?it/s]Downloading artifacts: 100%|██████████| 1/1 [00:00<00:00, 500.93it/s]Downloading artifacts: 100%|██████████| 1/1 [00:00<00:00, 500.93it/s]
Downloading artifacts:   0%|          | 0/1 [00:00<?, ?it/s]Downloading artifacts: 100%|██████████| 1/1 [00:00<00:00, 91.26it/s]Downloading artifacts: 100%|██████████| 1/1 [00:00<00:00, 91.26it/s]
Downloading artifacts:   0%|          | 0/1 [00:00<?, ?it/s]Downloading artifacts: 100%|██████████| 1/1 [00:00<00:00, 1000.55it/s]Downloading artifacts: 100%|██████████| 1/1 [00:00<00:00, 570.96it/s] 
Downloading artifacts:   0%|          | 0/1 [00:00<?, ?it/s]Downloading artifacts: 100%|██████████| 1/1 [00:00<00:00, 72.11it/s]Downloading artifacts: 100%|██████████| 1/1 [00:00<00:00, 72.11it/s]
Downloading artifacts:   0%|          | 0/1 [00:00<?, ?it/s]Downloading artifacts: 100%|██████████| 1/1 [00:00<00:00, 330.68it/s]Downloading artifacts: 100%|██████████| 1/1 [00:00<00:00, 330.68it/s]
Downloading artifacts:   0%|          | 0/1 [00:00<?, ?it/s]Downloading artifacts: 100%|██████████| 1/1 [00:00<00:00, 65.12it/s]Downloading artifacts: 100%|██████████| 1/1 [00:00<00:00, 65.12it/s]
Downloading artifacts:   0%|          | 0/1 [00:00<?, ?it/s]Downloading artifacts: 100%|██████████| 1/1 [00:00<?, ?it/s]Downloading artifacts: 100%|██████████| 1/1 [00:00<?, ?it/s]
Downloading artifacts:   0%|          | 0/1 [00:00<?, ?it/s]Downloading artifacts: 100%|██████████| 1/1 [00:00<00:00, 1109.90it/s]Downloading artifacts: 100%|██████████| 1/1 [00:00<00:00, 507.42it/s] 
Downloading artifacts:   0%|          | 0/1 [00:00<?, ?it/s]Downloading artifacts: 100%|██████████| 1/1 [00:00<00:00, 153.10it/s]Downloading artifacts: 100%|██████████| 1/1 [00:00<00:00, 153.10it/s]

================================================================================
EXPERIMENT REPORT SUMMARY (13ba22976800469b817159adc1aed944)
================================================================================
| Model   | Dataset                                   |   IC (mean) |   ICIR |   IC HAC t-stat |   RankIC (mean) |   RankIC IR |   RankIC HAC t-stat | Ann. Return   |   Info Ratio | Max Drawdown   | Turnover   | Gate time_ratio stats                       |
|:--------|:------------------------------------------|------------:|-------:|----------------:|----------------:|------------:|--------------------:|:--------------|-------------:|:---------------|:-----------|:--------------------------------------------|
| RST-MoE | Alpha158 / csi300 / 2008-01-01~2022-12-31 |      0.0208 |   0.12 |             0.8 |            0.05 |        0.35 |                 2.3 | -4.25%        |         -0.4 | -6.34%         | 32.45%     | mean=0.497, std=0.003, p10=0.494, p90=0.500 |
--------------------------------------------------------------------------------
Full Markdown report written to: C:\Users\60585\PycharmProjects\qibMacV2\mlruns\189727150600157421\13ba22976800469b817159adc1aed944\kdd_report.md
--------------------------------------------------------------------------------
# RST-MoE on Alpha158 / CSI300

## 1. Experimental Setup

- **Data**:
  - Handler: Alpha158
  - Instruments: csi300
  - Train: 2019-04-01 ~ 2020-03-31
  - Valid: 2020-07-01 ~ 2020-12-31
  - Test: 2020-07-01 ~ 2020-12-31
- **Label**: ['Ref($close, -5) / Ref($close, -1) - 1']
  - **Model**:
    - class: QlibQuantMoE
    - d_model=64, n_layers=2, n_heads=4
    - main_loss=mse
    - value_embedding_type=feature_tokenizer
    - feature_tokenizer_add_factor_id=False
    - feature_tokenizer_bias=True
    - feature_tokenizer_init_std=0.02
    - use_feature_selection=False
    - use_alibi=False
- **Training**:
  - lr=5e-05, epochs=1, batch_size=300
  - seed=42
- **Backtest**:
  - strategy: TopkDropoutStrategy, topk=30, n_drop=5
  - benchmark=SH000300, deal_price=close, cost(open/close)=None/None

### 1.1 Full Config (Resolved)

```python
data_conf = {'class': 'TSDatasetH',
 'module_path': 'qlib.data.dataset',
 'kwargs': {'step_len': 8,
            'handler': {'class': 'Alpha158',
                        'module_path': 'qlib.contrib.data.handler',
                        'kwargs': {'start_time': '2008-01-01',
                                   'end_time': '2022-12-31',
                                   'fit_start_time': '2008-01-01',
                                   'fit_end_time': '2020-03-31',
                                   'instruments': 'csi300',
                                   'infer_processors': [{'class': 'RobustZScoreNorm',
                                                         'kwargs': {'fields_group': 'feature',
                                                                    'clip_outlier': True,
                                                                    'fit_start_time': '2008-01-01',
                                                                    'fit_end_time': '2020-03-31'}},
                                                        {'class': 'Fillna', 'kwargs': {'fields_group': 'feature'}}],
                                   'learn_processors': [{'class': 'DropnaLabel'},
                                                        {'class': 'CSZScoreNorm',
                                                         'kwargs': {'fields_group': 'label', 'method': 'robust'}}],
                                   'label': ['Ref($close, -5) / Ref($close, -1) - 1']}},
            'segments': {'train': ['2019-04-01', '2020-03-31'],
                         'valid': ['2020-07-01', '2020-12-31'],
                         'test': ['2020-07-01', '2020-12-31']}}}

model_config = {'d_model': 64,
 'n_heads': 4,
 'n_layers': 2,
 'd_ff': 128,
 'dropout': 0.1,
 'initializer_range': 0.02,
 'num_alphas': 158,
 'context_len': 8,
 'value_embedding_type': 'feature_tokenizer',
 'feature_tokenizer_bias': True,
 'feature_tokenizer_add_factor_id': False,
 'feature_tokenizer_init_std': 0.02,
 'use_regime_time_embedding': True,
 'time_tau_min': 0.5,
 'time_tau_max': 50.0,
 'time_tau_init': 5.0,
 'time_emb_init_std': 0.02,
 'time_decay_normalize': True,
 'use_regime_factor_gate': True,
 'factor_gate_scale': 1.0,
 'factor_gate_shift_scale': 0.2,
 'router_noise': 0.01,
 'router_temperature': 1.0,
 'router_z_loss_coef': 0.01,
 'router_use_layer_summary': True,
 'router_mode': 'learned',
 'use_alibi': False,
 'use_feature_selection': False,
 'selection_reg_lambda': 1e-05,
 'selection_temperature': 0.1,
 'selection_noise_std': 0.5,
 'main_loss': 'mse',
 'loss_weights': {'listmle': 1.0, 'mse': 1.0, 'ic': 1.0, 'rank': 0.0, 'huber': 0.0},
 'mse_normalize': False,
 'rank_topk': 5,
 'huber_delta': 1.0,
 'listmle_tau': 0.8,
 'use_external_macro': True,
 'd_macro_input': 102,
 'regime_macro_dropout': 0.1,
 'regime_internal_mode': 'long',
 'regime_internal_lag': 5,
 'regime_internal_use_batch_stats': False,
 'regime_internal_tail_threshold': 2.0,
 'pooling_alpha': 0.7}

trainer_config = {'lr': 5e-05,
 'n_epochs': 1,
 'batch_size': 300,
 'precision': 'amp_fp16',
 'grad_accum_steps': 1,
 'seed': 42,
 'device': 'auto',
 'deterministic_mode': 'warn',
 'seed_workers': True,
 'train_sampler_mode': 'sampled_daily',
 'sampler_diag': True,
 'train_stop_key': 'loss_main',
 'train_stop_threshold': None,
 'min_epochs': 1,
 'consecutive_k': 999999,
 'num_workers': 0,
 'market_state_path': 'data/market_state_csi300.pkl',
 'market_state_shift': 0,
 'market_state_strict': True,
 'use_warmup': True,
 'warmup_ratio': 0.05,
 'warmup_steps': 0,
 'debug_sanity_check': True,
 'strict_valid_data_key': True,
 'checkpoint_metric': 'valid_rank_ic',
 'checkpoint_mode': 'max',
 'use_tqdm': False,
 'run_setting': 'readout_smoke_duala_seed42_scale05'}

port_conf = {'strategy': {'class': 'TopkDropoutStrategy',
              'module_path': 'qlib.contrib.strategy.signal_strategy',
              'kwargs': {'signal': '<PRED>', 'topk': 30, 'n_drop': 5}},
 'backtest': {'start_time': '2020-07-01',
              'end_time': '2020-12-31',
              'account': 100000000,
              'benchmark': 'SH000300',
              'exchange_kwargs': {'freq': 'day', 'deal_price': 'close'}}}
```

## 2. Cross-sectional Forecasting Performance

- **IC (test)**:
  - mean = 0.0208, std = 0.1671, ICIR = 0.12, HAC t-stat = 0.8 (lags=4)
- **RankIC (test)**:
  - mean = 0.0500, std = 0.1446, IR = 0.35, HAC t-stat = 2.3 (lags=4)
- 注：采用 Newey–West(HAC) t-stat 以处理日度序列的自相关/异方差。

### 2.X Regime Bucket Evaluation (test segment)

基于 `market_state`（与训练时相同的宏观状态文件）对 test 交易日做分桶，观察不同市场状态下的预测质量与路由行为差异。

- market_state: `market_state_csi300.pkl`, shift=0, fit_segments=['train'] (fit_days=244, test_days=126)

- 2×2 分桶（median@fit）：`market_state_corr_pc1_ratio`=0.1887, `market_state_tail_2sigma`=-0.1587

| Regime               |   Days |   RankIC_mean |   RankIC_IR |      IC_mean |       IC_IR |   time_ratio_mean |   time_ratio_p10 |   time_ratio_p50 |   time_ratio_p90 |   gate_entropy_mean |   gate_entropy_p10 |   gate_entropy_p50 |   gate_entropy_p90 |   time_tau_mean |   time_tau_p10 |   time_tau_p50 |   time_tau_p90 |   time_half_life_mean |   time_half_life_p10 |   time_half_life_p50 |   time_half_life_p90 |   factor_gate_mean_mean |   factor_gate_mean_p10 |   factor_gate_mean_p50 |   factor_gate_mean_p90 |   factor_gate_std_mean |   factor_gate_std_p10 |   factor_gate_std_p50 |   factor_gate_std_p90 |   factor_gate_entropy_mean |   factor_gate_entropy_p10 |   factor_gate_entropy_p50 |   factor_gate_entropy_p90 |   factor_gate_topk_mass_5_mean |   factor_gate_topk_mass_5_p10 |   factor_gate_topk_mass_5_p50 |   factor_gate_topk_mass_5_p90 |   factor_gate_topk_mass_10_mean |   factor_gate_topk_mass_10_p10 |   factor_gate_topk_mass_10_p50 |   factor_gate_topk_mass_10_p90 |
|:---------------------|-------:|--------------:|------------:|-------------:|------------:|------------------:|-----------------:|-----------------:|-----------------:|--------------------:|-------------------:|-------------------:|-------------------:|----------------:|---------------:|---------------:|---------------:|----------------------:|---------------------:|---------------------:|---------------------:|------------------------:|-----------------------:|-----------------------:|-----------------------:|-----------------------:|----------------------:|----------------------:|----------------------:|---------------------------:|--------------------------:|--------------------------:|--------------------------:|-------------------------------:|------------------------------:|------------------------------:|------------------------------:|--------------------------------:|-------------------------------:|-------------------------------:|-------------------------------:|
| High-PC1 / High-Tail |     34 |     0.0211916 |    0.189233 | -0.000859015 | -0.00641862 |          0.497352 |         0.493446 |         0.496891 |         0.502759 |            0.693102 |           0.693046 |           0.693113 |           0.693132 |         4.99514 |        4.99173 |        4.9956  |        5.00216 |               3.46237 |              3.46001 |              3.46268 |              3.46723 |                 1.00001 |               0.999996 |                1.00001 |                1.00002 |            0.000136041 |           0.00010932  |           0.000131403 |           0.000167054 |                   0.945532 |                  0.938385 |                  0.945555 |                  0.951578 |                      0.0957373 |                     0.0878423 |                     0.0949863 |                      0.105451 |                        0.17332  |                       0.163022 |                       0.173473 |                       0.184259 |
| High-PC1 / Low-Tail  |     61 |     0.032231  |    0.204849 | -0.00473189  | -0.0252138  |          0.497117 |         0.493729 |         0.496758 |         0.500431 |            0.693106 |           0.693066 |           0.693113 |           0.693141 |         4.99218 |        4.98787 |        4.99173 |        4.9956  |               3.46031 |              3.45733 |              3.46001 |              3.46268 |                 1.00001 |               1        |                1.00001 |                1.00001 |            0.000140875 |           0.000115211 |           0.00014125  |           0.000173539 |                   0.945282 |                  0.937448 |                  0.945604 |                  0.951896 |                      0.0975017 |                     0.0882586 |                     0.0980413 |                      0.107611 |                        0.174727 |                       0.160569 |                       0.175269 |                       0.185433 |
| Low-PC1 / High-Tail  |     14 |     0.120275  |    1.03044  |  0.0891919   |  0.761886   |          0.497175 |         0.494906 |         0.49761  |         0.499347 |            0.693121 |           0.693089 |           0.693129 |           0.693142 |         4.99422 |        4.99173 |        4.9956  |        4.9956  |               3.46173 |              3.46001 |              3.46268 |              3.46268 |                 1.00001 |               1        |                1.00001 |                1.00001 |            0.000126935 |           0.000106344 |           0.000132116 |           0.000136792 |                   0.942055 |                  0.937485 |                  0.942434 |                  0.945522 |                      0.100358  |                     0.0959563 |                     0.0983569 |                      0.10809  |                        0.181838 |                       0.17546  |                       0.178387 |                       0.190426 |
| Low-PC1 / Low-Tail   |     17 |     0.113498  |    0.764185 |  0.0990733   |  0.641756   |          0.496388 |         0.494947 |         0.496346 |         0.497945 |            0.69311  |           0.69308  |           0.693112 |           0.693138 |         4.99241 |        4.99173 |        4.99173 |        4.99328 |               3.46048 |              3.46001 |              3.46001 |              3.46108 |                 1.00001 |               1        |                1.00001 |                1.00001 |            0.000129957 |           9.98066e-05 |           0.000132113 |           0.000149534 |                   0.947118 |                  0.941021 |                  0.946221 |                  0.954779 |                      0.0945791 |                     0.0872182 |                     0.0924755 |                      0.102287 |                        0.172651 |                       0.157928 |                       0.17546  |                       0.183378 |

- Terciles by `market_state_corr_pc1_ratio` (Market-mode strength (PC1 ratio)), edges@fit=[-0.1241, 0.6825]

| Bucket   |   Days |   RankIC_mean |   RankIC_IR |     IC_mean |      IC_IR |   time_ratio_mean |   time_ratio_p10 |   time_ratio_p50 |   time_ratio_p90 |   gate_entropy_mean |   gate_entropy_p10 |   gate_entropy_p50 |   gate_entropy_p90 |   time_tau_mean |   time_tau_p10 |   time_tau_p50 |   time_tau_p90 |   time_half_life_mean |   time_half_life_p10 |   time_half_life_p50 |   time_half_life_p90 |   factor_gate_mean_mean |   factor_gate_mean_p10 |   factor_gate_mean_p50 |   factor_gate_mean_p90 |   factor_gate_std_mean |   factor_gate_std_p10 |   factor_gate_std_p50 |   factor_gate_std_p90 |   factor_gate_entropy_mean |   factor_gate_entropy_p10 |   factor_gate_entropy_p50 |   factor_gate_entropy_p90 |   factor_gate_topk_mass_5_mean |   factor_gate_topk_mass_5_p10 |   factor_gate_topk_mass_5_p50 |   factor_gate_topk_mass_5_p90 |   factor_gate_topk_mass_10_mean |   factor_gate_topk_mass_10_p10 |   factor_gate_topk_mass_10_p50 |   factor_gate_topk_mass_10_p90 |
|:---------|-------:|--------------:|------------:|------------:|-----------:|------------------:|-----------------:|-----------------:|-----------------:|--------------------:|-------------------:|-------------------:|-------------------:|----------------:|---------------:|---------------:|---------------:|----------------------:|---------------------:|---------------------:|---------------------:|------------------------:|-----------------------:|-----------------------:|-----------------------:|-----------------------:|----------------------:|----------------------:|----------------------:|---------------------------:|--------------------------:|--------------------------:|--------------------------:|-------------------------------:|------------------------------:|------------------------------:|------------------------------:|--------------------------------:|-------------------------------:|-------------------------------:|-------------------------------:|
| Low      |     21 |     0.144148  |    1.16619  |  0.11927    |  0.916715  |          0.496629 |         0.494847 |         0.496452 |         0.498436 |            0.693114 |           0.693086 |           0.693121 |           0.693139 |         4.9932  |        4.99173 |        4.99173 |        4.9956  |               3.46103 |              3.46001 |              3.46001 |              3.46268 |                 1.00001 |                      1 |                1.00001 |                1.00001 |            0.000134645 |           0.000121814 |           0.000133197 |           0.000143793 |                   0.943852 |                  0.937704 |                  0.943452 |                  0.950345 |                      0.0970626 |                     0.0905826 |                     0.0979886 |                      0.10547  |                        0.177062 |                       0.166071 |                       0.177507 |                       0.189103 |
| Mid      |     33 |     0.0400207 |    0.282354 |  0.0213782  |  0.137563  |          0.497157 |         0.49396  |         0.497234 |         0.499402 |            0.693114 |           0.69307  |           0.693125 |           0.693142 |         4.99396 |        4.99173 |        4.99173 |        4.99946 |               3.46155 |              3.46001 |              3.46001 |              3.46536 |                 1.00001 |                      1 |                1.00001 |                1.00001 |            0.000126937 |           0.000100593 |           0.000125936 |           0.000155512 |                   0.946385 |                  0.940881 |                  0.946418 |                  0.952517 |                      0.0954996 |                     0.0890217 |                     0.0967416 |                      0.102738 |                        0.173369 |                       0.161852 |                       0.175296 |                       0.182682 |
| High     |     72 |     0.0271129 |    0.190458 | -0.00826499 | -0.0479065 |          0.497191 |         0.49367  |         0.49662  |         0.501417 |            0.693102 |           0.693058 |           0.693107 |           0.693141 |         4.99291 |        4.98787 |        4.99173 |        4.9956  |               3.46082 |              3.45733 |              3.46001 |              3.46268 |                 1.00001 |                      1 |                1.00001 |                1.00001 |            0.000141509 |           0.000114155 |           0.000141307 |           0.000175557 |                   0.945117 |                  0.937608 |                  0.945395 |                  0.951809 |                      0.0975796 |                     0.0882863 |                     0.0968377 |                      0.107966 |                        0.174897 |                       0.162328 |                       0.17474  |                       0.1863   |

- Terciles by `market_state_tail_2sigma` (Tail intensity (|x|>2)), edges@fit=[-0.4249, 0.1344]

| Bucket   |   Days |   RankIC_mean |   RankIC_IR |    IC_mean |      IC_IR |   time_ratio_mean |   time_ratio_p10 |   time_ratio_p50 |   time_ratio_p90 |   gate_entropy_mean |   gate_entropy_p10 |   gate_entropy_p50 |   gate_entropy_p90 |   time_tau_mean |   time_tau_p10 |   time_tau_p50 |   time_tau_p90 |   time_half_life_mean |   time_half_life_p10 |   time_half_life_p50 |   time_half_life_p90 |   factor_gate_mean_mean |   factor_gate_mean_p10 |   factor_gate_mean_p50 |   factor_gate_mean_p90 |   factor_gate_std_mean |   factor_gate_std_p10 |   factor_gate_std_p50 |   factor_gate_std_p90 |   factor_gate_entropy_mean |   factor_gate_entropy_p10 |   factor_gate_entropy_p50 |   factor_gate_entropy_p90 |   factor_gate_topk_mass_5_mean |   factor_gate_topk_mass_5_p10 |   factor_gate_topk_mass_5_p50 |   factor_gate_topk_mass_5_p90 |   factor_gate_topk_mass_10_mean |   factor_gate_topk_mass_10_p10 |   factor_gate_topk_mass_10_p50 |   factor_gate_topk_mass_10_p90 |
|:---------|-------:|--------------:|------------:|-----------:|-----------:|------------------:|-----------------:|-----------------:|-----------------:|--------------------:|-------------------:|-------------------:|-------------------:|----------------:|---------------:|---------------:|---------------:|----------------------:|---------------------:|---------------------:|---------------------:|------------------------:|-----------------------:|-----------------------:|-----------------------:|-----------------------:|----------------------:|----------------------:|----------------------:|---------------------------:|--------------------------:|--------------------------:|--------------------------:|-------------------------------:|------------------------------:|------------------------------:|------------------------------:|--------------------------------:|-------------------------------:|-------------------------------:|-------------------------------:|
| Low      |     55 |     0.0503662 |    0.295424 |  0.0223389 |  0.112457  |          0.49708  |         0.494196 |         0.496758 |         0.50039  |            0.693107 |           0.693075 |           0.693112 |           0.693141 |         4.99187 |        4.98787 |        4.99173 |        4.9956  |               3.4601  |              3.45733 |              3.46001 |              3.46268 |                 1.00001 |                      1 |                1.00001 |                1.00001 |            0.00013796  |           0.000114944 |           0.000134354 |           0.00016513  |                   0.944967 |                  0.937231 |                  0.945149 |                  0.953377 |                      0.0965222 |                     0.0883073 |                     0.0965902 |                      0.1041   |                        0.174493 |                       0.160986 |                       0.174685 |                       0.185388 |
| Mid      |     40 |     0.0317385 |    0.259135 | -0.0103309 | -0.0723661 |          0.497163 |         0.493818 |         0.496706 |         0.500074 |            0.693106 |           0.693063 |           0.693117 |           0.693142 |         4.99347 |        4.98787 |        4.99173 |        4.99946 |               3.46121 |              3.45733 |              3.46001 |              3.46536 |                 1.00001 |                      1 |                1.00001 |                1.00001 |            0.000137315 |           9.92374e-05 |           0.000136483 |           0.00017083  |                   0.946442 |                  0.94091  |                  0.946281 |                  0.9507   |                      0.0978392 |                     0.0881783 |                     0.0981344 |                      0.108467 |                        0.175082 |                       0.160446 |                       0.175681 |                       0.186575 |
| High     |     31 |     0.0729112 |    0.60887  |  0.0580542 |  0.458213  |          0.497005 |         0.493651 |         0.496643 |         0.499634 |            0.693108 |           0.693054 |           0.693121 |           0.693141 |         4.99535 |        4.99173 |        4.9956  |        4.99946 |               3.46251 |              3.46001 |              3.46268 |              3.46536 |                 1.00001 |                      1 |                1.00001 |                1.00002 |            0.000133054 |           0.000109006 |           0.000131705 |           0.000155673 |                   0.944167 |                  0.938061 |                  0.944546 |                  0.94991  |                      0.0965562 |                     0.0896275 |                     0.0974994 |                      0.10547  |                        0.175214 |                       0.164417 |                       0.176367 |                       0.188821 |

- Terciles by `market_state_corr_mean_abs` (Crowding (mean abs corr)), edges@fit=[0.009182, 0.7417]

| Bucket   |   Days |   RankIC_mean |   RankIC_IR |      IC_mean |       IC_IR |   time_ratio_mean |   time_ratio_p10 |   time_ratio_p50 |   time_ratio_p90 |   gate_entropy_mean |   gate_entropy_p10 |   gate_entropy_p50 |   gate_entropy_p90 |   time_tau_mean |   time_tau_p10 |   time_tau_p50 |   time_tau_p90 |   time_half_life_mean |   time_half_life_p10 |   time_half_life_p50 |   time_half_life_p90 |   factor_gate_mean_mean |   factor_gate_mean_p10 |   factor_gate_mean_p50 |   factor_gate_mean_p90 |   factor_gate_std_mean |   factor_gate_std_p10 |   factor_gate_std_p50 |   factor_gate_std_p90 |   factor_gate_entropy_mean |   factor_gate_entropy_p10 |   factor_gate_entropy_p50 |   factor_gate_entropy_p90 |   factor_gate_topk_mass_5_mean |   factor_gate_topk_mass_5_p10 |   factor_gate_topk_mass_5_p50 |   factor_gate_topk_mass_5_p90 |   factor_gate_topk_mass_10_mean |   factor_gate_topk_mass_10_p10 |   factor_gate_topk_mass_10_p50 |   factor_gate_topk_mass_10_p90 |
|:---------|-------:|--------------:|------------:|-------------:|------------:|------------------:|-----------------:|-----------------:|-----------------:|--------------------:|-------------------:|-------------------:|-------------------:|----------------:|---------------:|---------------:|---------------:|----------------------:|---------------------:|---------------------:|---------------------:|------------------------:|-----------------------:|-----------------------:|-----------------------:|-----------------------:|----------------------:|----------------------:|----------------------:|---------------------------:|--------------------------:|--------------------------:|--------------------------:|-------------------------------:|------------------------------:|------------------------------:|------------------------------:|--------------------------------:|-------------------------------:|-------------------------------:|-------------------------------:|
| Low      |     17 |     0.135478  |    1.30392  |  0.108865    |  0.990617   |          0.496493 |         0.494757 |         0.496346 |         0.499059 |            0.693109 |           0.69308  |           0.693103 |           0.693139 |         4.99264 |        4.99173 |        4.99173 |        4.9956  |               3.46064 |              3.46001 |              3.46001 |              3.46268 |                 1.00001 |                1.00001 |                1.00001 |                1.00001 |            0.000131776 |           0.000114262 |           0.000132113 |           0.000147318 |                   0.94446  |                  0.937181 |                  0.944733 |                  0.954035 |                      0.0959681 |                     0.0872182 |                     0.0974994 |                      0.10527  |                        0.175041 |                       0.157928 |                       0.177507 |                       0.186271 |
| Mid      |     22 |     0.0563327 |    0.453798 |  0.0378831   |  0.277083   |          0.496833 |         0.493841 |         0.497143 |         0.499093 |            0.693116 |           0.693069 |           0.69313  |           0.693141 |         4.99349 |        4.99173 |        4.99173 |        4.9956  |               3.46122 |              3.46001 |              3.46001 |              3.46268 |                 1.00001 |                1       |                1.00001 |                1.00001 |            0.00013507  |           0.000100536 |           0.000133721 |           0.000155593 |                   0.945159 |                  0.937817 |                  0.945515 |                  0.951697 |                      0.0974193 |                     0.089448  |                     0.0982795 |                      0.105008 |                        0.176174 |                       0.163462 |                       0.176262 |                       0.188209 |
| High     |     87 |     0.0316953 |    0.209744 | -0.000793781 | -0.00445971 |          0.497269 |         0.493758 |         0.496956 |         0.501293 |            0.693104 |           0.693061 |           0.693112 |           0.693141 |         4.99329 |        4.98787 |        4.99173 |        4.99714 |               3.46108 |              3.45733 |              3.46001 |              3.46375 |                 1.00001 |                1       |                1.00001 |                1.00001 |            0.000137855 |           0.000110809 |           0.000134516 |           0.000167486 |                   0.945411 |                  0.937999 |                  0.945511 |                  0.951981 |                      0.0970213 |                     0.0884245 |                     0.0965328 |                      0.106891 |                        0.174488 |                       0.1627   |                       0.174795 |                       0.185818 |

- Terciles by `market_vol_20` (Benchmark vol (20d)), edges@fit=[-0.824, 0.2423]

| Bucket   |   Days |   RankIC_mean |   RankIC_IR |    IC_mean |       IC_IR |   time_ratio_mean |   time_ratio_p10 |   time_ratio_p50 |   time_ratio_p90 |   gate_entropy_mean |   gate_entropy_p10 |   gate_entropy_p50 |   gate_entropy_p90 |   time_tau_mean |   time_tau_p10 |   time_tau_p50 |   time_tau_p90 |   time_half_life_mean |   time_half_life_p10 |   time_half_life_p50 |   time_half_life_p90 |   factor_gate_mean_mean |   factor_gate_mean_p10 |   factor_gate_mean_p50 |   factor_gate_mean_p90 |   factor_gate_std_mean |   factor_gate_std_p10 |   factor_gate_std_p50 |   factor_gate_std_p90 |   factor_gate_entropy_mean |   factor_gate_entropy_p10 |   factor_gate_entropy_p50 |   factor_gate_entropy_p90 |   factor_gate_topk_mass_5_mean |   factor_gate_topk_mass_5_p10 |   factor_gate_topk_mass_5_p50 |   factor_gate_topk_mass_5_p90 |   factor_gate_topk_mass_10_mean |   factor_gate_topk_mass_10_p10 |   factor_gate_topk_mass_10_p50 |   factor_gate_topk_mass_10_p90 |
|:---------|-------:|--------------:|------------:|-----------:|------------:|------------------:|-----------------:|-----------------:|-----------------:|--------------------:|-------------------:|-------------------:|-------------------:|----------------:|---------------:|---------------:|---------------:|----------------------:|---------------------:|---------------------:|---------------------:|------------------------:|-----------------------:|-----------------------:|-----------------------:|-----------------------:|----------------------:|----------------------:|----------------------:|---------------------------:|--------------------------:|--------------------------:|--------------------------:|-------------------------------:|------------------------------:|------------------------------:|------------------------------:|--------------------------------:|-------------------------------:|-------------------------------:|-------------------------------:|
| Low      |      1 |    -0.0633783 |  nan        | -0.160056  | nan         |          0.496445 |         0.496445 |         0.496445 |         0.496445 |            0.693115 |           0.693115 |           0.693115 |           0.693115 |         4.98787 |        4.98787 |        4.98787 |        4.98787 |               3.45733 |              3.45733 |              3.45733 |              3.45733 |                 1.00001 |               1.00001  |                1.00001 |                1.00001 |            0.000195455 |           0.000195455 |           0.000195455 |           0.000195455 |                   0.951896 |                  0.951896 |                  0.951896 |                  0.951896 |                      0.0862374 |                     0.0862374 |                     0.0862374 |                     0.0862374 |                        0.157937 |                       0.157937 |                       0.157937 |                       0.157937 |
| Mid      |     93 |     0.0484118 |    0.373824 |  0.0244273 |   0.164471  |          0.496683 |         0.493749 |         0.496605 |         0.499579 |            0.693108 |           0.693064 |           0.693116 |           0.693141 |         4.99231 |        4.98787 |        4.99173 |        4.9956  |               3.46041 |              3.45733 |              3.46001 |              3.46268 |                 1.00001 |               1        |                1.00001 |                1.00001 |            0.000140359 |           0.000114155 |           0.000136901 |           0.000166004 |                   0.945216 |                  0.937572 |                  0.945149 |                  0.953183 |                      0.0973591 |                     0.0887452 |                     0.0979947 |                     0.106404  |                        0.175111 |                       0.162367 |                       0.176526 |                       0.188336 |
| High     |     32 |     0.0581565 |    0.315063 |  0.0157311 |   0.0733727 |          0.498286 |         0.49452  |         0.498159 |         0.503229 |            0.693104 |           0.693065 |           0.693115 |           0.69314  |         4.99608 |        4.99173 |        4.9956  |        5.00332 |               3.46302 |              3.46001 |              3.46268 |              3.46804 |                 1       |               0.999995 |                1.00001 |                1.00001 |            0.000123634 |           9.3139e-05  |           0.000125787 |           0.000145515 |                   0.945095 |                  0.939367 |                  0.945555 |                  0.950919 |                      0.0960905 |                     0.0883027 |                     0.0951583 |                     0.100819  |                        0.174648 |                       0.163416 |                       0.17517  |                       0.184489 |

- Spearman correlations (market_state vs metrics), top 12 by |ρ|:

| Feature                     | Metric              |   N |   SpearmanR |   t_stat |     p_value |
|:----------------------------|:--------------------|----:|------------:|---------:|------------:|
| market_vol_20               | time_tau            | 126 |    0.451608 |  5.6364  | 1.11007e-07 |
| market_vol_20               | time_half_life      | 126 |    0.451608 |  5.6364  | 1.11007e-07 |
| market_state_tail_2sigma    | time_tau            | 126 |    0.397312 |  4.82114 | 4.0961e-06  |
| market_state_tail_2sigma    | time_half_life      | 126 |    0.397312 |  4.82114 | 4.0961e-06  |
| market_state_corr_pc1_ratio | rank_ic             | 126 |   -0.318719 | -3.74438 | 0.000275522 |
| market_state_corr_pc1_ratio | ic                  | 126 |   -0.313476 | -3.676   | 0.000351281 |
| market_state_corr_mean_abs  | ic                  | 126 |   -0.303217 | -3.5433  | 0.000557884 |
| market_state_corr_mean_abs  | rank_ic             | 126 |   -0.302467 | -3.53365 | 0.000576694 |
| market_vol_20               | time_ratio          | 126 |    0.188866 |  2.14166 | 0.0341764   |
| market_vol_20               | factor_gate_entropy | 126 |   -0.143361 | -1.61306 | 0.109273    |
| market_state_corr_mean_abs  | factor_gate_entropy | 126 |    0.134608 |  1.5127  | 0.1329      |
| market_state_corr_mean_abs  | time_ratio          | 126 |    0.126032 |  1.41472 | 0.159657    |

- Full table: `regime_corr_spearman.csv`

![Regime scatter (performance)](regime_scatter_perf.png)

![Regime scatter (routing)](regime_scatter_router.png)

#### 2.X.1 指标释义（读表指南）

- `market_state_corr_pc1_ratio`：市场“单一主导因子/同涨同跌”强度（越高越像单一市场因子驱动）。
- `market_state_tail_2sigma`：尾部/冲击强度（越高表示极端波动占比越高）。
- `market_state_corr_mean_abs`：拥挤度/相关性水平（越高越拥挤，alpha 更难独立发挥）。
- `market_vol_20`：基准 20 日波动（通常已标准化，解读为相对高/低波动）。
- `RankIC/IC`：预测排序/线性相关质量；`IR` 为日度均值/标准差（样本少时不稳定）。
- `time_ratio`：路由对 time-expert 的权重（高→更偏时序专家，低→更偏截面因子专家）。
- `gate_entropy`：路由不确定性（接近 0.693，约等于两专家均匀；越低越“果断”）。
- `time_tau/time_half_life`：时间记忆尺度（越大→更长记忆/更慢衰减）。
- `factor_gate_entropy/topk_mass`：因子重加权是否集中（topk_mass 高/entropy 低→更集中）。



#### 2.X.2 观测到的差异（test）

- RankIC daily range: -0.2569~0.3816

- IC daily range: -0.3302~0.4301

- time_ratio daily range: 0.4913~0.5055

- gate_entropy daily range: 0.6930~0.6931

- time_tau daily range: 4.9879~5.0072

- 2×2 regimes: RankIC_mean: best=Low-PC1 / High-Tail(0.1203), worst=High-PC1 / High-Tail(0.0212), spread=0.0991

- 2×2 routing: time_ratio_mean: best=High-PC1 / High-Tail(0.4974), worst=Low-PC1 / Low-Tail(0.4964), spread=0.0010

- `market_state_corr_pc1_ratio` terciles: RankIC_mean Δ(High-Low)=-0.1170, time_ratio_mean Δ(High-Low)=0.0006

- `market_state_tail_2sigma` terciles: RankIC_mean Δ(High-Low)=0.0225, time_ratio_mean Δ(High-Low)=-0.0001

- `market_state_corr_mean_abs` terciles: RankIC_mean Δ(High-Low)=-0.1038, time_ratio_mean Δ(High-Low)=0.0008

- `market_vol_20` terciles: RankIC_mean Δ(High-Low)=0.1215, time_ratio_mean Δ(High-Low)=0.0018

- Routing ↔ quality coupling (Spearman, test): time_ratio↔rank_ic: ρ=0.01 (n=126); gate_entropy↔rank_ic: ρ=-0.01 (n=126); time_tau↔rank_ic: ρ=-0.10 (n=126); factor_gate_entropy↔rank_ic: ρ=-0.09 (n=126)

- Strongest state↔performance: `market_state_corr_pc1_ratio` vs `rank_ic` ρ=-0.32 (n=126).

- Strongest state↔routing: `market_vol_20` vs `time_tau` ρ=0.45 (n=126).


- 解释建议：若“预测质量差异”显著但 `time_ratio/gate_entropy/time_tau` 基本不变，说明路由/时间尺度未随宏观状态自适应；反之若路由显著变化但 RankIC 不变，可能是“在动但没带来收益”。
- 注意：test 天数通常较少，分桶后的 `IR` 与相关性更偏诊断用途；建议在更长窗口/多次 run 上复核。 


## 3. Training Dynamics & Portfolio Backtest

### 3.1 Training Dynamics (MSE vs. RankIC)

训练阶段采用 **MSE 主 loss**（基于 rank-label），这里展示 train/mse 与 valid/rank_ic 随 epoch 的演化，并粗略量化二者的相关性：

- Peak valid RankIC approx 0.0500 at epoch 1

![Training dynamics (MSE vs RankIC)](train_curves_mse_rankic.png)

### 3.2 Portfolio Backtest (2020-07-01~2020-12-31, csi300 universe)

- 年化收益 (excess return with cost): -4.25% (如果为 nan 请检查 portfolio_analysis/port_analysis_1day.pkl)
- 信息比 (Information Ratio): -0.40
- 最大回撤: -6.34%
- 成交换手率 (Turnover): 32.45%

## 3.3 Qlib Official Graphs

使用 Qlib 官方 report 模块生成的图表：

### analysis_position.report_graph

- [analysis_position.report_graph](qlib_analysis_position_report_graph.html)

### analysis_position.risk_analysis_graph

- [analysis_position.risk_analysis_graph](qlib_analysis_position_risk_analysis_graph_1.html)

- [analysis_position.risk_analysis_graph](qlib_analysis_position_risk_analysis_graph_2.html)

- [analysis_position.risk_analysis_graph](qlib_analysis_position_risk_analysis_graph_3.html)

- [analysis_position.risk_analysis_graph](qlib_analysis_position_risk_analysis_graph_4.html)

- [analysis_position.risk_analysis_graph](qlib_analysis_position_risk_analysis_graph_5.html)

### analysis_position.score_ic_graph

- [analysis_position.score_ic_graph](qlib_analysis_position_score_ic_graph.html)

### analysis_model.model_performance_graph

- [analysis_model.model_performance_graph](qlib_analysis_model_model_performance_graph_1.html)

- [analysis_model.model_performance_graph](qlib_analysis_model_model_performance_graph_2.html)

- [analysis_model.model_performance_graph](qlib_analysis_model_model_performance_graph_3.html)

- [analysis_model.model_performance_graph](qlib_analysis_model_model_performance_graph_4.html)

- [analysis_model.model_performance_graph](qlib_analysis_model_model_performance_graph_5.html)

- [analysis_model.model_performance_graph](qlib_analysis_model_model_performance_graph_6.html)

### analysis_position.cumulative_return_graph

- [analysis_position.cumulative_return_graph](qlib_analysis_position_cumulative_return_graph_1.html)

- [analysis_position.cumulative_return_graph](qlib_analysis_position_cumulative_return_graph_2.html)

- [analysis_position.cumulative_return_graph](qlib_analysis_position_cumulative_return_graph_3.html)

- [analysis_position.cumulative_return_graph](qlib_analysis_position_cumulative_return_graph_4.html)

### analysis_position.rank_label_graph

- [analysis_position.rank_label_graph](qlib_analysis_position_rank_label_graph_1.html)

- [analysis_position.rank_label_graph](qlib_analysis_position_rank_label_graph_2.html)

- [analysis_position.rank_label_graph](qlib_analysis_position_rank_label_graph_3.html)

## 4. Spatio-Temporal Disentanglement Diagnostics

### 4.1 Router Gate over Time (time vs. cross-sectional experts)

- Gate time_ratio (time-expert weight) stats on test set: mean=0.497, std=0.003, p10=0.494, p90=0.500

- Gate entropy stats on test set: mean=0.693, std=0.000, p10=0.693, p90=0.693

- time_ratio 接近 1 表示更信任「时间 expert」，接近 0 表示更信任「截面 expert」。
- 若 mean 在 (0.3, 0.7) 且 std > 0，说明路由器确实在不同阶段做非平凡决策；
  若长期贴近 0 或 1，则 MoE 退化为单专家模型。

![Gate time_ratio series](st_disentangle_gate_series_test.png)

![Gate entropy series](st_disentangle_gate_entropy_series_test.png)

### 4.1.1 Regime-Adaptive Time Scale (tau / half-life)

- time_tau stats on test set: mean=4.993, std=0.004, p10=4.988, p90=4.996

- time_half_life stats on test set: mean=3.461, std=0.003, p10=3.457, p90=3.463

![time_tau series](st_disentangle_time_tau_series_test.png)

![time_half_life series](st_disentangle_time_half_life_series_test.png)

- `time_tau` 来自 regime-adaptive time embedding 的时间尺度参数（越大越偏长记忆，越小越偏短记忆）。
- `time_half_life = time_tau * ln(2)`（单位为窗口时间步，若 1 步=1 天则可视作“天数半衰期”）。

### 4.1.1.1 tau vs time_ratio (same-day overlay)

![tau vs time_ratio](st_disentangle_tau_vs_time_ratio_test.png)

### 4.1.2 Regime-Adaptive Factor Gate (concentration)

- factor_gate_mean stats on test set: mean=1.000, std=0.000, p10=1.000, p90=1.000

- factor_gate_std stats on test set: mean=0.000, std=0.000, p10=0.000, p90=0.000

- factor_gate_entropy stats on test set: mean=0.945, std=0.005, p10=0.938, p90=0.952

- factor_gate_topk_mass_5 stats on test set: mean=0.097, std=0.007, p10=0.088, p90=0.106

- factor_gate_topk_mass_10 stats on test set: mean=0.175, std=0.010, p10=0.162, p90=0.187

![factor_gate_mean series](st_disentangle_factor_gate_mean_series_test.png)

![factor_gate_std series](st_disentangle_factor_gate_std_series_test.png)

![factor_gate_entropy series](st_disentangle_factor_gate_entropy_series_test.png)

![factor_gate_topk_mass_5 series](st_disentangle_factor_gate_topk_mass_5_series_test.png)

![factor_gate_topk_mass_10 series](st_disentangle_factor_gate_topk_mass_10_series_test.png)

- `factor_gate_mean` / `factor_gate_std`：regime-adaptive factor gate 权重的日均值/标准差，反映因子重加权的整体幅度和波动。
- `factor_gate_entropy` 是把 per-sample 的 factor gate 归一化后得到的分布熵（再除以 log(N) 做归一化到 0~1）。
  越低表示 gate 越“集中”，即 regime 对因子组合的重加权更强、更具结构性。
- `factor_gate_topk_mass_5` / `factor_gate_topk_mass_10` 表示前 5 / 10 个因子（按 gate 权重排序）的累计质量占比；越高说明越稀疏/越集中。

### 4.2 Temporal Attention (Heatmap + Locality)

基于若干代表性交易日的 **time-attention heatmap**，统计对角/邻近对角的注意力质量：

- 2020-07-01: diag_mass=0.125, local_band_mass=0.343
- 2020-08-13: diag_mass=0.125, local_band_mass=0.343
- 2020-09-25: diag_mass=0.125, local_band_mass=0.343
- 2020-12-31: diag_mass=0.125, local_band_mass=0.343

![Time attention (2020-07-01)](st_disentangle_attn_time_2020-07-01.png)

![Time attention (2020-08-13)](st_disentangle_attn_time_2020-08-13.png)

![Time attention (2020-09-25)](st_disentangle_attn_time_2020-09-25.png)

![Time attention (2020-12-31)](st_disentangle_attn_time_2020-12-31.png)

- diag_mass 衡量注意力在完全对齐的时间步 (i=j) 上的质量；
- local_band_mass 衡量注意力在 |i-j| ≤ 1 的近邻时间步上的质量。
- 越高说明模型更偏向「局部时序模式」（类似 AR / 局部卷积），
  越低说明模型依赖更长程的时序依赖。

### 4.3 Factor Attention (Heatmap + Concentration)

基于同一批交易日的 **factor-attention heatmap**（默认取窗口最后一个时间步），统计注意力的集中度：

- 2020-07-01: diag_mass=0.006, top5_mass=0.032, entropy=1.000
- 2020-08-13: diag_mass=0.006, top5_mass=0.032, entropy=1.000
- 2020-09-25: diag_mass=0.006, top5_mass=0.032, entropy=1.000
- 2020-12-31: diag_mass=0.006, top5_mass=0.032, entropy=1.000

#### 4.3.1 Factor Attention Top-K (ids)

- 2020-07-01: top10 ids=[68, 130, 101, 86, 54, 60, 87, 152, 13, 104]
- 2020-08-13: top10 ids=[43, 87, 22, 122, 17, 37, 101, 143, 147, 129]
- 2020-09-25: top10 ids=[43, 137, 143, 72, 118, 99, 85, 120, 49, 63]
- 2020-12-31: top10 ids=[68, 13, 152, 130, 134, 54, 38, 60, 64, 41]

![Factor attention (2020-07-01)](st_disentangle_attn_factor_2020-07-01.png)

![Factor attention (2020-08-13)](st_disentangle_attn_factor_2020-08-13.png)

![Factor attention (2020-09-25)](st_disentangle_attn_factor_2020-09-25.png)

![Factor attention (2020-12-31)](st_disentangle_attn_factor_2020-12-31.png)

- diag_mass：因子对自身的注意力质量（越高说明更“自回归/自保留”）；
- top5_mass：每个因子行向量中 Top-5 权重质量的均值（越高说明更稀疏、更“专家化”）；
- entropy：归一化熵 (0~1)，越低越尖锐，越高越均匀。
- 注意：因子维度没有天然顺序，因此不像时间维那样用“邻近对角带”解释；我们更关心“是否稀疏/是否可解释地集中在少数因子交互上”。

### 4.4 Factor Pooling Attention (Heatmap + Top-K)

来自 attention pooling 的 `factor_attention_weights`（模型输出 `factor_pool_weights`），按日对 batch 做均值后导出 heatmap 与 Top-K：

#### 4.4.1 Factor Pooling Top-K (ids)

- 2020-07-01: top10 ids=[119, 64, 145, 18, 84, 58, 14, 67, 56, 32]
- 2020-08-13: top10 ids=[32, 150, 51, 67, 92, 87, 22, 155, 136, 142]
- 2020-09-25: top10 ids=[137, 15, 81, 99, 55, 136, 150, 125, 21, 109]
- 2020-12-31: top10 ids=[81, 15, 64, 58, 94, 125, 49, 96, 106, 85]

![Factor pooling attention (2020-07-01)](st_disentangle_attn_pool_factor_2020-07-01.png)

![Factor pooling attention (2020-08-13)](st_disentangle_attn_pool_factor_2020-08-13.png)

![Factor pooling attention (2020-09-25)](st_disentangle_attn_pool_factor_2020-09-25.png)

![Factor pooling attention (2020-12-31)](st_disentangle_attn_pool_factor_2020-12-31.png)

## 5. Summary

RST-MoE 在官方 Alpha158 / CSI300 框架下，兼顾了稳健的日频预测性能 （IC / RankIC / 信息比）和可解释的时空解耦结构（gate 曲线 + attention 局部性），同时通过 MSE 训练曲线与 RankIC 的联动，展示了从 rank-label → MSE 优化 → 截面预测 → 组合收益的一条清晰传导链。

================================================================================
[145468:MainThread](2026-06-07 13:31:54,345) INFO - qlib.timer - [log.py:127] - Time cost: 0.000s | waiting `async_log` Done
