>>> [Config:env] Applied experiment overrides
>>> [Config:env] run_setting=tau_scale_20
>>> [Config:planned] model: loss=mse, d_model=64, layers=2, heads=4, context_len=8, num_alphas=158, val_emb=feature_tokenizer, time_emb=on, factor_gate=on, router=learned, feat_sel=off, alibi=off, macro=external(market_state_csi300.pkl, dim=auto, shift=0, strict=True), macro_drop=0.1
>>> [Config:planned] trainer: lr=5e-05, epochs=25, batch=300, accum=1, early_stop=0, warmup=on(ratio=0.05), precision=amp_fp16, seed=44, checkpoint=valid_rank_ic:max, train_stop=off, min_epochs=25, k=999999
>>> [Phase 1] Training Model...
>>> [MarketState] loaded data/market_state_csi300.pkl (dates=3710, dim=102), shift=0, strict=True
>>> [Schema] Packed-label detected on train segment: total_dim=159, feature_dim=158, label_dim=1. Adapter will treat the last 1 channel(s) at the final time step as label.

================================================================================
MODEL ARCHITECTURE SUMMARY
================================================================================
QuantMoEModel(
  (feature_tokenizer): FeatureTokenizer()
  (factor_id_emb): Embedding(158, 64)
  (emb_dropout): Dropout(p=0.1, inplace=False)
  (time_embedding): RegimeAdaptiveTimeEmbedding(
    (tau_norm): LayerNorm((64,), eps=1e-05, elementwise_affine=True)
    (tau_fc1): Linear(in_features=64, out_features=32, bias=True)
    (tau_fc2): Linear(in_features=32, out_features=1, bias=True)
  )
  (factor_gate): RegimeAdaptiveFactorGate(
    (regime_norm): LayerNorm((64,), eps=1e-05, elementwise_affine=True)
    (factor_norm): LayerNorm((64,), eps=1e-05, elementwise_affine=True)
    (proj_gamma): Linear(in_features=64, out_features=64, bias=False)
    (proj_beta): Linear(in_features=64, out_features=64, bias=False)
  )
  (regime_encoder): RegimeContextEncoder(
    (encoder): Sequential(
      (0): Linear(in_features=102, out_features=128, bias=True)
      (1): Tanh()
      (2): Dropout(p=0.1, inplace=False)
      (3): Linear(in_features=128, out_features=64, bias=True)
      (4): LayerNorm((64,), eps=1e-05, elementwise_affine=True)
    )
  )
  (layers): ModuleList(
    (0-1): 2 x RegimeAdaptiveMoEBlock(
      (layer_summary_proj): Linear(in_features=128, out_features=64, bias=False)
      (router): Sequential(
        (0): Linear(in_features=128, out_features=32, bias=True)
        (1): GELU(approximate='none')
        (2): Linear(in_features=32, out_features=2, bias=True)
      )
      (time_expert): ParallelAttention(
        (mha): MultiheadAttention(
          (out_proj): NonDynamicallyQuantizableLinear(in_features=64, out_features=64, bias=False)
        )
      )
      (factor_expert): ParallelAttention(
        (mha): MultiheadAttention(
          (out_proj): NonDynamicallyQuantizableLinear(in_features=64, out_features=64, bias=False)
        )
      )
      (norm1): LayerNorm((64,), eps=1e-05, elementwise_affine=True)
      (norm2): LayerNorm((64,), eps=1e-05, elementwise_affine=True)
      (ffn): Sequential(
        (0): Linear(in_features=64, out_features=128, bias=True)
        (1): GELU(approximate='none')
        (2): Dropout(p=0.1, inplace=False)
        (3): Linear(in_features=128, out_features=64, bias=True)
        (4): Dropout(p=0.1, inplace=False)
      )
    )
  )
  (final_norm): LayerNorm((64,), eps=1e-05, elementwise_affine=True)
  (factor_pooling): AdaptivePooling(
    (attention_pool): AttentionPooling(
      (mha): MultiheadAttention(
        (out_proj): NonDynamicallyQuantizableLinear(in_features=64, out_features=64, bias=False)
      )
      (norm): LayerNorm((64,), eps=1e-05, elementwise_affine=True)
    )
  )
  (head): Linear(in_features=64, out_features=1, bias=True)
)

--------------------------------------------------------------------------------
PARAMETER STATISTICS BY MODULE
--------------------------------------------------------------------------------
Module                    Params          Trainable       %Total    
-----------------------------------------------------------------
layers                    123,972         123,972         60.8      %
regime_encoder            21,568          21,568          10.6      %
feature_tokenizer         20,224          20,224          9.9       %
factor_pooling            16,576          16,576          8.1       %
factor_id_emb             10,112          10,112          5.0       %
factor_gate               8,448           8,448           4.1       %
time_embedding            2,754           2,754           1.4       %
final_norm                128             128             0.1       %
head                      65              65              0.0       %
-----------------------------------------------------------------
TOTAL                     203,847         203,847         100.0     %

--------------------------------------------------------------------------------
DETAILED LAYER BREAKDOWN
--------------------------------------------------------------------------------
Layer Name                                         Shape                     Params      
---------------------------------------------------------------------------------------
feature_tokenizer.weight                           [158, 64]                 10,112      
feature_tokenizer.bias                             [158, 64]                 10,112      
factor_id_emb.weight                               [158, 64]                 10,112      
time_embedding.pos                                 [8, 64]                   512         
time_embedding.tau_base                            []                        1           
time_embedding.tau_norm.weight                     [64]                      64          
time_embedding.tau_norm.bias                       [64]                      64          
time_embedding.tau_fc1.weight                      [32, 64]                  2,048       
time_embedding.tau_fc1.bias                        [32]                      32          
time_embedding.tau_fc2.weight                      [1, 32]                   32          
time_embedding.tau_fc2.bias                        [1]                       1           
factor_gate.regime_norm.weight                     [64]                      64          
factor_gate.regime_norm.bias                       [64]                      64          
factor_gate.factor_norm.weight                     [64]                      64          
factor_gate.factor_norm.bias                       [64]                      64          
factor_gate.proj_gamma.weight                      [64, 64]                  4,096       
factor_gate.proj_beta.weight                       [64, 64]                  4,096       
regime_encoder.encoder.0.weight                    [128, 102]                13,056      
regime_encoder.encoder.0.bias                      [128]                     128         
regime_encoder.encoder.3.weight                    [64, 128]                 8,192       
regime_encoder.encoder.3.bias                      [64]                      64          
regime_encoder.encoder.4.weight                    [64]                      64          
regime_encoder.encoder.4.bias                      [64]                      64          
layers.0.layer_summary_proj.weight                 [64, 128]                 8,192       
layers.0.router.0.weight                           [32, 128]                 4,096       
layers.0.router.0.bias                             [32]                      32          
layers.0.router.2.weight                           [2, 32]                   64          
layers.0.router.2.bias                             [2]                       2           
layers.0.time_expert.mha.in_proj_weight            [192, 64]                 12,288      
layers.0.time_expert.mha.out_proj.weight           [64, 64]                  4,096       
layers.0.factor_expert.mha.in_proj_weight          [192, 64]                 12,288      
layers.0.factor_expert.mha.out_proj.weight         [64, 64]                  4,096       
layers.0.norm1.weight                              [64]                      64          
layers.0.norm1.bias                                [64]                      64          
layers.0.norm2.weight                              [64]                      64          
layers.0.norm2.bias                                [64]                      64          
layers.0.ffn.0.weight                              [128, 64]                 8,192       
layers.0.ffn.0.bias                                [128]                     128         
layers.0.ffn.3.weight                              [64, 128]                 8,192       
layers.0.ffn.3.bias                                [64]                      64          
layers.1.layer_summary_proj.weight                 [64, 128]                 8,192       
layers.1.router.0.weight                           [32, 128]                 4,096       
layers.1.router.0.bias                             [32]                      32          
layers.1.router.2.weight                           [2, 32]                   64          
layers.1.router.2.bias                             [2]                       2           
layers.1.time_expert.mha.in_proj_weight            [192, 64]                 12,288      
layers.1.time_expert.mha.out_proj.weight           [64, 64]                  4,096       
layers.1.factor_expert.mha.in_proj_weight          [192, 64]                 12,288      
layers.1.factor_expert.mha.out_proj.weight         [64, 64]                  4,096       
layers.1.norm1.weight                              [64]                      64          
layers.1.norm1.bias                                [64]                      64          
layers.1.norm2.weight                              [64]                      64          
layers.1.norm2.bias                                [64]                      64          
layers.1.ffn.0.weight                              [128, 64]                 8,192       
layers.1.ffn.0.bias                                [128]                     128         
layers.1.ffn.3.weight                              [64, 128]                 8,192       
layers.1.ffn.3.bias                                [64]                      64          
final_norm.weight                                  [64]                      64          
final_norm.bias                                    [64]                      64          
factor_pooling.attention_pool.query                [1, 1, 64]                64          
factor_pooling.attention_pool.mha.in_proj_weight   [192, 64]                 12,288      
factor_pooling.attention_pool.mha.out_proj.weight  [64, 64]                  4,096       
factor_pooling.attention_pool.norm.weight          [64]                      64          
factor_pooling.attention_pool.norm.bias            [64]                      64          
head.weight                                        [1, 64]                   64          
head.bias                                          [1]                       1           
================================================================================

>>> [Sanity] loss=1.101208 grad_norm=6.009e+00 score_std=2.506e-02 label_std=1.046e+00 x_last_std=9.299e-01

================================================================================
COMPLETE MODEL CONFIGURATION (Resolved)
================================================================================

--- Architecture ---
Parameter                           Value                          Description              
------------------------------------------------------------------------------------------
d_model                             64                             Hidden dimension         
n_heads                             4                              Attention heads          
n_layers                            2                              Number of layers         
d_ff                                128                            FFN dimension            
num_alphas                          158                            Number of factors (N)    
context_len                         8                              Sequence length (T)      
dropout                             0.1                            Dropout rate             
initializer_range                   0.02                           Weight init std          

--- Value Embedding ---
Parameter                           Value                          Description              
------------------------------------------------------------------------------------------
value_embedding_type                feature_tokenizer              Value embedding type     
feature_tokenizer_bias              [+] ON                         FT bias                  
feature_tokenizer_add_factor_id     [-] OFF                        FT add factor ID         
feature_tokenizer_init_std          0.02                           FT init std              

--- Loss & Training ---
Parameter                           Value                          Description              
------------------------------------------------------------------------------------------
main_loss                           mse                            Primary loss function    
loss_weights                        {'listmle': 1.0, 'mse': 1.0, 'ic': 1.0} Loss weight dict         
listmle_tau                         0.8                            ListMLE temperature      
rank_topk                           5                              RankNet top-k            
huber_delta                         1                              Huber delta              
mse_normalize                       [-] OFF                        MSE normalize flag       

--- Regime-Adaptive Time Embedding ---
Parameter                           Value                          Description              
------------------------------------------------------------------------------------------
use_regime_time_embedding           [+] ON                         Enable time embedding    
time_tau_min                        0.5                            Min tau (short memory)   
time_tau_max                        50                             Max tau (long memory)    
time_tau_init                       5                              Initial tau              
time_emb_init_std                   0.02                           Time emb init std        
time_decay_normalize                [+] ON                         Normalize decay weights  

--- Regime-Adaptive Factor Gate ---
Parameter                           Value                          Description              
------------------------------------------------------------------------------------------
use_regime_factor_gate              [+] ON                         Enable factor gate (FiLM)
factor_gate_scale                   1                              Gate scale (gamma range) 
factor_gate_shift_scale             0.2                            Gate shift scale (beta)  

--- MoE Router ---
Parameter                           Value                          Description              
------------------------------------------------------------------------------------------
router_mode                         learned                        Router mode              
router_noise                        0.01                           Logit noise std          
router_temperature                  1                              Softmax temperature      
router_z_loss_coef                  0.01                           Z-loss coefficient       
router_use_layer_summary            [+] ON                         Use layer summary token  

--- Feature Selection ---
Parameter                           Value                          Description              
------------------------------------------------------------------------------------------
use_feature_selection               [-] OFF                        Enable feature selection 
selection_reg_lambda                1e-05                          Sparsity regularization  
selection_temperature               0.1                            Gumbel temperature       
selection_noise_std                 0.5                            Selection noise std      

--- Positional Encoding ---
Parameter                           Value                          Description              
------------------------------------------------------------------------------------------
use_alibi                           [-] OFF                        Use ALiBi bias           

--- Regime Context Encoder ---
Parameter                           Value                          Description              
------------------------------------------------------------------------------------------
use_external_macro                  [+] ON                         Use external macro features
d_macro_input                       102                            Macro input dimension    
regime_macro_dropout                0.1                            Macro dropout            
regime_internal_mode                long                           Internal mode (short/long)
regime_internal_lag                 5                              Internal lag steps       
regime_internal_use_batch_stats     [-] OFF                        Use batch statistics     
regime_internal_tail_threshold      2                              Tail threshold           

--- Pooling ---
Parameter                           Value                          Description              
------------------------------------------------------------------------------------------
pooling_alpha                       0.7                            Attention vs mean weight 

--- Trainer Configuration ---
Parameter                           Value                          Description              
------------------------------------------------------------------------------------------
lr                                  5e-05                          Learning rate            
epochs                              25                             Number of epochs         
batch_size                          300                            Batch size (stocks/day)  
grad_accum_steps                    1                              Accumulate K days/step   
early_stop                          0                              Early stop patience      
train_stop_key                      loss_main                      Train stop metric key    
train_stop_threshold                None                           Train stop threshold     
min_epochs                          25                             Min epochs before stop   
consecutive_k                       999999                         Consecutive epochs to stop
use_warmup                          [+] ON                         Enable LR warmup         
warmup_config                       3723/74475 steps               Warmup steps/ratio       
total_steps                         74475                          Total training steps     
random_seed                         44                             Random seed              
num_workers                         0                              DataLoader workers       
label_dim                           1                              Label dimension          
market_state_path                   market_state_csi300.pkl        Market state file        
market_state_shift                  0                              Market state shift       
market_state_strict                 [+] ON                         Strict market state      
================================================================================

>>> [Train] epochs=25, stop=train_threshold(off, min_epochs=25, k=999999)
>>> [Warn] non-finite gradients detected (tensors=5, values=43); optimizer step skipped and excluded from grad_norm metrics.
| Train 01 | time_embedding_norm:0.162092 | time_embedding_to_value_norm_ratio:1.303990 | time_tau:5.006313 | time_half_life:3.470112 | time_tau_std:0.007893 | time_tau_p10:4.996575 | time_tau_p90:5.016106 | time_tau_range_util:0.000395 | film_gamma_strength:0.002117 | film_beta_strength:0.000385 | factor_gate_mean:0.999966 | factor_gate_std:0.000360 | factor_gate_entropy:0.946839 | factor_gate_topk_mass_5:0.093636 | factor_gate_topk_mass_10:0.169588 | router_layer_0_time_ratio:0.501996 | router_layer_0_factor_ratio:0.498004 | router_layer_0_collapse_ratio:0.000000 | router_layer_0_entropy_norm:0.998692 | router_layer_0_logit_margin:0.054245 | expert_layer_0_time_expert_norm:4.152696 | expert_layer_0_factor_expert_norm:5.421819 | expert_layer_0_time_contrib_norm:2.084818 | expert_layer_0_factor_contrib_norm:2.700447 | expert_layer_0_contrib_norm_ratio:0.782881 | expert_layer_0_expert_cosine:-0.009697 | expert_layer_0_time_winner_ratio:0.075842 | router_layer_1_time_ratio:0.514111 | router_layer_1_factor_ratio:0.485889 | router_layer_1_collapse_ratio:0.000000 | router_layer_1_entropy_norm:0.998707 | router_layer_1_logit_margin:0.059218 | expert_layer_1_time_expert_norm:4.376175 | expert_layer_1_factor_expert_norm:5.386073 | expert_layer_1_time_contrib_norm:2.251705 | expert_layer_1_factor_contrib_norm:2.617063 | expert_layer_1_contrib_norm_ratio:0.870998 | expert_layer_1_expert_cosine:-0.026647 | expert_layer_1_time_winner_ratio:0.168764 | loss_total:1.389866 | loss_main:1.387418 | loss_listmle:4.712996 | loss_mse:1.387418 | loss_ic:-0.046024 | loss_aux:0.002448 | loss_sparsity:0.000000 | valid_ratio:1.000000 | score_std:0.034768 | label_std:1.164664 | score_label_std_ratio:0.030106 | ic_pearson_batch:0.046026 | ic_raw:0.046026 | rank_ic_batch:0.048174 | rank_ic:0.048174 | gate_entropy:0.692246 | time_ratio:0.508053 | grad_norm:10.855725 | grad_norm_other:4.317508 | grad_norm_time_embedding:4.618113 | grad_norm_factor_film:0.008822 | grad_norm_regime_encoder:0.070657 | grad_norm_router:0.208019 | grad_norm_time_expert:0.957059 | grad_norm_factor_expert:2.382271 | grad_norm_pooling_head:8.416803 | grad_nonfinite_tensors:3.333333 | grad_nonfinite_values:19.333333 | optimizer_steps:2976.000000 | grad_attempt_steps:2979.000000 | grad_skipped_steps:3.000000 | grad_nonfinite_steps:3.000000 | grad_skipped_rate:0.001007 | grad_nonfinite_rate:0.001007 | lr:0.000040 | sampler_epoch:0.000000 | sampler_num_days:2979.000000 | sampler_num_batches:2979.000000 | sampler_batch_size:300.000000 | sampler_total_source_samples:856246.000000 | sampler_total_draws:893700.000000 | sampler_unique_samples:566471.000000 | sampler_coverage_ratio:0.661575 | sampler_coverage_gap_vs_full:0.338425 | sampler_duplicate_draws:327229.000000 | sampler_duplicate_rate:0.366151 | sampler_downsample_days:0.000000 | sampler_upsample_days:2877.000000 | sampler_exact_days:102.000000 | sampler_downsample_day_ratio:0.000000 | sampler_upsample_day_ratio:0.965760
| Valid 01 | time_embedding_norm:0.160873 | time_embedding_to_value_norm_ratio:1.262314 | time_tau:4.991332 | time_half_life:3.459728 | time_tau_std:0.000000 | time_tau_p10:4.991332 | time_tau_p90:4.991332 | time_tau_range_util:0.000000 | film_gamma_strength:0.008644 | film_beta_strength:0.001549 | factor_gate_mean:0.999634 | factor_gate_std:0.001451 | factor_gate_entropy:0.952439 | factor_gate_topk_mass_5:0.088739 | factor_gate_topk_mass_10:0.163500 | router_layer_0_time_ratio:0.519274 | router_layer_0_factor_ratio:0.480726 | router_layer_0_collapse_ratio:0.000000 | router_layer_0_entropy_norm:0.993749 | router_layer_0_logit_margin:0.166073 | expert_layer_0_time_expert_norm:4.221777 | expert_layer_0_factor_expert_norm:5.725953 | expert_layer_0_time_contrib_norm:2.192117 | expert_layer_0_factor_contrib_norm:2.752383 | expert_layer_0_contrib_norm_ratio:0.814827 | expert_layer_0_expert_cosine:-0.022576 | expert_layer_0_time_winner_ratio:0.143180 | router_layer_1_time_ratio:0.543724 | router_layer_1_factor_ratio:0.456276 | router_layer_1_collapse_ratio:0.000000 | router_layer_1_entropy_norm:0.993867 | router_layer_1_logit_margin:0.175484 | expert_layer_1_time_expert_norm:4.919937 | expert_layer_1_factor_expert_norm:5.879224 | expert_layer_1_time_contrib_norm:2.675601 | expert_layer_1_factor_contrib_norm:2.683265 | expert_layer_1_contrib_norm_ratio:1.007494 | expert_layer_1_expert_cosine:0.013336 | expert_layer_1_time_winner_ratio:0.465570 | loss_total:0.046472 | loss_main:0.046439 | loss_listmle:4.712289 | loss_mse:0.046439 | loss_ic:-0.030014 | loss_aux:0.000033 | loss_sparsity:0.000000 | valid_ratio:1.000000 | score_std:0.057501 | label_std:0.045755 | score_label_std_ratio:1.299094 | gate_entropy:0.688855 | time_ratio:0.531499 | ic_pearson_daily:0.030028 | rank_ic_daily:0.031040 | ic_raw:0.030028 | rank_ic:0.031040
| Train 02 | time_embedding_norm:0.157182 | time_embedding_to_value_norm_ratio:1.193139 | time_tau:5.014436 | time_half_life:3.475742 | time_tau_std:0.010417 | time_tau_p10:5.001534 | time_tau_p90:5.027386 | time_tau_range_util:0.000522 | film_gamma_strength:0.021877 | film_beta_strength:0.002151 | factor_gate_mean:0.999867 | factor_gate_std:0.004117 | factor_gate_entropy:0.948858 | factor_gate_topk_mass_5:0.090744 | factor_gate_topk_mass_10:0.165444 | router_layer_0_time_ratio:0.525778 | router_layer_0_factor_ratio:0.474222 | router_layer_0_collapse_ratio:0.000000 | router_layer_0_entropy_norm:0.986714 | router_layer_0_logit_margin:0.236149 | expert_layer_0_time_expert_norm:4.700535 | expert_layer_0_factor_expert_norm:5.375013 | expert_layer_0_time_contrib_norm:2.479250 | expert_layer_0_factor_contrib_norm:2.549399 | expert_layer_0_contrib_norm_ratio:1.022295 | expert_layer_0_expert_cosine:-0.021502 | expert_layer_0_time_winner_ratio:0.436624 | router_layer_1_time_ratio:0.577275 | router_layer_1_factor_ratio:0.422725 | router_layer_1_collapse_ratio:0.000000 | router_layer_1_entropy_norm:0.980235 | router_layer_1_logit_margin:0.312695 | expert_layer_1_time_expert_norm:6.378540 | expert_layer_1_factor_expert_norm:5.209458 | expert_layer_1_time_contrib_norm:3.709846 | expert_layer_1_factor_contrib_norm:2.207949 | expert_layer_1_contrib_norm_ratio:1.758581 | expert_layer_1_expert_cosine:0.022924 | expert_layer_1_time_winner_ratio:0.907537 | loss_total:1.387501 | loss_main:1.387489 | loss_listmle:4.710899 | loss_mse:1.387489 | loss_ic:-0.083753 | loss_aux:0.000012 | loss_sparsity:0.000000 | valid_ratio:1.000000 | score_std:0.069854 | label_std:1.166669 | score_label_std_ratio:0.060356 | ic_pearson_batch:0.083755 | ic_raw:0.083755 | rank_ic_batch:0.086269 | rank_ic:0.086269 | gate_entropy:0.681692 | time_ratio:0.551526 | grad_norm:6.899832 | grad_norm_other:2.347254 | grad_norm_time_embedding:3.730904 | grad_norm_factor_film:0.021750 | grad_norm_regime_encoder:0.186164 | grad_norm_router:0.475049 | grad_norm_time_expert:0.696994 | grad_norm_factor_expert:1.323915 | grad_norm_pooling_head:5.000487 | grad_nonfinite_tensors:1.000000 | grad_nonfinite_values:1.000000 | optimizer_steps:2978.000000 | grad_attempt_steps:2979.000000 | grad_skipped_steps:1.000000 | grad_nonfinite_steps:1.000000 | grad_skipped_rate:0.000336 | grad_nonfinite_rate:0.000336 | lr:0.000050 | sampler_epoch:1.000000 | sampler_num_days:2979.000000 | sampler_num_batches:2979.000000 | sampler_batch_size:300.000000 | sampler_total_source_samples:856246.000000 | sampler_total_draws:893700.000000 | sampler_unique_samples:566572.000000 | sampler_coverage_ratio:0.661693 | sampler_coverage_gap_vs_full:0.338307 | sampler_duplicate_draws:327128.000000 | sampler_duplicate_rate:0.366038 | sampler_downsample_days:0.000000 | sampler_upsample_days:2877.000000 | sampler_exact_days:102.000000 | sampler_downsample_day_ratio:0.000000 | sampler_upsample_day_ratio:0.965760
| Valid 02 | time_embedding_norm:0.152342 | time_embedding_to_value_norm_ratio:1.099530 | time_tau:4.994479 | time_half_life:3.461909 | time_tau_std:0.000000 | time_tau_p10:4.994479 | time_tau_p90:4.994479 | time_tau_range_util:0.000000 | film_gamma_strength:0.037839 | film_beta_strength:0.002869 | factor_gate_mean:1.000132 | factor_gate_std:0.007862 | factor_gate_entropy:0.950725 | factor_gate_topk_mass_5:0.093597 | factor_gate_topk_mass_10:0.167176 | router_layer_0_time_ratio:0.576033 | router_layer_0_factor_ratio:0.423967 | router_layer_0_collapse_ratio:0.000000 | router_layer_0_entropy_norm:0.970477 | router_layer_0_logit_margin:0.366713 | expert_layer_0_time_expert_norm:6.088452 | expert_layer_0_factor_expert_norm:5.439112 | expert_layer_0_time_contrib_norm:3.515735 | expert_layer_0_factor_contrib_norm:2.303918 | expert_layer_0_contrib_norm_ratio:1.598696 | expert_layer_0_expert_cosine:-0.018944 | expert_layer_0_time_winner_ratio:0.870560 | router_layer_1_time_ratio:0.624444 | router_layer_1_factor_ratio:0.375556 | router_layer_1_collapse_ratio:0.000000 | router_layer_1_entropy_norm:0.953215 | router_layer_1_logit_margin:0.509569 | expert_layer_1_time_expert_norm:10.821527 | expert_layer_1_factor_expert_norm:4.856155 | expert_layer_1_time_contrib_norm:6.773716 | expert_layer_1_factor_contrib_norm:1.829638 | expert_layer_1_contrib_norm_ratio:3.811333 | expert_layer_1_expert_cosine:0.018522 | expert_layer_1_time_winner_ratio:1.000000 | loss_total:0.086713 | loss_main:0.086687 | loss_listmle:4.731865 | loss_mse:0.086687 | loss_ic:-0.042903 | loss_aux:0.000025 | loss_sparsity:0.000000 | valid_ratio:1.000000 | score_std:0.168962 | label_std:0.045755 | score_label_std_ratio:3.836931 | gate_entropy:0.666701 | time_ratio:0.600238 | ic_pearson_daily:0.042909 | rank_ic_daily:0.040921 | ic_raw:0.042909 | rank_ic:0.040921
| Train 03 | time_embedding_norm:0.150620 | time_embedding_to_value_norm_ratio:1.057172 | time_tau:5.061002 | time_half_life:3.508019 | time_tau_std:0.016314 | time_tau_p10:5.040658 | time_tau_p90:5.081337 | time_tau_range_util:0.000822 | film_gamma_strength:0.042066 | film_beta_strength:0.003738 | factor_gate_mean:0.999826 | factor_gate_std:0.009141 | factor_gate_entropy:0.947984 | factor_gate_topk_mass_5:0.093728 | factor_gate_topk_mass_10:0.170653 | router_layer_0_time_ratio:0.553397 | router_layer_0_factor_ratio:0.446603 | router_layer_0_collapse_ratio:0.000000 | router_layer_0_entropy_norm:0.974495 | router_layer_0_logit_margin:0.328623 | expert_layer_0_time_expert_norm:6.761370 | expert_layer_0_factor_expert_norm:5.221380 | expert_layer_0_time_contrib_norm:3.757082 | expert_layer_0_factor_contrib_norm:2.330809 | expert_layer_0_contrib_norm_ratio:1.722802 | expert_layer_0_expert_cosine:-0.021599 | expert_layer_0_time_winner_ratio:0.877350 | router_layer_1_time_ratio:0.630294 | router_layer_1_factor_ratio:0.369706 | router_layer_1_collapse_ratio:0.000000 | router_layer_1_entropy_norm:0.945377 | router_layer_1_logit_margin:0.537398 | expert_layer_1_time_expert_norm:12.592291 | expert_layer_1_factor_expert_norm:4.451664 | expert_layer_1_time_contrib_norm:8.006662 | expert_layer_1_factor_contrib_norm:1.660925 | expert_layer_1_contrib_norm_ratio:5.273790 | expert_layer_1_expert_cosine:0.007623 | expert_layer_1_time_winner_ratio:1.000000 | loss_total:1.378122 | loss_main:1.378108 | loss_listmle:4.708382 | loss_mse:1.378108 | loss_ic:-0.100335 | loss_aux:0.000014 | loss_sparsity:0.000000 | valid_ratio:1.000000 | score_std:0.100979 | label_std:1.165067 | score_label_std_ratio:0.087413 | ic_pearson_batch:0.100337 | ic_raw:0.100337 | rank_ic_batch:0.103445 | rank_ic:0.103445 | gate_entropy:0.665377 | time_ratio:0.591845 | grad_norm:5.342178 | grad_norm_other:1.731640 | grad_norm_time_embedding:3.562251 | grad_norm_factor_film:0.034683 | grad_norm_regime_encoder:0.261615 | grad_norm_router:0.500084 | grad_norm_time_expert:0.670566 | grad_norm_factor_expert:0.890442 | grad_norm_pooling_head:3.283270 | grad_nonfinite_tensors:1.000000 | grad_nonfinite_values:5.000000 | optimizer_steps:2978.000000 | grad_attempt_steps:2979.000000 | grad_skipped_steps:1.000000 | grad_nonfinite_steps:1.000000 | grad_skipped_rate:0.000336 | grad_nonfinite_rate:0.000336 | lr:0.000049 | sampler_epoch:2.000000 | sampler_num_days:2979.000000 | sampler_num_batches:2979.000000 | sampler_batch_size:300.000000 | sampler_total_source_samples:856246.000000 | sampler_total_draws:893700.000000 | sampler_unique_samples:566781.000000 | sampler_coverage_ratio:0.661937 | sampler_coverage_gap_vs_full:0.338063 | sampler_duplicate_draws:326919.000000 | sampler_duplicate_rate:0.365804 | sampler_downsample_days:0.000000 | sampler_upsample_days:2877.000000 | sampler_exact_days:102.000000 | sampler_downsample_day_ratio:0.000000 | sampler_upsample_day_ratio:0.965760
| Valid 03 | time_embedding_norm:0.147971 | time_embedding_to_value_norm_ratio:1.005858 | time_tau:5.087808 | time_half_life:3.526600 | time_tau_std:0.000000 | time_tau_p10:5.087808 | time_tau_p90:5.087808 | time_tau_range_util:0.000000 | film_gamma_strength:0.040383 | film_beta_strength:0.004478 | factor_gate_mean:0.999682 | factor_gate_std:0.008819 | factor_gate_entropy:0.946884 | factor_gate_topk_mass_5:0.093526 | factor_gate_topk_mass_10:0.170416 | router_layer_0_time_ratio:0.637789 | router_layer_0_factor_ratio:0.362211 | router_layer_0_collapse_ratio:0.000000 | router_layer_0_entropy_norm:0.935025 | router_layer_0_logit_margin:0.583772 | expert_layer_0_time_expert_norm:8.433216 | expert_layer_0_factor_expert_norm:5.241450 | expert_layer_0_time_contrib_norm:5.384133 | expert_layer_0_factor_contrib_norm:1.896287 | expert_layer_0_contrib_norm_ratio:2.947338 | expert_layer_0_expert_cosine:-0.020057 | expert_layer_0_time_winner_ratio:0.999809 | router_layer_1_time_ratio:0.720737 | router_layer_1_factor_ratio:0.279263 | router_layer_1_collapse_ratio:0.000000 | router_layer_1_entropy_norm:0.852237 | router_layer_1_logit_margin:0.951070 | expert_layer_1_time_expert_norm:21.007217 | expert_layer_1_factor_expert_norm:3.670208 | expert_layer_1_time_contrib_norm:15.160016 | expert_layer_1_factor_contrib_norm:1.030346 | expert_layer_1_contrib_norm_ratio:15.185628 | expert_layer_1_expert_cosine:-0.011354 | expert_layer_1_time_winner_ratio:1.000000 | loss_total:0.019979 | loss_main:0.019965 | loss_listmle:4.713689 | loss_mse:0.019965 | loss_ic:-0.048610 | loss_aux:0.000014 | loss_sparsity:0.000000 | valid_ratio:1.000000 | score_std:0.092203 | label_std:0.045755 | score_label_std_ratio:2.092901 | gate_entropy:0.619418 | time_ratio:0.679263 | ic_pearson_daily:0.048623 | rank_ic_daily:0.052562 | ic_raw:0.048623 | rank_ic:0.052562
| Train 04 | time_embedding_norm:0.146210 | time_embedding_to_value_norm_ratio:0.978257 | time_tau:5.120481 | time_half_life:3.549247 | time_tau_std:0.023808 | time_tau_p10:5.090862 | time_tau_p90:5.150228 | time_tau_range_util:0.001199 | film_gamma_strength:0.050536 | film_beta_strength:0.004988 | factor_gate_mean:0.999675 | factor_gate_std:0.011330 | factor_gate_entropy:0.948071 | factor_gate_topk_mass_5:0.093934 | factor_gate_topk_mass_10:0.168890 | router_layer_0_time_ratio:0.578643 | router_layer_0_factor_ratio:0.421357 | router_layer_0_collapse_ratio:0.000000 | router_layer_0_entropy_norm:0.964907 | router_layer_0_logit_margin:0.391905 | expert_layer_0_time_expert_norm:8.529469 | expert_layer_0_factor_expert_norm:4.997600 | expert_layer_0_time_contrib_norm:4.946423 | expert_layer_0_factor_contrib_norm:2.104387 | expert_layer_0_contrib_norm_ratio:2.505928 | expert_layer_0_expert_cosine:-0.020188 | expert_layer_0_time_winner_ratio:0.997612 | router_layer_1_time_ratio:0.675200 | router_layer_1_factor_ratio:0.324800 | router_layer_1_collapse_ratio:0.000000 | router_layer_1_entropy_norm:0.901261 | router_layer_1_logit_margin:0.740126 | expert_layer_1_time_expert_norm:18.265272 | expert_layer_1_factor_expert_norm:4.327135 | expert_layer_1_time_contrib_norm:12.385099 | expert_layer_1_factor_contrib_norm:1.422573 | expert_layer_1_contrib_norm_ratio:9.600651 | expert_layer_1_expert_cosine:-0.018954 | expert_layer_1_time_winner_ratio:1.000000 | loss_total:1.376560 | loss_main:1.376540 | loss_listmle:4.707186 | loss_mse:1.376540 | loss_ic:-0.112048 | loss_aux:0.000020 | loss_sparsity:0.000000 | valid_ratio:1.000000 | score_std:0.112488 | label_std:1.166656 | score_label_std_ratio:0.097333 | ic_pearson_batch:0.112049 | ic_raw:0.112049 | rank_ic_batch:0.113128 | rank_ic:0.113128 | gate_entropy:0.646765 | time_ratio:0.626922 | grad_norm:4.588118 | grad_norm_other:1.520318 | grad_norm_time_embedding:3.242649 | grad_norm_factor_film:0.041084 | grad_norm_regime_encoder:0.292639 | grad_norm_router:0.441595 | grad_norm_time_expert:0.629802 | grad_norm_factor_expert:0.653045 | grad_norm_pooling_head:2.573813 | grad_nonfinite_tensors:1.000000 | grad_nonfinite_values:5.000000 | optimizer_steps:2978.000000 | grad_attempt_steps:2979.000000 | grad_skipped_steps:1.000000 | grad_nonfinite_steps:1.000000 | grad_skipped_rate:0.000336 | grad_nonfinite_rate:0.000336 | lr:0.000048 | sampler_epoch:3.000000 | sampler_num_days:2979.000000 | sampler_num_batches:2979.000000 | sampler_batch_size:300.000000 | sampler_total_source_samples:856246.000000 | sampler_total_draws:893700.000000 | sampler_unique_samples:566623.000000 | sampler_coverage_ratio:0.661753 | sampler_coverage_gap_vs_full:0.338247 | sampler_duplicate_draws:327077.000000 | sampler_duplicate_rate:0.365981 | sampler_downsample_days:0.000000 | sampler_upsample_days:2877.000000 | sampler_exact_days:102.000000 | sampler_downsample_day_ratio:0.000000 | sampler_upsample_day_ratio:0.965760
| Valid 04 | time_embedding_norm:0.144334 | time_embedding_to_value_norm_ratio:0.943050 | time_tau:5.187620 | time_half_life:3.595784 | time_tau_std:0.000000 | time_tau_p10:5.187620 | time_tau_p90:5.187620 | time_tau_range_util:0.000000 | film_gamma_strength:0.047898 | film_beta_strength:0.005466 | factor_gate_mean:0.999274 | factor_gate_std:0.010526 | factor_gate_entropy:0.951417 | factor_gate_topk_mass_5:0.089139 | factor_gate_topk_mass_10:0.161344 | router_layer_0_time_ratio:0.619738 | router_layer_0_factor_ratio:0.380262 | router_layer_0_collapse_ratio:0.000000 | router_layer_0_entropy_norm:0.948929 | router_layer_0_logit_margin:0.508122 | expert_layer_0_time_expert_norm:9.675769 | expert_layer_0_factor_expert_norm:5.191250 | expert_layer_0_time_contrib_norm:6.002328 | expert_layer_0_factor_contrib_norm:1.972073 | expert_layer_0_contrib_norm_ratio:3.156743 | expert_layer_0_expert_cosine:-0.017838 | expert_layer_0_time_winner_ratio:1.000000 | router_layer_1_time_ratio:0.698791 | router_layer_1_factor_ratio:0.301209 | router_layer_1_collapse_ratio:0.000000 | router_layer_1_entropy_norm:0.878646 | router_layer_1_logit_margin:0.846077 | expert_layer_1_time_expert_norm:21.528343 | expert_layer_1_factor_expert_norm:4.859989 | expert_layer_1_time_contrib_norm:15.068947 | expert_layer_1_factor_contrib_norm:1.475618 | expert_layer_1_contrib_norm_ratio:10.811314 | expert_layer_1_expert_cosine:-0.023549 | expert_layer_1_time_winner_ratio:1.000000 | loss_total:0.036274 | loss_main:0.036253 | loss_listmle:4.723498 | loss_mse:0.036253 | loss_ic:-0.049546 | loss_aux:0.000021 | loss_sparsity:0.000000 | valid_ratio:1.000000 | score_std:0.166218 | label_std:0.045755 | score_label_std_ratio:3.759950 | gate_entropy:0.633389 | time_ratio:0.659264 | ic_pearson_daily:0.049553 | rank_ic_daily:0.051871 | ic_raw:0.049553 | rank_ic:0.051871
| Train 05 | time_embedding_norm:0.142746 | time_embedding_to_value_norm_ratio:0.921790 | time_tau:5.163623 | time_half_life:3.579151 | time_tau_std:0.032253 | time_tau_p10:5.123487 | time_tau_p90:5.203962 | time_tau_range_util:0.001626 | film_gamma_strength:0.059438 | film_beta_strength:0.005969 | factor_gate_mean:0.999559 | factor_gate_std:0.013623 | factor_gate_entropy:0.949619 | factor_gate_topk_mass_5:0.089861 | factor_gate_topk_mass_10:0.162518 | router_layer_0_time_ratio:0.570858 | router_layer_0_factor_ratio:0.429142 | router_layer_0_collapse_ratio:0.000000 | router_layer_0_entropy_norm:0.971492 | router_layer_0_logit_margin:0.350239 | expert_layer_0_time_expert_norm:9.687890 | expert_layer_0_factor_expert_norm:4.967817 | expert_layer_0_time_contrib_norm:5.540450 | expert_layer_0_factor_contrib_norm:2.130942 | expert_layer_0_contrib_norm_ratio:2.743286 | expert_layer_0_expert_cosine:-0.014092 | expert_layer_0_time_winner_ratio:1.000000 | router_layer_1_time_ratio:0.701375 | router_layer_1_factor_ratio:0.298625 | router_layer_1_collapse_ratio:0.000000 | router_layer_1_entropy_norm:0.866019 | router_layer_1_logit_margin:0.871347 | expert_layer_1_time_expert_norm:20.641987 | expert_layer_1_factor_expert_norm:6.258098 | expert_layer_1_time_contrib_norm:14.533555 | expert_layer_1_factor_contrib_norm:1.893196 | expert_layer_1_contrib_norm_ratio:8.812610 | expert_layer_1_expert_cosine:-0.021652 | expert_layer_1_time_winner_ratio:1.000000 | loss_total:1.372958 | loss_main:1.372925 | loss_listmle:4.706215 | loss_mse:1.372925 | loss_ic:-0.121163 | loss_aux:0.000034 | loss_sparsity:0.000000 | valid_ratio:1.000000 | score_std:0.126559 | label_std:1.167125 | score_label_std_ratio:0.109484 | ic_pearson_batch:0.121164 | ic_raw:0.121164 | rank_ic_batch:0.122627 | rank_ic:0.122627 | gate_entropy:0.636833 | time_ratio:0.636117 | grad_norm:4.077632 | grad_norm_other:1.412455 | grad_norm_time_embedding:2.882524 | grad_norm_factor_film:0.045451 | grad_norm_regime_encoder:0.304255 | grad_norm_router:0.418695 | grad_norm_time_expert:0.579783 | grad_norm_factor_expert:0.556640 | grad_norm_pooling_head:2.213270 | grad_nonfinite_tensors:1.000000 | grad_nonfinite_values:5.000000 | optimizer_steps:2978.000000 | grad_attempt_steps:2979.000000 | grad_skipped_steps:1.000000 | grad_nonfinite_steps:1.000000 | grad_skipped_rate:0.000336 | grad_nonfinite_rate:0.000336 | lr:0.000047 | sampler_epoch:4.000000 | sampler_num_days:2979.000000 | sampler_num_batches:2979.000000 | sampler_batch_size:300.000000 | sampler_total_source_samples:856246.000000 | sampler_total_draws:893700.000000 | sampler_unique_samples:566467.000000 | sampler_coverage_ratio:0.661570 | sampler_coverage_gap_vs_full:0.338430 | sampler_duplicate_draws:327233.000000 | sampler_duplicate_rate:0.366155 | sampler_downsample_days:0.000000 | sampler_upsample_days:2877.000000 | sampler_exact_days:102.000000 | sampler_downsample_day_ratio:0.000000 | sampler_upsample_day_ratio:0.965760
| Valid 05 | time_embedding_norm:0.141499 | time_embedding_to_value_norm_ratio:0.896439 | time_tau:5.225586 | time_half_life:3.622100 | time_tau_std:0.000000 | time_tau_p10:5.225586 | time_tau_p90:5.225586 | time_tau_range_util:0.000000 | film_gamma_strength:0.058244 | film_beta_strength:0.005994 | factor_gate_mean:0.998998 | factor_gate_std:0.013434 | factor_gate_entropy:0.947892 | factor_gate_topk_mass_5:0.087976 | factor_gate_topk_mass_10:0.161470 | router_layer_0_time_ratio:0.614311 | router_layer_0_factor_ratio:0.385689 | router_layer_0_collapse_ratio:0.000000 | router_layer_0_entropy_norm:0.953671 | router_layer_0_logit_margin:0.483850 | expert_layer_0_time_expert_norm:10.637340 | expert_layer_0_factor_expert_norm:5.120864 | expert_layer_0_time_contrib_norm:6.539466 | expert_layer_0_factor_contrib_norm:1.973267 | expert_layer_0_contrib_norm_ratio:3.423806 | expert_layer_0_expert_cosine:-0.010658 | expert_layer_0_time_winner_ratio:1.000000 | router_layer_1_time_ratio:0.726339 | router_layer_1_factor_ratio:0.273661 | router_layer_1_collapse_ratio:0.000000 | router_layer_1_entropy_norm:0.840226 | router_layer_1_logit_margin:0.984674 | expert_layer_1_time_expert_norm:23.340792 | expert_layer_1_factor_expert_norm:6.909302 | expert_layer_1_time_contrib_norm:16.977202 | expert_layer_1_factor_contrib_norm:1.914171 | expert_layer_1_contrib_norm_ratio:9.563554 | expert_layer_1_expert_cosine:-0.013340 | expert_layer_1_time_winner_ratio:1.000000 | loss_total:0.023455 | loss_main:0.023414 | loss_listmle:4.715810 | loss_mse:0.023414 | loss_ic:-0.054518 | loss_aux:0.000040 | loss_sparsity:0.000000 | valid_ratio:1.000000 | score_std:0.137188 | label_std:0.045755 | score_label_std_ratio:3.107599 | gate_entropy:0.621717 | time_ratio:0.670325 | ic_pearson_daily:0.054527 | rank_ic_daily:0.060972 | ic_raw:0.054527 | rank_ic:0.060972
| Train 06 | time_embedding_norm:0.140352 | time_embedding_to_value_norm_ratio:0.882143 | time_tau:5.190544 | time_half_life:3.597811 | time_tau_std:0.044268 | time_tau_p10:5.135358 | time_tau_p90:5.245801 | time_tau_range_util:0.002231 | film_gamma_strength:0.061621 | film_beta_strength:0.006655 | factor_gate_mean:0.999341 | factor_gate_std:0.014576 | factor_gate_entropy:0.947118 | factor_gate_topk_mass_5:0.088558 | factor_gate_topk_mass_10:0.163123 | router_layer_0_time_ratio:0.557086 | router_layer_0_factor_ratio:0.442914 | router_layer_0_collapse_ratio:0.000000 | router_layer_0_entropy_norm:0.976095 | router_layer_0_logit_margin:0.318361 | expert_layer_0_time_expert_norm:10.378774 | expert_layer_0_factor_expert_norm:4.960114 | expert_layer_0_time_contrib_norm:5.790988 | expert_layer_0_factor_contrib_norm:2.197087 | expert_layer_0_contrib_norm_ratio:2.785077 | expert_layer_0_expert_cosine:-0.009965 | expert_layer_0_time_winner_ratio:0.999999 | router_layer_1_time_ratio:0.719783 | router_layer_1_factor_ratio:0.280217 | router_layer_1_collapse_ratio:0.000000 | router_layer_1_entropy_norm:0.840570 | router_layer_1_logit_margin:0.966365 | expert_layer_1_time_expert_norm:21.753398 | expert_layer_1_factor_expert_norm:9.720062 | expert_layer_1_time_contrib_norm:15.694598 | expert_layer_1_factor_contrib_norm:2.756554 | expert_layer_1_contrib_norm_ratio:6.564581 | expert_layer_1_expert_cosine:0.003107 | expert_layer_1_time_winner_ratio:0.999382 | loss_total:1.366350 | loss_main:1.366284 | loss_listmle:4.706226 | loss_mse:1.366284 | loss_ic:-0.125716 | loss_aux:0.000066 | loss_sparsity:0.000000 | valid_ratio:1.000000 | score_std:0.136706 | label_std:1.165639 | score_label_std_ratio:0.118357 | ic_pearson_batch:0.125718 | ic_raw:0.125718 | rank_ic_batch:0.125871 | rank_ic:0.125871 | gate_entropy:0.629608 | time_ratio:0.638435 | grad_norm:3.515540 | grad_norm_other:1.347550 | grad_norm_time_embedding:2.297087 | grad_norm_factor_film:0.048810 | grad_norm_regime_encoder:0.333059 | grad_norm_router:0.482615 | grad_norm_time_expert:0.529221 | grad_norm_factor_expert:0.474235 | grad_norm_pooling_head:1.956273 | grad_nonfinite_tensors:1.000000 | grad_nonfinite_values:5.000000 | optimizer_steps:2978.000000 | grad_attempt_steps:2979.000000 | grad_skipped_steps:1.000000 | grad_nonfinite_steps:1.000000 | grad_skipped_rate:0.000336 | grad_nonfinite_rate:0.000336 | lr:0.000045 | sampler_epoch:5.000000 | sampler_num_days:2979.000000 | sampler_num_batches:2979.000000 | sampler_batch_size:300.000000 | sampler_total_source_samples:856246.000000 | sampler_total_draws:893700.000000 | sampler_unique_samples:566345.000000 | sampler_coverage_ratio:0.661428 | sampler_coverage_gap_vs_full:0.338572 | sampler_duplicate_draws:327355.000000 | sampler_duplicate_rate:0.366292 | sampler_downsample_days:0.000000 | sampler_upsample_days:2877.000000 | sampler_exact_days:102.000000 | sampler_downsample_day_ratio:0.000000 | sampler_upsample_day_ratio:0.965760
| Valid 06 | time_embedding_norm:0.138899 | time_embedding_to_value_norm_ratio:0.859000 | time_tau:5.143962 | time_half_life:3.565523 | time_tau_std:0.000000 | time_tau_p10:5.143962 | time_tau_p90:5.143962 | time_tau_range_util:0.000000 | film_gamma_strength:0.058763 | film_beta_strength:0.006752 | factor_gate_mean:0.997907 | factor_gate_std:0.014063 | factor_gate_entropy:0.948784 | factor_gate_topk_mass_5:0.090276 | factor_gate_topk_mass_10:0.164341 | router_layer_0_time_ratio:0.614023 | router_layer_0_factor_ratio:0.385977 | router_layer_0_collapse_ratio:0.000000 | router_layer_0_entropy_norm:0.948508 | router_layer_0_logit_margin:0.511394 | expert_layer_0_time_expert_norm:11.472314 | expert_layer_0_factor_expert_norm:5.335173 | expert_layer_0_time_contrib_norm:7.050720 | expert_layer_0_factor_contrib_norm:2.058056 | expert_layer_0_contrib_norm_ratio:3.595379 | expert_layer_0_expert_cosine:-0.005017 | expert_layer_0_time_winner_ratio:0.999989 | router_layer_1_time_ratio:0.700534 | router_layer_1_factor_ratio:0.299466 | router_layer_1_collapse_ratio:0.000000 | router_layer_1_entropy_norm:0.874765 | router_layer_1_logit_margin:0.857216 | expert_layer_1_time_expert_norm:23.569023 | expert_layer_1_factor_expert_norm:11.291905 | expert_layer_1_time_contrib_norm:16.529919 | expert_layer_1_factor_contrib_norm:3.403422 | expert_layer_1_contrib_norm_ratio:5.267790 | expert_layer_1_expert_cosine:0.042816 | expert_layer_1_time_winner_ratio:0.999934 | loss_total:0.041389 | loss_main:0.041257 | loss_listmle:4.723787 | loss_mse:0.041257 | loss_ic:-0.054814 | loss_aux:0.000133 | loss_sparsity:0.000000 | valid_ratio:1.000000 | score_std:0.186978 | label_std:0.045755 | score_label_std_ratio:4.219092 | gate_entropy:0.631898 | time_ratio:0.657278 | ic_pearson_daily:0.054821 | rank_ic_daily:0.059739 | ic_raw:0.054821 | rank_ic:0.059739
| Train 07 | time_embedding_norm:0.137968 | time_embedding_to_value_norm_ratio:0.847486 | time_tau:5.191489 | time_half_life:3.598466 | time_tau_std:0.046850 | time_tau_p10:5.133065 | time_tau_p90:5.249809 | time_tau_range_util:0.002358 | film_gamma_strength:0.066251 | film_beta_strength:0.007490 | factor_gate_mean:0.999332 | factor_gate_std:0.015978 | factor_gate_entropy:0.948105 | factor_gate_topk_mass_5:0.089785 | factor_gate_topk_mass_10:0.164576 | router_layer_0_time_ratio:0.551318 | router_layer_0_factor_ratio:0.448682 | router_layer_0_collapse_ratio:0.000000 | router_layer_0_entropy_norm:0.966784 | router_layer_0_logit_margin:0.382986 | expert_layer_0_time_expert_norm:11.294951 | expert_layer_0_factor_expert_norm:4.946764 | expert_layer_0_time_contrib_norm:6.242524 | expert_layer_0_factor_contrib_norm:2.220416 | expert_layer_0_contrib_norm_ratio:3.072625 | expert_layer_0_expert_cosine:-0.005699 | expert_layer_0_time_winner_ratio:0.999659 | router_layer_1_time_ratio:0.734924 | router_layer_1_factor_ratio:0.265076 | router_layer_1_collapse_ratio:0.000535 | router_layer_1_entropy_norm:0.816584 | router_layer_1_logit_margin:1.050364 | expert_layer_1_time_expert_norm:23.859398 | expert_layer_1_factor_expert_norm:13.218557 | expert_layer_1_time_contrib_norm:17.562468 | expert_layer_1_factor_contrib_norm:3.530599 | expert_layer_1_contrib_norm_ratio:5.769361 | expert_layer_1_expert_cosine:0.041038 | expert_layer_1_time_winner_ratio:0.998386 | loss_total:1.366087 | loss_main:1.366003 | loss_listmle:4.705099 | loss_mse:1.366003 | loss_ic:-0.129002 | loss_aux:0.000084 | loss_sparsity:0.000000 | valid_ratio:1.000000 | score_std:0.142992 | label_std:1.166157 | score_label_std_ratio:0.123842 | ic_pearson_batch:0.129003 | ic_raw:0.129003 | rank_ic_batch:0.129253 | rank_ic:0.129253 | gate_entropy:0.618068 | time_ratio:0.643121 | grad_norm:3.297459 | grad_norm_other:1.338482 | grad_norm_time_embedding:2.006444 | grad_norm_factor_film:0.051104 | grad_norm_regime_encoder:0.341157 | grad_norm_router:0.564180 | grad_norm_time_expert:0.491990 | grad_norm_factor_expert:0.452060 | grad_norm_pooling_head:1.879494 | grad_nonfinite_tensors:1.000000 | grad_nonfinite_values:5.000000 | optimizer_steps:2978.000000 | grad_attempt_steps:2979.000000 | grad_skipped_steps:1.000000 | grad_nonfinite_steps:1.000000 | grad_skipped_rate:0.000336 | grad_nonfinite_rate:0.000336 | lr:0.000043 | sampler_epoch:6.000000 | sampler_num_days:2979.000000 | sampler_num_batches:2979.000000 | sampler_batch_size:300.000000 | sampler_total_source_samples:856246.000000 | sampler_total_draws:893700.000000 | sampler_unique_samples:566325.000000 | sampler_coverage_ratio:0.661405 | sampler_coverage_gap_vs_full:0.338595 | sampler_duplicate_draws:327375.000000 | sampler_duplicate_rate:0.366314 | sampler_downsample_days:0.000000 | sampler_upsample_days:2877.000000 | sampler_exact_days:102.000000 | sampler_downsample_day_ratio:0.000000 | sampler_upsample_day_ratio:0.965760
| Valid 07 | time_embedding_norm:0.137509 | time_embedding_to_value_norm_ratio:0.832156 | time_tau:5.150011 | time_half_life:3.569716 | time_tau_std:0.000000 | time_tau_p10:5.150011 | time_tau_p90:5.150011 | time_tau_range_util:0.000000 | film_gamma_strength:0.063018 | film_beta_strength:0.007376 | factor_gate_mean:0.998435 | factor_gate_std:0.015484 | factor_gate_entropy:0.948564 | factor_gate_topk_mass_5:0.089396 | factor_gate_topk_mass_10:0.164605 | router_layer_0_time_ratio:0.609296 | router_layer_0_factor_ratio:0.390704 | router_layer_0_collapse_ratio:0.000000 | router_layer_0_entropy_norm:0.951916 | router_layer_0_logit_margin:0.493906 | expert_layer_0_time_expert_norm:11.948802 | expert_layer_0_factor_expert_norm:5.134388 | expert_layer_0_time_contrib_norm:7.286209 | expert_layer_0_factor_contrib_norm:2.003952 | expert_layer_0_contrib_norm_ratio:3.802109 | expert_layer_0_expert_cosine:-0.003164 | expert_layer_0_time_winner_ratio:1.000000 | router_layer_1_time_ratio:0.690707 | router_layer_1_factor_ratio:0.309293 | router_layer_1_collapse_ratio:0.000000 | router_layer_1_entropy_norm:0.883332 | router_layer_1_logit_margin:0.817441 | expert_layer_1_time_expert_norm:23.887023 | expert_layer_1_factor_expert_norm:13.910269 | expert_layer_1_time_contrib_norm:16.529072 | expert_layer_1_factor_contrib_norm:4.338042 | expert_layer_1_contrib_norm_ratio:4.112075 | expert_layer_1_expert_cosine:0.069774 | expert_layer_1_time_winner_ratio:0.992933 | loss_total:0.030087 | loss_main:0.029924 | loss_listmle:4.720026 | loss_mse:0.029924 | loss_ic:-0.055942 | loss_aux:0.000163 | loss_sparsity:0.000000 | valid_ratio:1.000000 | score_std:0.146115 | label_std:0.045755 | score_label_std_ratio:3.311919 | gate_entropy:0.636048 | time_ratio:0.650002 | ic_pearson_daily:0.055952 | rank_ic_daily:0.058364 | ic_raw:0.055952 | rank_ic:0.058364
| Train 08 | time_embedding_norm:0.136346 | time_embedding_to_value_norm_ratio:0.820819 | time_tau:5.234503 | time_half_life:3.628281 | time_tau_std:0.054432 | time_tau_p10:5.166511 | time_tau_p90:5.301996 | time_tau_range_util:0.002737 | film_gamma_strength:0.072099 | film_beta_strength:0.008195 | factor_gate_mean:0.999264 | factor_gate_std:0.018020 | factor_gate_entropy:0.948339 | factor_gate_topk_mass_5:0.089649 | factor_gate_topk_mass_10:0.165785 | router_layer_0_time_ratio:0.541778 | router_layer_0_factor_ratio:0.458222 | router_layer_0_collapse_ratio:0.000000 | router_layer_0_entropy_norm:0.964811 | router_layer_0_logit_margin:0.399595 | expert_layer_0_time_expert_norm:11.909335 | expert_layer_0_factor_expert_norm:4.989802 | expert_layer_0_time_contrib_norm:6.470479 | expert_layer_0_factor_contrib_norm:2.285263 | expert_layer_0_contrib_norm_ratio:3.115917 | expert_layer_0_expert_cosine:-0.004787 | expert_layer_0_time_winner_ratio:0.998102 | router_layer_1_time_ratio:0.730371 | router_layer_1_factor_ratio:0.269629 | router_layer_1_collapse_ratio:0.002675 | router_layer_1_entropy_norm:0.817319 | router_layer_1_logit_margin:1.038599 | expert_layer_1_time_expert_norm:24.277603 | expert_layer_1_factor_expert_norm:15.970311 | expert_layer_1_time_contrib_norm:17.758162 | expert_layer_1_factor_contrib_norm:4.316777 | expert_layer_1_contrib_norm_ratio:4.846480 | expert_layer_1_expert_cosine:0.061616 | expert_layer_1_time_winner_ratio:0.989789 | loss_total:1.363299 | loss_main:1.363187 | loss_listmle:4.705307 | loss_mse:1.363187 | loss_ic:-0.132051 | loss_aux:0.000112 | loss_sparsity:0.000000 | valid_ratio:1.000000 | score_std:0.145738 | label_std:1.165976 | score_label_std_ratio:0.126237 | ic_pearson_batch:0.132052 | ic_raw:0.132052 | rank_ic_batch:0.131847 | rank_ic:0.131847 | gate_entropy:0.617639 | time_ratio:0.636075 | grad_norm:3.110096 | grad_norm_other:1.279641 | grad_norm_time_embedding:1.851883 | grad_norm_factor_film:0.052104 | grad_norm_regime_encoder:0.356138 | grad_norm_router:0.572401 | grad_norm_time_expert:0.447719 | grad_norm_factor_expert:0.456638 | grad_norm_pooling_head:1.764659 | grad_nonfinite_tensors:1.000000 | grad_nonfinite_values:3.000000 | optimizer_steps:2978.000000 | grad_attempt_steps:2979.000000 | grad_skipped_steps:1.000000 | grad_nonfinite_steps:1.000000 | grad_skipped_rate:0.000336 | grad_nonfinite_rate:0.000336 | lr:0.000041 | sampler_epoch:7.000000 | sampler_num_days:2979.000000 | sampler_num_batches:2979.000000 | sampler_batch_size:300.000000 | sampler_total_source_samples:856246.000000 | sampler_total_draws:893700.000000 | sampler_unique_samples:566350.000000 | sampler_coverage_ratio:0.661434 | sampler_coverage_gap_vs_full:0.338566 | sampler_duplicate_draws:327350.000000 | sampler_duplicate_rate:0.366286 | sampler_downsample_days:0.000000 | sampler_upsample_days:2877.000000 | sampler_exact_days:102.000000 | sampler_downsample_day_ratio:0.000000 | sampler_upsample_day_ratio:0.965760
| Valid 08 | time_embedding_norm:0.135972 | time_embedding_to_value_norm_ratio:0.807715 | time_tau:5.141499 | time_half_life:3.563816 | time_tau_std:0.000000 | time_tau_p10:5.141499 | time_tau_p90:5.141499 | time_tau_range_util:0.000000 | film_gamma_strength:0.065985 | film_beta_strength:0.008069 | factor_gate_mean:0.998365 | factor_gate_std:0.016675 | factor_gate_entropy:0.949068 | factor_gate_topk_mass_5:0.090643 | factor_gate_topk_mass_10:0.165853 | router_layer_0_time_ratio:0.621425 | router_layer_0_factor_ratio:0.378575 | router_layer_0_collapse_ratio:0.000000 | router_layer_0_entropy_norm:0.940929 | router_layer_0_logit_margin:0.554260 | expert_layer_0_time_expert_norm:12.542910 | expert_layer_0_factor_expert_norm:5.321752 | expert_layer_0_time_contrib_norm:7.801654 | expert_layer_0_factor_contrib_norm:2.012607 | expert_layer_0_contrib_norm_ratio:4.082036 | expert_layer_0_expert_cosine:-0.004300 | expert_layer_0_time_winner_ratio:0.999228 | router_layer_1_time_ratio:0.723375 | router_layer_1_factor_ratio:0.276625 | router_layer_1_collapse_ratio:0.000000 | router_layer_1_entropy_norm:0.844102 | router_layer_1_logit_margin:0.971154 | expert_layer_1_time_expert_norm:25.950861 | expert_layer_1_factor_expert_norm:16.884814 | expert_layer_1_time_contrib_norm:18.794467 | expert_layer_1_factor_contrib_norm:4.688094 | expert_layer_1_contrib_norm_ratio:4.280322 | expert_layer_1_expert_cosine:0.089832 | expert_layer_1_time_winner_ratio:0.994282 | loss_total:0.032619 | loss_main:0.032557 | loss_listmle:4.720149 | loss_mse:0.032557 | loss_ic:-0.054199 | loss_aux:0.000062 | loss_sparsity:0.000000 | valid_ratio:1.000000 | score_std:0.151716 | label_std:0.045755 | score_label_std_ratio:3.434133 | gate_entropy:0.618644 | time_ratio:0.672400 | ic_pearson_daily:0.054207 | rank_ic_daily:0.057185 | ic_raw:0.054207 | rank_ic:0.057185
| Train 09 | time_embedding_norm:0.135247 | time_embedding_to_value_norm_ratio:0.800667 | time_tau:5.285010 | time_half_life:3.663289 | time_tau_std:0.061448 | time_tau_p10:5.208273 | time_tau_p90:5.361272 | time_tau_range_util:0.003091 | film_gamma_strength:0.075018 | film_beta_strength:0.008709 | factor_gate_mean:0.999337 | factor_gate_std:0.019055 | factor_gate_entropy:0.948066 | factor_gate_topk_mass_5:0.091270 | factor_gate_topk_mass_10:0.167553 | router_layer_0_time_ratio:0.543481 | router_layer_0_factor_ratio:0.456519 | router_layer_0_collapse_ratio:0.000000 | router_layer_0_entropy_norm:0.960964 | router_layer_0_logit_margin:0.418529 | expert_layer_0_time_expert_norm:12.738249 | expert_layer_0_factor_expert_norm:5.091221 | expert_layer_0_time_contrib_norm:6.940026 | expert_layer_0_factor_contrib_norm:2.322405 | expert_layer_0_contrib_norm_ratio:3.317391 | expert_layer_0_expert_cosine:-0.004594 | expert_layer_0_time_winner_ratio:0.998919 | router_layer_1_time_ratio:0.737231 | router_layer_1_factor_ratio:0.262769 | router_layer_1_collapse_ratio:0.001204 | router_layer_1_entropy_norm:0.812728 | router_layer_1_logit_margin:1.064269 | expert_layer_1_time_expert_norm:24.595666 | expert_layer_1_factor_expert_norm:18.521616 | expert_layer_1_time_contrib_norm:18.158785 | expert_layer_1_factor_contrib_norm:4.886666 | expert_layer_1_contrib_norm_ratio:4.278216 | expert_layer_1_expert_cosine:0.080473 | expert_layer_1_time_winner_ratio:0.985514 | loss_total:1.361996 | loss_main:1.361911 | loss_listmle:4.705024 | loss_mse:1.361911 | loss_ic:-0.134533 | loss_aux:0.000085 | loss_sparsity:0.000000 | valid_ratio:1.000000 | score_std:0.149624 | label_std:1.165952 | score_label_std_ratio:0.129695 | ic_pearson_batch:0.134534 | ic_raw:0.134534 | rank_ic_batch:0.135306 | rank_ic:0.135306 | gate_entropy:0.614715 | time_ratio:0.640356 | grad_norm:3.129834 | grad_norm_other:1.301396 | grad_norm_time_embedding:1.865120 | grad_norm_factor_film:0.055176 | grad_norm_regime_encoder:0.384827 | grad_norm_router:0.611309 | grad_norm_time_expert:0.442298 | grad_norm_factor_expert:0.458363 | grad_norm_pooling_head:1.729683 | grad_nonfinite_tensors:1.000000 | grad_nonfinite_values:5.000000 | optimizer_steps:2978.000000 | grad_attempt_steps:2979.000000 | grad_skipped_steps:1.000000 | grad_nonfinite_steps:1.000000 | grad_skipped_rate:0.000336 | grad_nonfinite_rate:0.000336 | lr:0.000038 | sampler_epoch:8.000000 | sampler_num_days:2979.000000 | sampler_num_batches:2979.000000 | sampler_batch_size:300.000000 | sampler_total_source_samples:856246.000000 | sampler_total_draws:893700.000000 | sampler_unique_samples:566695.000000 | sampler_coverage_ratio:0.661837 | sampler_coverage_gap_vs_full:0.338163 | sampler_duplicate_draws:327005.000000 | sampler_duplicate_rate:0.365900 | sampler_downsample_days:0.000000 | sampler_upsample_days:2877.000000 | sampler_exact_days:102.000000 | sampler_downsample_day_ratio:0.000000 | sampler_upsample_day_ratio:0.965760
| Valid 09 | time_embedding_norm:0.134527 | time_embedding_to_value_norm_ratio:0.787894 | time_tau:5.189509 | time_half_life:3.597093 | time_tau_std:0.000000 | time_tau_p10:5.189509 | time_tau_p90:5.189509 | time_tau_range_util:0.000000 | film_gamma_strength:0.072076 | film_beta_strength:0.008913 | factor_gate_mean:0.998211 | factor_gate_std:0.018378 | factor_gate_entropy:0.948570 | factor_gate_topk_mass_5:0.091429 | factor_gate_topk_mass_10:0.167228 | router_layer_0_time_ratio:0.616703 | router_layer_0_factor_ratio:0.383297 | router_layer_0_collapse_ratio:0.000000 | router_layer_0_entropy_norm:0.943748 | router_layer_0_logit_margin:0.539633 | expert_layer_0_time_expert_norm:13.310241 | expert_layer_0_factor_expert_norm:5.317583 | expert_layer_0_time_contrib_norm:8.216051 | expert_layer_0_factor_contrib_norm:2.035942 | expert_layer_0_contrib_norm_ratio:4.250379 | expert_layer_0_expert_cosine:-0.002567 | expert_layer_0_time_winner_ratio:0.999628 | router_layer_1_time_ratio:0.707333 | router_layer_1_factor_ratio:0.292667 | router_layer_1_collapse_ratio:0.000000 | router_layer_1_entropy_norm:0.864352 | router_layer_1_logit_margin:0.894199 | expert_layer_1_time_expert_norm:25.726292 | expert_layer_1_factor_expert_norm:17.514877 | expert_layer_1_time_contrib_norm:18.216705 | expert_layer_1_factor_contrib_norm:5.137528 | expert_layer_1_contrib_norm_ratio:3.814977 | expert_layer_1_expert_cosine:0.105144 | expert_layer_1_time_winner_ratio:0.988628 | loss_total:0.045735 | loss_main:0.045634 | loss_listmle:4.730906 | loss_mse:0.045634 | loss_ic:-0.057418 | loss_aux:0.000101 | loss_sparsity:0.000000 | valid_ratio:1.000000 | score_std:0.199757 | label_std:0.045755 | score_label_std_ratio:4.521893 | gate_entropy:0.626640 | time_ratio:0.662018 | ic_pearson_daily:0.057424 | rank_ic_daily:0.060502 | ic_raw:0.057424 | rank_ic:0.060502
| Train 10 | time_embedding_norm:0.133913 | time_embedding_to_value_norm_ratio:0.781412 | time_tau:5.308811 | time_half_life:3.679787 | time_tau_std:0.063077 | time_tau_p10:5.230044 | time_tau_p90:5.386927 | time_tau_range_util:0.003169 | film_gamma_strength:0.078080 | film_beta_strength:0.009249 | factor_gate_mean:0.999543 | factor_gate_std:0.020260 | factor_gate_entropy:0.948678 | factor_gate_topk_mass_5:0.091533 | factor_gate_topk_mass_10:0.167605 | router_layer_0_time_ratio:0.537207 | router_layer_0_factor_ratio:0.462793 | router_layer_0_collapse_ratio:0.000000 | router_layer_0_entropy_norm:0.954454 | router_layer_0_logit_margin:0.451954 | expert_layer_0_time_expert_norm:13.520655 | expert_layer_0_factor_expert_norm:5.092374 | expert_layer_0_time_contrib_norm:7.281436 | expert_layer_0_factor_contrib_norm:2.356614 | expert_layer_0_contrib_norm_ratio:3.513630 | expert_layer_0_expert_cosine:-0.004078 | expert_layer_0_time_winner_ratio:0.997528 | router_layer_1_time_ratio:0.738187 | router_layer_1_factor_ratio:0.261813 | router_layer_1_collapse_ratio:0.000943 | router_layer_1_entropy_norm:0.808875 | router_layer_1_logit_margin:1.074042 | expert_layer_1_time_expert_norm:24.377413 | expert_layer_1_factor_expert_norm:21.479977 | expert_layer_1_time_contrib_norm:18.022976 | expert_layer_1_factor_contrib_norm:5.651405 | expert_layer_1_contrib_norm_ratio:3.776539 | expert_layer_1_expert_cosine:0.087610 | expert_layer_1_time_winner_ratio:0.969827 | loss_total:1.358972 | loss_main:1.358877 | loss_listmle:4.703901 | loss_mse:1.358877 | loss_ic:-0.141328 | loss_aux:0.000095 | loss_sparsity:0.000000 | valid_ratio:1.000000 | score_std:0.160376 | label_std:1.166138 | score_label_std_ratio:0.138935 | ic_pearson_batch:0.141330 | ic_raw:0.141330 | rank_ic_batch:0.140937 | rank_ic:0.140937 | gate_entropy:0.611123 | time_ratio:0.637697 | grad_norm:3.254527 | grad_norm_other:1.353511 | grad_norm_time_embedding:2.002495 | grad_norm_factor_film:0.061041 | grad_norm_regime_encoder:0.437949 | grad_norm_router:0.654599 | grad_norm_time_expert:0.449859 | grad_norm_factor_expert:0.505543 | grad_norm_pooling_head:1.684535 | grad_nonfinite_tensors:1.000000 | grad_nonfinite_values:3.000000 | optimizer_steps:2978.000000 | grad_attempt_steps:2979.000000 | grad_skipped_steps:1.000000 | grad_nonfinite_steps:1.000000 | grad_skipped_rate:0.000336 | grad_nonfinite_rate:0.000336 | lr:0.000035 | sampler_epoch:9.000000 | sampler_num_days:2979.000000 | sampler_num_batches:2979.000000 | sampler_batch_size:300.000000 | sampler_total_source_samples:856246.000000 | sampler_total_draws:893700.000000 | sampler_unique_samples:566524.000000 | sampler_coverage_ratio:0.661637 | sampler_coverage_gap_vs_full:0.338363 | sampler_duplicate_draws:327176.000000 | sampler_duplicate_rate:0.366092 | sampler_downsample_days:0.000000 | sampler_upsample_days:2877.000000 | sampler_exact_days:102.000000 | sampler_downsample_day_ratio:0.000000 | sampler_upsample_day_ratio:0.965760
| Valid 10 | time_embedding_norm:0.133293 | time_embedding_to_value_norm_ratio:0.770906 | time_tau:5.096584 | time_half_life:3.532683 | time_tau_std:0.000000 | time_tau_p10:5.096584 | time_tau_p90:5.096584 | time_tau_range_util:0.000000 | film_gamma_strength:0.070659 | film_beta_strength:0.009164 | factor_gate_mean:0.998459 | factor_gate_std:0.018165 | factor_gate_entropy:0.949163 | factor_gate_topk_mass_5:0.092110 | factor_gate_topk_mass_10:0.167406 | router_layer_0_time_ratio:0.648259 | router_layer_0_factor_ratio:0.351741 | router_layer_0_collapse_ratio:0.000000 | router_layer_0_entropy_norm:0.910978 | router_layer_0_logit_margin:0.689334 | expert_layer_0_time_expert_norm:14.556344 | expert_layer_0_factor_expert_norm:5.382021 | expert_layer_0_time_contrib_norm:9.446804 | expert_layer_0_factor_contrib_norm:1.890676 | expert_layer_0_contrib_norm_ratio:5.396628 | expert_layer_0_expert_cosine:-0.003555 | expert_layer_0_time_winner_ratio:0.999173 | router_layer_1_time_ratio:0.679597 | router_layer_1_factor_ratio:0.320403 | router_layer_1_collapse_ratio:0.000000 | router_layer_1_entropy_norm:0.896692 | router_layer_1_logit_margin:0.765822 | expert_layer_1_time_expert_norm:26.228024 | expert_layer_1_factor_expert_norm:19.372637 | expert_layer_1_time_contrib_norm:17.860595 | expert_layer_1_factor_contrib_norm:6.286895 | expert_layer_1_contrib_norm_ratio:3.097929 | expert_layer_1_expert_cosine:0.135803 | expert_layer_1_time_winner_ratio:0.976493 | loss_total:0.034585 | loss_main:0.034416 | loss_listmle:4.721679 | loss_mse:0.034416 | loss_ic:-0.059422 | loss_aux:0.000169 | loss_sparsity:0.000000 | valid_ratio:1.000000 | score_std:0.157800 | label_std:0.045755 | score_label_std_ratio:3.582040 | gate_entropy:0.626491 | time_ratio:0.663928 | ic_pearson_daily:0.059430 | rank_ic_daily:0.063624 | ic_raw:0.059430 | rank_ic:0.063624
| Train 11 | time_embedding_norm:0.132853 | time_embedding_to_value_norm_ratio:0.767014 | time_tau:5.320557 | time_half_life:3.687929 | time_tau_std:0.066398 | time_tau_p10:5.237455 | time_tau_p90:5.402815 | time_tau_range_util:0.003341 | film_gamma_strength:0.078410 | film_beta_strength:0.009681 | factor_gate_mean:0.999606 | factor_gate_std:0.020264 | factor_gate_entropy:0.949835 | factor_gate_topk_mass_5:0.090785 | factor_gate_topk_mass_10:0.166452 | router_layer_0_time_ratio:0.531358 | router_layer_0_factor_ratio:0.468642 | router_layer_0_collapse_ratio:0.000000 | router_layer_0_entropy_norm:0.955404 | router_layer_0_logit_margin:0.442802 | expert_layer_0_time_expert_norm:13.974956 | expert_layer_0_factor_expert_norm:5.143305 | expert_layer_0_time_contrib_norm:7.443243 | expert_layer_0_factor_contrib_norm:2.410158 | expert_layer_0_contrib_norm_ratio:3.519584 | expert_layer_0_expert_cosine:-0.006293 | expert_layer_0_time_winner_ratio:0.998064 | router_layer_1_time_ratio:0.744287 | router_layer_1_factor_ratio:0.255713 | router_layer_1_collapse_ratio:0.001025 | router_layer_1_entropy_norm:0.798063 | router_layer_1_logit_margin:1.109878 | expert_layer_1_time_expert_norm:24.737876 | expert_layer_1_factor_expert_norm:23.127082 | expert_layer_1_time_contrib_norm:18.447790 | expert_layer_1_factor_contrib_norm:5.970477 | expert_layer_1_contrib_norm_ratio:3.705511 | expert_layer_1_expert_cosine:0.089822 | expert_layer_1_time_winner_ratio:0.965322 | loss_total:1.358850 | loss_main:1.358756 | loss_listmle:4.704256 | loss_mse:1.358756 | loss_ic:-0.143399 | loss_aux:0.000094 | loss_sparsity:0.000000 | valid_ratio:1.000000 | score_std:0.162685 | label_std:1.166243 | score_label_std_ratio:0.141005 | ic_pearson_batch:0.143401 | ic_raw:0.143401 | rank_ic_batch:0.142610 | rank_ic:0.142610 | gate_entropy:0.607705 | time_ratio:0.637822 | grad_norm:3.449615 | grad_norm_other:1.422115 | grad_norm_time_embedding:2.183319 | grad_norm_factor_film:0.064283 | grad_norm_regime_encoder:0.461207 | grad_norm_router:0.720157 | grad_norm_time_expert:0.467773 | grad_norm_factor_expert:0.556125 | grad_norm_pooling_head:1.701903 | optimizer_steps:2979.000000 | grad_attempt_steps:2979.000000 | grad_skipped_steps:0.000000 | grad_nonfinite_steps:0.000000 | grad_skipped_rate:0.000000 | grad_nonfinite_rate:0.000000 | lr:0.000032 | sampler_epoch:10.000000 | sampler_num_days:2979.000000 | sampler_num_batches:2979.000000 | sampler_batch_size:300.000000 | sampler_total_source_samples:856246.000000 | sampler_total_draws:893700.000000 | sampler_unique_samples:565875.000000 | sampler_coverage_ratio:0.660879 | sampler_coverage_gap_vs_full:0.339121 | sampler_duplicate_draws:327825.000000 | sampler_duplicate_rate:0.366818 | sampler_downsample_days:0.000000 | sampler_upsample_days:2877.000000 | sampler_exact_days:102.000000 | sampler_downsample_day_ratio:0.000000 | sampler_upsample_day_ratio:0.965760
| Valid 11 | time_embedding_norm:0.132261 | time_embedding_to_value_norm_ratio:0.757230 | time_tau:5.076124 | time_half_life:3.518501 | time_tau_std:0.000000 | time_tau_p10:5.076124 | time_tau_p90:5.076124 | time_tau_range_util:0.000000 | film_gamma_strength:0.074412 | film_beta_strength:0.009588 | factor_gate_mean:0.998641 | factor_gate_std:0.019361 | factor_gate_entropy:0.949769 | factor_gate_topk_mass_5:0.091598 | factor_gate_topk_mass_10:0.166664 | router_layer_0_time_ratio:0.643681 | router_layer_0_factor_ratio:0.356319 | router_layer_0_collapse_ratio:0.000000 | router_layer_0_entropy_norm:0.919018 | router_layer_0_logit_margin:0.656478 | expert_layer_0_time_expert_norm:15.078343 | expert_layer_0_factor_expert_norm:5.300178 | expert_layer_0_time_contrib_norm:9.714777 | expert_layer_0_factor_contrib_norm:1.887002 | expert_layer_0_contrib_norm_ratio:5.505848 | expert_layer_0_expert_cosine:-0.009445 | expert_layer_0_time_winner_ratio:1.000000 | router_layer_1_time_ratio:0.771995 | router_layer_1_factor_ratio:0.228005 | router_layer_1_collapse_ratio:0.000000 | router_layer_1_entropy_norm:0.768070 | router_layer_1_logit_margin:1.231879 | expert_layer_1_time_expert_norm:27.714490 | expert_layer_1_factor_expert_norm:21.194512 | expert_layer_1_time_contrib_norm:21.420863 | expert_layer_1_factor_contrib_norm:4.869069 | expert_layer_1_contrib_norm_ratio:4.716192 | expert_layer_1_expert_cosine:0.127396 | expert_layer_1_time_winner_ratio:0.993027 | loss_total:0.030419 | loss_main:0.030402 | loss_listmle:4.720957 | loss_mse:0.030402 | loss_ic:-0.058670 | loss_aux:0.000017 | loss_sparsity:0.000000 | valid_ratio:1.000000 | score_std:0.155088 | label_std:0.045755 | score_label_std_ratio:3.523840 | gate_entropy:0.584700 | time_ratio:0.707838 | ic_pearson_daily:0.058678 | rank_ic_daily:0.063672 | ic_raw:0.058678 | rank_ic:0.063672
| Train 12 | time_embedding_norm:0.132059 | time_embedding_to_value_norm_ratio:0.755177 | time_tau:5.339238 | time_half_life:3.700878 | time_tau_std:0.068341 | time_tau_p10:5.253791 | time_tau_p90:5.423941 | time_tau_range_util:0.003437 | film_gamma_strength:0.082694 | film_beta_strength:0.010125 | factor_gate_mean:0.999601 | factor_gate_std:0.021687 | factor_gate_entropy:0.949845 | factor_gate_topk_mass_5:0.089780 | factor_gate_topk_mass_10:0.165416 | router_layer_0_time_ratio:0.531422 | router_layer_0_factor_ratio:0.468578 | router_layer_0_collapse_ratio:0.000000 | router_layer_0_entropy_norm:0.953747 | router_layer_0_logit_margin:0.450885 | expert_layer_0_time_expert_norm:14.269523 | expert_layer_0_factor_expert_norm:5.133777 | expert_layer_0_time_contrib_norm:7.603851 | expert_layer_0_factor_contrib_norm:2.405367 | expert_layer_0_contrib_norm_ratio:3.621620 | expert_layer_0_expert_cosine:-0.009550 | expert_layer_0_time_winner_ratio:0.998025 | router_layer_1_time_ratio:0.747006 | router_layer_1_factor_ratio:0.252994 | router_layer_1_collapse_ratio:0.002950 | router_layer_1_entropy_norm:0.792399 | router_layer_1_logit_margin:1.128510 | expert_layer_1_time_expert_norm:24.667712 | expert_layer_1_factor_expert_norm:25.144741 | expert_layer_1_time_contrib_norm:18.460321 | expert_layer_1_factor_contrib_norm:6.460311 | expert_layer_1_contrib_norm_ratio:3.498174 | expert_layer_1_expert_cosine:0.079398 | expert_layer_1_time_winner_ratio:0.951516 | loss_total:1.354109 | loss_main:1.354016 | loss_listmle:4.703859 | loss_mse:1.354016 | loss_ic:-0.147254 | loss_aux:0.000093 | loss_sparsity:0.000000 | valid_ratio:1.000000 | score_std:0.167220 | label_std:1.165500 | score_label_std_ratio:0.144910 | ic_pearson_batch:0.147255 | ic_raw:0.147255 | rank_ic_batch:0.145505 | rank_ic:0.145505 | gate_entropy:0.605168 | time_ratio:0.639214 | grad_norm:3.446136 | grad_norm_other:1.466883 | grad_norm_time_embedding:2.166044 | grad_norm_factor_film:0.067797 | grad_norm_regime_encoder:0.484071 | grad_norm_router:0.739569 | grad_norm_time_expert:0.481343 | grad_norm_factor_expert:0.557246 | grad_norm_pooling_head:1.645328 | grad_nonfinite_tensors:1.000000 | grad_nonfinite_values:4.000000 | optimizer_steps:2977.000000 | grad_attempt_steps:2979.000000 | grad_skipped_steps:2.000000 | grad_nonfinite_steps:2.000000 | grad_skipped_rate:0.000671 | grad_nonfinite_rate:0.000671 | lr:0.000029 | sampler_epoch:11.000000 | sampler_num_days:2979.000000 | sampler_num_batches:2979.000000 | sampler_batch_size:300.000000 | sampler_total_source_samples:856246.000000 | sampler_total_draws:893700.000000 | sampler_unique_samples:566008.000000 | sampler_coverage_ratio:0.661034 | sampler_coverage_gap_vs_full:0.338966 | sampler_duplicate_draws:327692.000000 | sampler_duplicate_rate:0.366669 | sampler_downsample_days:0.000000 | sampler_upsample_days:2877.000000 | sampler_exact_days:102.000000 | sampler_downsample_day_ratio:0.000000 | sampler_upsample_day_ratio:0.965760
| Valid 12 | time_embedding_norm:0.130939 | time_embedding_to_value_norm_ratio:0.742954 | time_tau:5.013861 | time_half_life:3.475344 | time_tau_std:0.000000 | time_tau_p10:5.013861 | time_tau_p90:5.013861 | time_tau_range_util:0.000000 | film_gamma_strength:0.071046 | film_beta_strength:0.009824 | factor_gate_mean:0.998635 | factor_gate_std:0.018211 | factor_gate_entropy:0.949395 | factor_gate_topk_mass_5:0.092121 | factor_gate_topk_mass_10:0.167589 | router_layer_0_time_ratio:0.653077 | router_layer_0_factor_ratio:0.346923 | router_layer_0_collapse_ratio:0.000000 | router_layer_0_entropy_norm:0.908100 | router_layer_0_logit_margin:0.702811 | expert_layer_0_time_expert_norm:15.481871 | expert_layer_0_factor_expert_norm:5.364648 | expert_layer_0_time_contrib_norm:10.121802 | expert_layer_0_factor_contrib_norm:1.859780 | expert_layer_0_contrib_norm_ratio:5.864716 | expert_layer_0_expert_cosine:-0.013887 | expert_layer_0_time_winner_ratio:1.000000 | router_layer_1_time_ratio:0.735251 | router_layer_1_factor_ratio:0.264749 | router_layer_1_collapse_ratio:0.000000 | router_layer_1_entropy_norm:0.823445 | router_layer_1_logit_margin:1.041806 | expert_layer_1_time_expert_norm:27.035533 | expert_layer_1_factor_expert_norm:20.873585 | expert_layer_1_time_contrib_norm:19.918054 | expert_layer_1_factor_contrib_norm:5.623180 | expert_layer_1_contrib_norm_ratio:3.917818 | expert_layer_1_expert_cosine:0.132247 | expert_layer_1_time_winner_ratio:0.980218 | loss_total:0.040727 | loss_main:0.040665 | loss_listmle:4.725262 | loss_mse:0.040665 | loss_ic:-0.058675 | loss_aux:0.000062 | loss_sparsity:0.000000 | valid_ratio:1.000000 | score_std:0.177572 | label_std:0.045755 | score_label_std_ratio:4.023105 | gate_entropy:0.600108 | time_ratio:0.694164 | ic_pearson_daily:0.058684 | rank_ic_daily:0.062460 | ic_raw:0.058684 | rank_ic:0.062460
| Train 13 | time_embedding_norm:0.131175 | time_embedding_to_value_norm_ratio:0.743981 | time_tau:5.334497 | time_half_life:3.697591 | time_tau_std:0.068153 | time_tau_p10:5.249287 | time_tau_p90:5.419193 | time_tau_range_util:0.003432 | film_gamma_strength:0.081777 | film_beta_strength:0.010341 | factor_gate_mean:0.999656 | factor_gate_std:0.021467 | factor_gate_entropy:0.950128 | factor_gate_topk_mass_5:0.089875 | factor_gate_topk_mass_10:0.165217 | router_layer_0_time_ratio:0.537207 | router_layer_0_factor_ratio:0.462793 | router_layer_0_collapse_ratio:0.000000 | router_layer_0_entropy_norm:0.951915 | router_layer_0_logit_margin:0.461018 | expert_layer_0_time_expert_norm:14.888495 | expert_layer_0_factor_expert_norm:5.205885 | expert_layer_0_time_contrib_norm:8.016633 | expert_layer_0_factor_contrib_norm:2.410153 | expert_layer_0_contrib_norm_ratio:3.826165 | expert_layer_0_expert_cosine:-0.012844 | expert_layer_0_time_winner_ratio:0.999319 | router_layer_1_time_ratio:0.749358 | router_layer_1_factor_ratio:0.250643 | router_layer_1_collapse_ratio:0.002339 | router_layer_1_entropy_norm:0.790703 | router_layer_1_logit_margin:1.136311 | expert_layer_1_time_expert_norm:25.707198 | expert_layer_1_factor_expert_norm:25.922177 | expert_layer_1_time_contrib_norm:19.309058 | expert_layer_1_factor_contrib_norm:6.611287 | expert_layer_1_contrib_norm_ratio:3.572800 | expert_layer_1_expert_cosine:0.074992 | expert_layer_1_time_winner_ratio:0.950995 | loss_total:1.355597 | loss_main:1.355519 | loss_listmle:4.703489 | loss_mse:1.355519 | loss_ic:-0.150362 | loss_aux:0.000078 | loss_sparsity:0.000000 | valid_ratio:1.000000 | score_std:0.171831 | label_std:1.166237 | score_label_std_ratio:0.148829 | ic_pearson_batch:0.150363 | ic_raw:0.150363 | rank_ic_batch:0.149290 | rank_ic:0.149290 | gate_entropy:0.603946 | time_ratio:0.643282 | grad_norm:3.604322 | grad_norm_other:1.565858 | grad_norm_time_embedding:2.268171 | grad_norm_factor_film:0.072856 | grad_norm_regime_encoder:0.518370 | grad_norm_router:0.806017 | grad_norm_time_expert:0.514021 | grad_norm_factor_expert:0.569872 | grad_norm_pooling_head:1.701119 | optimizer_steps:2979.000000 | grad_attempt_steps:2979.000000 | grad_skipped_steps:0.000000 | grad_nonfinite_steps:0.000000 | grad_skipped_rate:0.000000 | grad_nonfinite_rate:0.000000 | lr:0.000025 | sampler_epoch:12.000000 | sampler_num_days:2979.000000 | sampler_num_batches:2979.000000 | sampler_batch_size:300.000000 | sampler_total_source_samples:856246.000000 | sampler_total_draws:893700.000000 | sampler_unique_samples:566249.000000 | sampler_coverage_ratio:0.661316 | sampler_coverage_gap_vs_full:0.338684 | sampler_duplicate_draws:327451.000000 | sampler_duplicate_rate:0.366399 | sampler_downsample_days:0.000000 | sampler_upsample_days:2877.000000 | sampler_exact_days:102.000000 | sampler_downsample_day_ratio:0.000000 | sampler_upsample_day_ratio:0.965760
| Valid 13 | time_embedding_norm:0.130292 | time_embedding_to_value_norm_ratio:0.734505 | time_tau:5.024348 | time_half_life:3.482613 | time_tau_std:0.000000 | time_tau_p10:5.024348 | time_tau_p90:5.024348 | time_tau_range_util:0.000000 | film_gamma_strength:0.071283 | film_beta_strength:0.010086 | factor_gate_mean:0.998727 | factor_gate_std:0.018242 | factor_gate_entropy:0.949349 | factor_gate_topk_mass_5:0.092264 | factor_gate_topk_mass_10:0.167707 | router_layer_0_time_ratio:0.656307 | router_layer_0_factor_ratio:0.343693 | router_layer_0_collapse_ratio:0.000000 | router_layer_0_entropy_norm:0.905347 | router_layer_0_logit_margin:0.714365 | expert_layer_0_time_expert_norm:15.896974 | expert_layer_0_factor_expert_norm:5.438126 | expert_layer_0_time_contrib_norm:10.444959 | expert_layer_0_factor_contrib_norm:1.868072 | expert_layer_0_contrib_norm_ratio:6.036475 | expert_layer_0_expert_cosine:-0.014403 | expert_layer_0_time_winner_ratio:1.000000 | router_layer_1_time_ratio:0.772060 | router_layer_1_factor_ratio:0.227940 | router_layer_1_collapse_ratio:0.000000 | router_layer_1_entropy_norm:0.769338 | router_layer_1_logit_margin:1.229692 | expert_layer_1_time_expert_norm:29.246380 | expert_layer_1_factor_expert_norm:22.796310 | expert_layer_1_time_contrib_norm:22.599725 | expert_layer_1_factor_contrib_norm:5.240272 | expert_layer_1_contrib_norm_ratio:4.633371 | expert_layer_1_expert_cosine:0.106851 | expert_layer_1_time_winner_ratio:0.992468 | loss_total:0.038008 | loss_main:0.037993 | loss_listmle:4.718001 | loss_mse:0.037993 | loss_ic:-0.059885 | loss_aux:0.000015 | loss_sparsity:0.000000 | valid_ratio:1.000000 | score_std:0.172180 | label_std:0.045755 | score_label_std_ratio:3.903924 | gate_entropy:0.580402 | time_ratio:0.714183 | ic_pearson_daily:0.059892 | rank_ic_daily:0.069368 | ic_raw:0.059892 | rank_ic:0.069368
| Train 14 | time_embedding_norm:0.129935 | time_embedding_to_value_norm_ratio:0.732796 | time_tau:5.348738 | time_half_life:3.707463 | time_tau_std:0.068881 | time_tau_p10:5.262796 | time_tau_p90:5.434573 | time_tau_range_util:0.003470 | film_gamma_strength:0.080853 | film_beta_strength:0.010500 | factor_gate_mean:0.999690 | factor_gate_std:0.021288 | factor_gate_entropy:0.949939 | factor_gate_topk_mass_5:0.090222 | factor_gate_topk_mass_10:0.165149 | router_layer_0_time_ratio:0.538237 | router_layer_0_factor_ratio:0.461763 | router_layer_0_collapse_ratio:0.000000 | router_layer_0_entropy_norm:0.952529 | router_layer_0_logit_margin:0.457925 | expert_layer_0_time_expert_norm:15.013437 | expert_layer_0_factor_expert_norm:5.213511 | expert_layer_0_time_contrib_norm:8.102621 | expert_layer_0_factor_contrib_norm:2.408553 | expert_layer_0_contrib_norm_ratio:3.867032 | expert_layer_0_expert_cosine:-0.016501 | expert_layer_0_time_winner_ratio:0.999819 | router_layer_1_time_ratio:0.748132 | router_layer_1_factor_ratio:0.251868 | router_layer_1_collapse_ratio:0.000366 | router_layer_1_entropy_norm:0.795433 | router_layer_1_logit_margin:1.123476 | expert_layer_1_time_expert_norm:26.400753 | expert_layer_1_factor_expert_norm:26.731316 | expert_layer_1_time_contrib_norm:19.806746 | expert_layer_1_factor_contrib_norm:6.883539 | expert_layer_1_contrib_norm_ratio:3.506977 | expert_layer_1_expert_cosine:0.062312 | expert_layer_1_time_winner_ratio:0.952945 | loss_total:1.351186 | loss_main:1.351122 | loss_listmle:4.703609 | loss_mse:1.351122 | loss_ic:-0.150959 | loss_aux:0.000064 | loss_sparsity:0.000000 | valid_ratio:1.000000 | score_std:0.173854 | label_std:1.165065 | score_label_std_ratio:0.150706 | ic_pearson_batch:0.150960 | ic_raw:0.150960 | rank_ic_batch:0.149423 | rank_ic:0.149423 | gate_entropy:0.605797 | time_ratio:0.643185 | grad_norm:3.711116 | grad_norm_other:1.631912 | grad_norm_time_embedding:2.434233 | grad_norm_factor_film:0.076414 | grad_norm_regime_encoder:0.539150 | grad_norm_router:0.779417 | grad_norm_time_expert:0.531016 | grad_norm_factor_expert:0.591998 | grad_norm_pooling_head:1.616906 | grad_nonfinite_tensors:1.000000 | grad_nonfinite_values:4.000000 | optimizer_steps:2977.000000 | grad_attempt_steps:2979.000000 | grad_skipped_steps:2.000000 | grad_nonfinite_steps:2.000000 | grad_skipped_rate:0.000671 | grad_nonfinite_rate:0.000671 | lr:0.000022 | sampler_epoch:13.000000 | sampler_num_days:2979.000000 | sampler_num_batches:2979.000000 | sampler_batch_size:300.000000 | sampler_total_source_samples:856246.000000 | sampler_total_draws:893700.000000 | sampler_unique_samples:566202.000000 | sampler_coverage_ratio:0.661261 | sampler_coverage_gap_vs_full:0.338739 | sampler_duplicate_draws:327498.000000 | sampler_duplicate_rate:0.366452 | sampler_downsample_days:0.000000 | sampler_upsample_days:2877.000000 | sampler_exact_days:102.000000 | sampler_downsample_day_ratio:0.000000 | sampler_upsample_day_ratio:0.965760
| Valid 14 | time_embedding_norm:0.129282 | time_embedding_to_value_norm_ratio:0.725234 | time_tau:5.041138 | time_half_life:3.494250 | time_tau_std:0.000000 | time_tau_p10:5.041138 | time_tau_p90:5.041138 | time_tau_range_util:0.000000 | film_gamma_strength:0.074666 | film_beta_strength:0.010445 | factor_gate_mean:0.998785 | factor_gate_std:0.019221 | factor_gate_entropy:0.949194 | factor_gate_topk_mass_5:0.092398 | factor_gate_topk_mass_10:0.167698 | router_layer_0_time_ratio:0.651609 | router_layer_0_factor_ratio:0.348391 | router_layer_0_collapse_ratio:0.000000 | router_layer_0_entropy_norm:0.907280 | router_layer_0_logit_margin:0.702356 | expert_layer_0_time_expert_norm:16.049077 | expert_layer_0_factor_expert_norm:5.496906 | expert_layer_0_time_contrib_norm:10.470011 | expert_layer_0_factor_contrib_norm:1.914248 | expert_layer_0_contrib_norm_ratio:5.948840 | expert_layer_0_expert_cosine:-0.018926 | expert_layer_0_time_winner_ratio:1.000000 | router_layer_1_time_ratio:0.769621 | router_layer_1_factor_ratio:0.230379 | router_layer_1_collapse_ratio:0.000000 | router_layer_1_entropy_norm:0.768883 | router_layer_1_logit_margin:1.224976 | expert_layer_1_time_expert_norm:29.001791 | expert_layer_1_factor_expert_norm:22.634574 | expert_layer_1_time_contrib_norm:22.361318 | expert_layer_1_factor_contrib_norm:5.326102 | expert_layer_1_contrib_norm_ratio:4.701816 | expert_layer_1_expert_cosine:0.108011 | expert_layer_1_time_winner_ratio:0.983697 | loss_total:0.036054 | loss_main:0.036026 | loss_listmle:4.717812 | loss_mse:0.036026 | loss_ic:-0.058420 | loss_aux:0.000028 | loss_sparsity:0.000000 | valid_ratio:1.000000 | score_std:0.175073 | label_std:0.045755 | score_label_std_ratio:3.969950 | gate_entropy:0.580914 | time_ratio:0.710615 | ic_pearson_daily:0.058428 | rank_ic_daily:0.068496 | ic_raw:0.058428 | rank_ic:0.068496
| Train 15 | time_embedding_norm:0.129258 | time_embedding_to_value_norm_ratio:0.726147 | time_tau:5.355081 | time_half_life:3.711859 | time_tau_std:0.070978 | time_tau_p10:5.266514 | time_tau_p90:5.443532 | time_tau_range_util:0.003576 | film_gamma_strength:0.082924 | film_beta_strength:0.010703 | factor_gate_mean:0.999691 | factor_gate_std:0.021763 | factor_gate_entropy:0.949480 | factor_gate_topk_mass_5:0.090678 | factor_gate_topk_mass_10:0.165518 | router_layer_0_time_ratio:0.538946 | router_layer_0_factor_ratio:0.461054 | router_layer_0_collapse_ratio:0.000000 | router_layer_0_entropy_norm:0.953788 | router_layer_0_logit_margin:0.449190 | expert_layer_0_time_expert_norm:15.205386 | expert_layer_0_factor_expert_norm:5.254643 | expert_layer_0_time_contrib_norm:8.216187 | expert_layer_0_factor_contrib_norm:2.423831 | expert_layer_0_contrib_norm_ratio:3.881310 | expert_layer_0_expert_cosine:-0.017343 | expert_layer_0_time_winner_ratio:0.999821 | router_layer_1_time_ratio:0.754974 | router_layer_1_factor_ratio:0.245026 | router_layer_1_collapse_ratio:0.001618 | router_layer_1_entropy_norm:0.784920 | router_layer_1_logit_margin:1.159819 | expert_layer_1_time_expert_norm:26.712813 | expert_layer_1_factor_expert_norm:27.456524 | expert_layer_1_time_contrib_norm:20.213647 | expert_layer_1_factor_contrib_norm:6.850174 | expert_layer_1_contrib_norm_ratio:3.569827 | expert_layer_1_expert_cosine:0.056575 | expert_layer_1_time_winner_ratio:0.959469 | loss_total:1.350442 | loss_main:1.350385 | loss_listmle:4.703015 | loss_mse:1.350385 | loss_ic:-0.154419 | loss_aux:0.000058 | loss_sparsity:0.000000 | valid_ratio:1.000000 | score_std:0.179011 | label_std:1.165265 | score_label_std_ratio:0.155182 | ic_pearson_batch:0.154419 | ic_raw:0.154419 | rank_ic_batch:0.152077 | rank_ic:0.152077 | gate_entropy:0.602590 | time_ratio:0.646960 | grad_norm:3.988099 | grad_norm_other:1.757938 | grad_norm_time_embedding:2.666261 | grad_norm_factor_film:0.081559 | grad_norm_regime_encoder:0.584240 | grad_norm_router:0.879323 | grad_norm_time_expert:0.573322 | grad_norm_factor_expert:0.651008 | grad_norm_pooling_head:1.647251 | grad_nonfinite_tensors:1.000000 | grad_nonfinite_values:5.000000 | optimizer_steps:2978.000000 | grad_attempt_steps:2979.000000 | grad_skipped_steps:1.000000 | grad_nonfinite_steps:1.000000 | grad_skipped_rate:0.000336 | grad_nonfinite_rate:0.000336 | lr:0.000019 | sampler_epoch:14.000000 | sampler_num_days:2979.000000 | sampler_num_batches:2979.000000 | sampler_batch_size:300.000000 | sampler_total_source_samples:856246.000000 | sampler_total_draws:893700.000000 | sampler_unique_samples:566264.000000 | sampler_coverage_ratio:0.661333 | sampler_coverage_gap_vs_full:0.338667 | sampler_duplicate_draws:327436.000000 | sampler_duplicate_rate:0.366382 | sampler_downsample_days:0.000000 | sampler_upsample_days:2877.000000 | sampler_exact_days:102.000000 | sampler_downsample_day_ratio:0.000000 | sampler_upsample_day_ratio:0.965760
| Valid 15 | time_embedding_norm:0.128844 | time_embedding_to_value_norm_ratio:0.720393 | time_tau:5.049381 | time_half_life:3.499964 | time_tau_std:0.000000 | time_tau_p10:5.049381 | time_tau_p90:5.049381 | time_tau_range_util:0.000000 | film_gamma_strength:0.077443 | film_beta_strength:0.010669 | factor_gate_mean:0.998834 | factor_gate_std:0.019918 | factor_gate_entropy:0.949180 | factor_gate_topk_mass_5:0.092338 | factor_gate_topk_mass_10:0.167556 | router_layer_0_time_ratio:0.646468 | router_layer_0_factor_ratio:0.353532 | router_layer_0_collapse_ratio:0.000000 | router_layer_0_entropy_norm:0.909597 | router_layer_0_logit_margin:0.693747 | expert_layer_0_time_expert_norm:15.808726 | expert_layer_0_factor_expert_norm:5.525256 | expert_layer_0_time_contrib_norm:10.234724 | expert_layer_0_factor_contrib_norm:1.952459 | expert_layer_0_contrib_norm_ratio:5.720710 | expert_layer_0_expert_cosine:-0.019839 | expert_layer_0_time_winner_ratio:0.999277 | router_layer_1_time_ratio:0.811352 | router_layer_1_factor_ratio:0.188648 | router_layer_1_collapse_ratio:0.000000 | router_layer_1_entropy_norm:0.693241 | router_layer_1_logit_margin:1.471964 | expert_layer_1_time_expert_norm:28.721510 | expert_layer_1_factor_expert_norm:25.221103 | expert_layer_1_time_contrib_norm:23.323957 | expert_layer_1_factor_contrib_norm:4.807377 | expert_layer_1_contrib_norm_ratio:5.283466 | expert_layer_1_expert_cosine:0.081973 | expert_layer_1_time_winner_ratio:0.990896 | loss_total:0.037903 | loss_main:0.037871 | loss_listmle:4.719576 | loss_mse:0.037871 | loss_ic:-0.061740 | loss_aux:0.000032 | loss_sparsity:0.000000 | valid_ratio:1.000000 | score_std:0.169360 | label_std:0.045755 | score_label_std_ratio:3.843824 | gate_entropy:0.555502 | time_ratio:0.728910 | ic_pearson_daily:0.061748 | rank_ic_daily:0.068747 | ic_raw:0.061748 | rank_ic:0.068747
| Train 16 | time_embedding_norm:0.128607 | time_embedding_to_value_norm_ratio:0.719535 | time_tau:5.368608 | time_half_life:3.721236 | time_tau_std:0.074553 | time_tau_p10:5.275674 | time_tau_p90:5.461443 | time_tau_range_util:0.003753 | film_gamma_strength:0.084859 | film_beta_strength:0.010933 | factor_gate_mean:0.999716 | factor_gate_std:0.022291 | factor_gate_entropy:0.949517 | factor_gate_topk_mass_5:0.090607 | factor_gate_topk_mass_10:0.165180 | router_layer_0_time_ratio:0.538329 | router_layer_0_factor_ratio:0.461671 | router_layer_0_collapse_ratio:0.000000 | router_layer_0_entropy_norm:0.948539 | router_layer_0_logit_margin:0.477262 | expert_layer_0_time_expert_norm:15.340034 | expert_layer_0_factor_expert_norm:5.211670 | expert_layer_0_time_contrib_norm:8.282860 | expert_layer_0_factor_contrib_norm:2.406635 | expert_layer_0_contrib_norm_ratio:3.997256 | expert_layer_0_expert_cosine:-0.019853 | expert_layer_0_time_winner_ratio:0.998976 | router_layer_1_time_ratio:0.755523 | router_layer_1_factor_ratio:0.244477 | router_layer_1_collapse_ratio:0.001358 | router_layer_1_entropy_norm:0.784613 | router_layer_1_logit_margin:1.161872 | expert_layer_1_time_expert_norm:26.513522 | expert_layer_1_factor_expert_norm:27.423225 | expert_layer_1_time_contrib_norm:20.075248 | expert_layer_1_factor_contrib_norm:6.855137 | expert_layer_1_contrib_norm_ratio:3.566711 | expert_layer_1_expert_cosine:0.052937 | expert_layer_1_time_winner_ratio:0.955646 | loss_total:1.348006 | loss_main:1.347949 | loss_listmle:4.702901 | loss_mse:1.347949 | loss_ic:-0.157165 | loss_aux:0.000057 | loss_sparsity:0.000000 | valid_ratio:1.000000 | score_std:0.181019 | label_std:1.164713 | score_label_std_ratio:0.157027 | ic_pearson_batch:0.157167 | ic_raw:0.157167 | rank_ic_batch:0.154692 | rank_ic:0.154692 | gate_entropy:0.600665 | time_ratio:0.646926 | grad_norm:4.142744 | grad_norm_other:1.816058 | grad_norm_time_embedding:2.801750 | grad_norm_factor_film:0.082910 | grad_norm_regime_encoder:0.595045 | grad_norm_router:0.922389 | grad_norm_time_expert:0.597960 | grad_norm_factor_expert:0.680952 | grad_norm_pooling_head:1.680039 | grad_nonfinite_tensors:1.000000 | grad_nonfinite_values:2.000000 | optimizer_steps:2978.000000 | grad_attempt_steps:2979.000000 | grad_skipped_steps:1.000000 | grad_nonfinite_steps:1.000000 | grad_skipped_rate:0.000336 | grad_nonfinite_rate:0.000336 | lr:0.000016 | sampler_epoch:15.000000 | sampler_num_days:2979.000000 | sampler_num_batches:2979.000000 | sampler_batch_size:300.000000 | sampler_total_source_samples:856246.000000 | sampler_total_draws:893700.000000 | sampler_unique_samples:566705.000000 | sampler_coverage_ratio:0.661848 | sampler_coverage_gap_vs_full:0.338152 | sampler_duplicate_draws:326995.000000 | sampler_duplicate_rate:0.365889 | sampler_downsample_days:0.000000 | sampler_upsample_days:2877.000000 | sampler_exact_days:102.000000 | sampler_downsample_day_ratio:0.000000 | sampler_upsample_day_ratio:0.965760
| Valid 16 | time_embedding_norm:0.128123 | time_embedding_to_value_norm_ratio:0.713976 | time_tau:5.091373 | time_half_life:3.529071 | time_tau_std:0.000000 | time_tau_p10:5.091373 | time_tau_p90:5.091373 | time_tau_range_util:0.000000 | film_gamma_strength:0.079395 | film_beta_strength:0.011017 | factor_gate_mean:0.998833 | factor_gate_std:0.020376 | factor_gate_entropy:0.949366 | factor_gate_topk_mass_5:0.091984 | factor_gate_topk_mass_10:0.166817 | router_layer_0_time_ratio:0.662966 | router_layer_0_factor_ratio:0.337035 | router_layer_0_collapse_ratio:0.000000 | router_layer_0_entropy_norm:0.896010 | router_layer_0_logit_margin:0.750839 | expert_layer_0_time_expert_norm:16.523871 | expert_layer_0_factor_expert_norm:5.412569 | expert_layer_0_time_contrib_norm:10.968823 | expert_layer_0_factor_contrib_norm:1.823070 | expert_layer_0_contrib_norm_ratio:6.557891 | expert_layer_0_expert_cosine:-0.021610 | expert_layer_0_time_winner_ratio:1.000000 | router_layer_1_time_ratio:0.728958 | router_layer_1_factor_ratio:0.271042 | router_layer_1_collapse_ratio:0.000000 | router_layer_1_entropy_norm:0.831983 | router_layer_1_logit_margin:1.010705 | expert_layer_1_time_expert_norm:28.804455 | expert_layer_1_factor_expert_norm:22.562570 | expert_layer_1_time_contrib_norm:21.044685 | expert_layer_1_factor_contrib_norm:6.263922 | expert_layer_1_contrib_norm_ratio:3.791756 | expert_layer_1_expert_cosine:0.097113 | expert_layer_1_time_winner_ratio:0.973526 | loss_total:0.045552 | loss_main:0.045472 | loss_listmle:4.720983 | loss_mse:0.045472 | loss_ic:-0.056227 | loss_aux:0.000080 | loss_sparsity:0.000000 | valid_ratio:1.000000 | score_std:0.188197 | label_std:0.045755 | score_label_std_ratio:4.263146 | gate_entropy:0.598877 | time_ratio:0.695962 | ic_pearson_daily:0.056235 | rank_ic_daily:0.065869 | ic_raw:0.056235 | rank_ic:0.065869
| Train 17 | time_embedding_norm:0.128001 | time_embedding_to_value_norm_ratio:0.714216 | time_tau:5.371278 | time_half_life:3.723086 | time_tau_std:0.075218 | time_tau_p10:5.277546 | time_tau_p90:5.465174 | time_tau_range_util:0.003790 | film_gamma_strength:0.085834 | film_beta_strength:0.011080 | factor_gate_mean:0.999727 | factor_gate_std:0.022446 | factor_gate_entropy:0.949444 | factor_gate_topk_mass_5:0.090599 | factor_gate_topk_mass_10:0.165135 | router_layer_0_time_ratio:0.540813 | router_layer_0_factor_ratio:0.459187 | router_layer_0_collapse_ratio:0.000000 | router_layer_0_entropy_norm:0.946883 | router_layer_0_logit_margin:0.485926 | expert_layer_0_time_expert_norm:15.620371 | expert_layer_0_factor_expert_norm:5.242788 | expert_layer_0_time_contrib_norm:8.471106 | expert_layer_0_factor_contrib_norm:2.407899 | expert_layer_0_contrib_norm_ratio:4.098200 | expert_layer_0_expert_cosine:-0.022860 | expert_layer_0_time_winner_ratio:0.998028 | router_layer_1_time_ratio:0.753966 | router_layer_1_factor_ratio:0.246034 | router_layer_1_collapse_ratio:0.001206 | router_layer_1_entropy_norm:0.786304 | router_layer_1_logit_margin:1.154601 | expert_layer_1_time_expert_norm:26.970460 | expert_layer_1_factor_expert_norm:27.027748 | expert_layer_1_time_contrib_norm:20.392760 | expert_layer_1_factor_contrib_norm:6.831313 | expert_layer_1_contrib_norm_ratio:3.665155 | expert_layer_1_expert_cosine:0.053439 | expert_layer_1_time_winner_ratio:0.954760 | loss_total:1.346426 | loss_main:1.346367 | loss_listmle:4.702633 | loss_mse:1.346367 | loss_ic:-0.158158 | loss_aux:0.000060 | loss_sparsity:0.000000 | valid_ratio:1.000000 | score_std:0.182316 | label_std:1.164462 | score_label_std_ratio:0.158148 | ic_pearson_batch:0.158159 | ic_raw:0.158159 | rank_ic_batch:0.155607 | rank_ic:0.155607 | gate_entropy:0.600677 | time_ratio:0.647390 | grad_norm:4.246209 | grad_norm_other:1.906099 | grad_norm_time_embedding:2.877270 | grad_norm_factor_film:0.087496 | grad_norm_regime_encoder:0.626520 | grad_norm_router:0.949852 | grad_norm_time_expert:0.618303 | grad_norm_factor_expert:0.703393 | grad_norm_pooling_head:1.637156 | optimizer_steps:2979.000000 | grad_attempt_steps:2979.000000 | grad_skipped_steps:0.000000 | grad_nonfinite_steps:0.000000 | grad_skipped_rate:0.000000 | grad_nonfinite_rate:0.000000 | lr:0.000013 | sampler_epoch:16.000000 | sampler_num_days:2979.000000 | sampler_num_batches:2979.000000 | sampler_batch_size:300.000000 | sampler_total_source_samples:856246.000000 | sampler_total_draws:893700.000000 | sampler_unique_samples:566494.000000 | sampler_coverage_ratio:0.661602 | sampler_coverage_gap_vs_full:0.338398 | sampler_duplicate_draws:327206.000000 | sampler_duplicate_rate:0.366125 | sampler_downsample_days:0.000000 | sampler_upsample_days:2877.000000 | sampler_exact_days:102.000000 | sampler_downsample_day_ratio:0.000000 | sampler_upsample_day_ratio:0.965760
| Valid 17 | time_embedding_norm:0.127510 | time_embedding_to_value_norm_ratio:0.709524 | time_tau:5.091397 | time_half_life:3.529087 | time_tau_std:0.000000 | time_tau_p10:5.091397 | time_tau_p90:5.091397 | time_tau_range_util:0.000000 | film_gamma_strength:0.080605 | film_beta_strength:0.011159 | factor_gate_mean:0.998888 | factor_gate_std:0.020598 | factor_gate_entropy:0.948990 | factor_gate_topk_mass_5:0.092799 | factor_gate_topk_mass_10:0.167924 | router_layer_0_time_ratio:0.657096 | router_layer_0_factor_ratio:0.342904 | router_layer_0_collapse_ratio:0.000000 | router_layer_0_entropy_norm:0.900219 | router_layer_0_logit_margin:0.732549 | expert_layer_0_time_expert_norm:16.425592 | expert_layer_0_factor_expert_norm:5.452171 | expert_layer_0_time_contrib_norm:10.807557 | expert_layer_0_factor_contrib_norm:1.868111 | expert_layer_0_contrib_norm_ratio:6.319766 | expert_layer_0_expert_cosine:-0.025988 | expert_layer_0_time_winner_ratio:0.999989 | router_layer_1_time_ratio:0.758619 | router_layer_1_factor_ratio:0.241381 | router_layer_1_collapse_ratio:0.000000 | router_layer_1_entropy_norm:0.790913 | router_layer_1_logit_margin:1.156022 | expert_layer_1_time_expert_norm:29.847638 | expert_layer_1_factor_expert_norm:22.677148 | expert_layer_1_time_contrib_norm:22.673830 | expert_layer_1_factor_contrib_norm:5.565603 | expert_layer_1_contrib_norm_ratio:4.476398 | expert_layer_1_expert_cosine:0.085715 | expert_layer_1_time_winner_ratio:0.985943 | loss_total:0.047899 | loss_main:0.047873 | loss_listmle:4.726664 | loss_mse:0.047873 | loss_ic:-0.060774 | loss_aux:0.000026 | loss_sparsity:0.000000 | valid_ratio:1.000000 | score_std:0.199765 | label_std:0.045755 | score_label_std_ratio:4.537438 | gate_entropy:0.586102 | time_ratio:0.707858 | ic_pearson_daily:0.060781 | rank_ic_daily:0.067405 | ic_raw:0.060781 | rank_ic:0.067405
| Train 18 | time_embedding_norm:0.127555 | time_embedding_to_value_norm_ratio:0.710882 | time_tau:5.366044 | time_half_life:3.719458 | time_tau_std:0.075746 | time_tau_p10:5.271649 | time_tau_p90:5.460724 | time_tau_range_util:0.003820 | film_gamma_strength:0.086520 | film_beta_strength:0.011068 | factor_gate_mean:0.999722 | factor_gate_std:0.022668 | factor_gate_entropy:0.949201 | factor_gate_topk_mass_5:0.090913 | factor_gate_topk_mass_10:0.165505 | router_layer_0_time_ratio:0.537249 | router_layer_0_factor_ratio:0.462751 | router_layer_0_collapse_ratio:0.000000 | router_layer_0_entropy_norm:0.946647 | router_layer_0_logit_margin:0.486229 | expert_layer_0_time_expert_norm:15.677653 | expert_layer_0_factor_expert_norm:5.200548 | expert_layer_0_time_contrib_norm:8.446392 | expert_layer_0_factor_contrib_norm:2.407068 | expert_layer_0_contrib_norm_ratio:4.098133 | expert_layer_0_expert_cosine:-0.025711 | expert_layer_0_time_winner_ratio:0.998453 | router_layer_1_time_ratio:0.758554 | router_layer_1_factor_ratio:0.241446 | router_layer_1_collapse_ratio:0.001008 | router_layer_1_entropy_norm:0.782903 | router_layer_1_logit_margin:1.171675 | expert_layer_1_time_expert_norm:27.284470 | expert_layer_1_factor_expert_norm:27.696425 | expert_layer_1_time_contrib_norm:20.743581 | expert_layer_1_factor_contrib_norm:6.843367 | expert_layer_1_contrib_norm_ratio:3.641534 | expert_layer_1_expert_cosine:0.050556 | expert_layer_1_time_winner_ratio:0.964428 | loss_total:1.348493 | loss_main:1.348446 | loss_listmle:4.702830 | loss_mse:1.348446 | loss_ic:-0.159126 | loss_aux:0.000047 | loss_sparsity:0.000000 | valid_ratio:1.000000 | score_std:0.184799 | label_std:1.165486 | score_label_std_ratio:0.160171 | ic_pearson_batch:0.159127 | ic_raw:0.159127 | rank_ic_batch:0.157590 | rank_ic:0.157590 | gate_entropy:0.599416 | time_ratio:0.647901 | grad_norm:4.565438 | grad_norm_other:1.995411 | grad_norm_time_embedding:3.212649 | grad_norm_factor_film:0.091515 | grad_norm_regime_encoder:0.654293 | grad_norm_router:0.992278 | grad_norm_time_expert:0.648245 | grad_norm_factor_expert:0.766425 | grad_norm_pooling_head:1.665710 | grad_nonfinite_tensors:4.000000 | grad_nonfinite_values:35.000000 | optimizer_steps:2977.000000 | grad_attempt_steps:2979.000000 | grad_skipped_steps:2.000000 | grad_nonfinite_steps:2.000000 | grad_skipped_rate:0.000671 | grad_nonfinite_rate:0.000671 | lr:0.000010 | sampler_epoch:17.000000 | sampler_num_days:2979.000000 | sampler_num_batches:2979.000000 | sampler_batch_size:300.000000 | sampler_total_source_samples:856246.000000 | sampler_total_draws:893700.000000 | sampler_unique_samples:566266.000000 | sampler_coverage_ratio:0.661336 | sampler_coverage_gap_vs_full:0.338664 | sampler_duplicate_draws:327434.000000 | sampler_duplicate_rate:0.366380 | sampler_downsample_days:0.000000 | sampler_upsample_days:2877.000000 | sampler_exact_days:102.000000 | sampler_downsample_day_ratio:0.000000 | sampler_upsample_day_ratio:0.965760
| Valid 18 | time_embedding_norm:0.127187 | time_embedding_to_value_norm_ratio:0.706540 | time_tau:5.079150 | time_half_life:3.520599 | time_tau_std:0.000000 | time_tau_p10:5.079150 | time_tau_p90:5.079150 | time_tau_range_util:0.000000 | film_gamma_strength:0.081270 | film_beta_strength:0.011282 | factor_gate_mean:0.998898 | factor_gate_std:0.020717 | factor_gate_entropy:0.948734 | factor_gate_topk_mass_5:0.093027 | factor_gate_topk_mass_10:0.168212 | router_layer_0_time_ratio:0.654067 | router_layer_0_factor_ratio:0.345933 | router_layer_0_collapse_ratio:0.000000 | router_layer_0_entropy_norm:0.902591 | router_layer_0_logit_margin:0.723120 | expert_layer_0_time_expert_norm:16.420152 | expert_layer_0_factor_expert_norm:5.427783 | expert_layer_0_time_contrib_norm:10.754456 | expert_layer_0_factor_contrib_norm:1.876251 | expert_layer_0_contrib_norm_ratio:6.261418 | expert_layer_0_expert_cosine:-0.030559 | expert_layer_0_time_winner_ratio:0.999858 | router_layer_1_time_ratio:0.753284 | router_layer_1_factor_ratio:0.246716 | router_layer_1_collapse_ratio:0.000000 | router_layer_1_entropy_norm:0.796806 | router_layer_1_logit_margin:1.133579 | expert_layer_1_time_expert_norm:29.275161 | expert_layer_1_factor_expert_norm:23.319498 | expert_layer_1_time_contrib_norm:22.095975 | expert_layer_1_factor_contrib_norm:5.890552 | expert_layer_1_contrib_norm_ratio:4.199023 | expert_layer_1_expert_cosine:0.085789 | expert_layer_1_time_winner_ratio:0.978018 | loss_total:0.043019 | loss_main:0.042978 | loss_listmle:4.723246 | loss_mse:0.042978 | loss_ic:-0.059831 | loss_aux:0.000041 | loss_sparsity:0.000000 | valid_ratio:1.000000 | score_std:0.177878 | label_std:0.045755 | score_label_std_ratio:4.039067 | gate_entropy:0.588966 | time_ratio:0.703676 | ic_pearson_daily:0.059837 | rank_ic_daily:0.065792 | ic_raw:0.059837 | rank_ic:0.065792
| Train 19 | time_embedding_norm:0.127180 | time_embedding_to_value_norm_ratio:0.707928 | time_tau:5.374409 | time_half_life:3.725256 | time_tau_std:0.077485 | time_tau_p10:5.277870 | time_tau_p90:5.471435 | time_tau_range_util:0.003910 | film_gamma_strength:0.087261 | film_beta_strength:0.011181 | factor_gate_mean:0.999745 | factor_gate_std:0.022889 | factor_gate_entropy:0.949192 | factor_gate_topk_mass_5:0.091258 | factor_gate_topk_mass_10:0.165893 | router_layer_0_time_ratio:0.534926 | router_layer_0_factor_ratio:0.465074 | router_layer_0_collapse_ratio:0.000000 | router_layer_0_entropy_norm:0.945574 | router_layer_0_logit_margin:0.492120 | expert_layer_0_time_expert_norm:15.651611 | expert_layer_0_factor_expert_norm:5.182444 | expert_layer_0_time_contrib_norm:8.396811 | expert_layer_0_factor_contrib_norm:2.410432 | expert_layer_0_contrib_norm_ratio:4.078592 | expert_layer_0_expert_cosine:-0.028129 | expert_layer_0_time_winner_ratio:0.997116 | router_layer_1_time_ratio:0.767311 | router_layer_1_factor_ratio:0.232689 | router_layer_1_collapse_ratio:0.001551 | router_layer_1_entropy_norm:0.765538 | router_layer_1_logit_margin:1.226924 | expert_layer_1_time_expert_norm:26.780134 | expert_layer_1_factor_expert_norm:28.007586 | expert_layer_1_time_contrib_norm:20.601774 | expert_layer_1_factor_contrib_norm:6.692215 | expert_layer_1_contrib_norm_ratio:3.767773 | expert_layer_1_expert_cosine:0.048184 | expert_layer_1_time_winner_ratio:0.959801 | loss_total:1.346116 | loss_main:1.346065 | loss_listmle:4.702116 | loss_mse:1.346065 | loss_ic:-0.163137 | loss_aux:0.000051 | loss_sparsity:0.000000 | valid_ratio:1.000000 | score_std:0.187935 | label_std:1.165369 | score_label_std_ratio:0.162854 | ic_pearson_batch:0.163139 | ic_raw:0.163139 | rank_ic_batch:0.160732 | rank_ic:0.160732 | gate_entropy:0.593026 | time_ratio:0.651119 | grad_norm:4.894413 | grad_norm_other:2.128051 | grad_norm_time_embedding:3.493815 | grad_norm_factor_film:0.094409 | grad_norm_regime_encoder:0.680870 | grad_norm_router:1.111684 | grad_norm_time_expert:0.687810 | grad_norm_factor_expert:0.839573 | grad_norm_pooling_head:1.692398 | grad_nonfinite_tensors:6.000000 | grad_nonfinite_values:77.000000 | optimizer_steps:2978.000000 | grad_attempt_steps:2979.000000 | grad_skipped_steps:1.000000 | grad_nonfinite_steps:1.000000 | grad_skipped_rate:0.000336 | grad_nonfinite_rate:0.000336 | lr:0.000007 | sampler_epoch:18.000000 | sampler_num_days:2979.000000 | sampler_num_batches:2979.000000 | sampler_batch_size:300.000000 | sampler_total_source_samples:856246.000000 | sampler_total_draws:893700.000000 | sampler_unique_samples:566807.000000 | sampler_coverage_ratio:0.661967 | sampler_coverage_gap_vs_full:0.338033 | sampler_duplicate_draws:326893.000000 | sampler_duplicate_rate:0.365775 | sampler_downsample_days:0.000000 | sampler_upsample_days:2877.000000 | sampler_exact_days:102.000000 | sampler_downsample_day_ratio:0.000000 | sampler_upsample_day_ratio:0.965760
| Valid 19 | time_embedding_norm:0.126771 | time_embedding_to_value_norm_ratio:0.703568 | time_tau:5.073171 | time_half_life:3.516454 | time_tau_std:0.000000 | time_tau_p10:5.073171 | time_tau_p90:5.073171 | time_tau_range_util:0.000000 | film_gamma_strength:0.081088 | film_beta_strength:0.011330 | factor_gate_mean:0.998943 | factor_gate_std:0.020623 | factor_gate_entropy:0.948583 | factor_gate_topk_mass_5:0.093385 | factor_gate_topk_mass_10:0.168656 | router_layer_0_time_ratio:0.659308 | router_layer_0_factor_ratio:0.340693 | router_layer_0_collapse_ratio:0.000000 | router_layer_0_entropy_norm:0.896452 | router_layer_0_logit_margin:0.747452 | expert_layer_0_time_expert_norm:16.470944 | expert_layer_0_factor_expert_norm:5.455606 | expert_layer_0_time_contrib_norm:10.874447 | expert_layer_0_factor_contrib_norm:1.857346 | expert_layer_0_contrib_norm_ratio:6.426389 | expert_layer_0_expert_cosine:-0.029288 | expert_layer_0_time_winner_ratio:0.999836 | router_layer_1_time_ratio:0.737120 | router_layer_1_factor_ratio:0.262880 | router_layer_1_collapse_ratio:0.000000 | router_layer_1_entropy_norm:0.821482 | router_layer_1_logit_margin:1.049246 | expert_layer_1_time_expert_norm:29.515788 | expert_layer_1_factor_expert_norm:23.020578 | expert_layer_1_time_contrib_norm:21.801255 | expert_layer_1_factor_contrib_norm:6.205306 | expert_layer_1_contrib_norm_ratio:3.938527 | expert_layer_1_expert_cosine:0.090556 | expert_layer_1_time_winner_ratio:0.974815 | loss_total:0.038953 | loss_main:0.038893 | loss_listmle:4.720756 | loss_mse:0.038893 | loss_ic:-0.059906 | loss_aux:0.000061 | loss_sparsity:0.000000 | valid_ratio:1.000000 | score_std:0.173656 | label_std:0.045755 | score_label_std_ratio:3.942887 | gate_entropy:0.595391 | time_ratio:0.698214 | ic_pearson_daily:0.059915 | rank_ic_daily:0.067318 | ic_raw:0.059915 | rank_ic:0.067318
| Train 20 | time_embedding_norm:0.126970 | time_embedding_to_value_norm_ratio:0.706248 | time_tau:5.368696 | time_half_life:3.721297 | time_tau_std:0.078010 | time_tau_p10:5.271447 | time_tau_p90:5.466322 | time_tau_range_util:0.003937 | film_gamma_strength:0.086933 | film_beta_strength:0.011195 | factor_gate_mean:0.999766 | factor_gate_std:0.022726 | factor_gate_entropy:0.948974 | factor_gate_topk_mass_5:0.091542 | factor_gate_topk_mass_10:0.166313 | router_layer_0_time_ratio:0.536369 | router_layer_0_factor_ratio:0.463631 | router_layer_0_collapse_ratio:0.000000 | router_layer_0_entropy_norm:0.945809 | router_layer_0_logit_margin:0.490464 | expert_layer_0_time_expert_norm:15.656533 | expert_layer_0_factor_expert_norm:5.207824 | expert_layer_0_time_contrib_norm:8.421956 | expert_layer_0_factor_contrib_norm:2.414983 | expert_layer_0_contrib_norm_ratio:4.082605 | expert_layer_0_expert_cosine:-0.027603 | expert_layer_0_time_winner_ratio:0.997753 | router_layer_1_time_ratio:0.767395 | router_layer_1_factor_ratio:0.232605 | router_layer_1_collapse_ratio:0.001682 | router_layer_1_entropy_norm:0.767617 | router_layer_1_logit_margin:1.222465 | expert_layer_1_time_expert_norm:26.801724 | expert_layer_1_factor_expert_norm:27.761301 | expert_layer_1_time_contrib_norm:20.615034 | expert_layer_1_factor_contrib_norm:6.623351 | expert_layer_1_contrib_norm_ratio:3.755034 | expert_layer_1_expert_cosine:0.050115 | expert_layer_1_time_winner_ratio:0.965965 | loss_total:1.344712 | loss_main:1.344670 | loss_listmle:4.702028 | loss_mse:1.344670 | loss_ic:-0.163764 | loss_aux:0.000042 | loss_sparsity:0.000000 | valid_ratio:1.000000 | score_std:0.189253 | label_std:1.165127 | score_label_std_ratio:0.164095 | ic_pearson_batch:0.163764 | ic_raw:0.163764 | rank_ic_batch:0.160859 | rank_ic:0.160859 | gate_entropy:0.593828 | time_ratio:0.651882 | grad_norm:4.889858 | grad_norm_other:2.145110 | grad_norm_time_embedding:3.494062 | grad_norm_factor_film:0.094800 | grad_norm_regime_encoder:0.686583 | grad_norm_router:1.108883 | grad_norm_time_expert:0.696403 | grad_norm_factor_expert:0.837682 | grad_norm_pooling_head:1.663911 | grad_nonfinite_tensors:2.000000 | grad_nonfinite_values:7.000000 | optimizer_steps:2977.000000 | grad_attempt_steps:2979.000000 | grad_skipped_steps:2.000000 | grad_nonfinite_steps:2.000000 | grad_skipped_rate:0.000671 | grad_nonfinite_rate:0.000671 | lr:0.000005 | sampler_epoch:19.000000 | sampler_num_days:2979.000000 | sampler_num_batches:2979.000000 | sampler_batch_size:300.000000 | sampler_total_source_samples:856246.000000 | sampler_total_draws:893700.000000 | sampler_unique_samples:566444.000000 | sampler_coverage_ratio:0.661544 | sampler_coverage_gap_vs_full:0.338456 | sampler_duplicate_draws:327256.000000 | sampler_duplicate_rate:0.366181 | sampler_downsample_days:0.000000 | sampler_upsample_days:2877.000000 | sampler_exact_days:102.000000 | sampler_downsample_day_ratio:0.000000 | sampler_upsample_day_ratio:0.965760
| Valid 20 | time_embedding_norm:0.126643 | time_embedding_to_value_norm_ratio:0.702600 | time_tau:5.087312 | time_half_life:3.526256 | time_tau_std:0.000000 | time_tau_p10:5.087312 | time_tau_p90:5.087312 | time_tau_range_util:0.000000 | film_gamma_strength:0.081810 | film_beta_strength:0.011453 | factor_gate_mean:0.998933 | factor_gate_std:0.020781 | factor_gate_entropy:0.948392 | factor_gate_topk_mass_5:0.093506 | factor_gate_topk_mass_10:0.168844 | router_layer_0_time_ratio:0.656575 | router_layer_0_factor_ratio:0.343425 | router_layer_0_collapse_ratio:0.000000 | router_layer_0_entropy_norm:0.899109 | router_layer_0_logit_margin:0.736500 | expert_layer_0_time_expert_norm:16.438381 | expert_layer_0_factor_expert_norm:5.391814 | expert_layer_0_time_contrib_norm:10.808259 | expert_layer_0_factor_contrib_norm:1.850288 | expert_layer_0_contrib_norm_ratio:6.405660 | expert_layer_0_expert_cosine:-0.032034 | expert_layer_0_time_winner_ratio:0.999841 | router_layer_1_time_ratio:0.768979 | router_layer_1_factor_ratio:0.231021 | router_layer_1_collapse_ratio:0.000000 | router_layer_1_entropy_norm:0.771956 | router_layer_1_logit_margin:1.217046 | expert_layer_1_time_expert_norm:28.925174 | expert_layer_1_factor_expert_norm:23.291092 | expert_layer_1_time_contrib_norm:22.280190 | expert_layer_1_factor_contrib_norm:5.504879 | expert_layer_1_contrib_norm_ratio:4.514359 | expert_layer_1_expert_cosine:0.081850 | expert_layer_1_time_winner_ratio:0.982655 | loss_total:0.051009 | loss_main:0.050983 | loss_listmle:4.727692 | loss_mse:0.050983 | loss_ic:-0.059452 | loss_aux:0.000027 | loss_sparsity:0.000000 | valid_ratio:1.000000 | score_std:0.200523 | label_std:0.045755 | score_label_std_ratio:4.551369 | gate_entropy:0.579147 | time_ratio:0.712777 | ic_pearson_daily:0.059460 | rank_ic_daily:0.064992 | ic_raw:0.059460 | rank_ic:0.064992
| Train 21 | time_embedding_norm:0.126739 | time_embedding_to_value_norm_ratio:0.704698 | time_tau:5.374639 | time_half_life:3.725416 | time_tau_std:0.078686 | time_tau_p10:5.276591 | time_tau_p90:5.473162 | time_tau_range_util:0.003971 | film_gamma_strength:0.087869 | film_beta_strength:0.011245 | factor_gate_mean:0.999765 | factor_gate_std:0.022992 | factor_gate_entropy:0.948941 | factor_gate_topk_mass_5:0.091592 | factor_gate_topk_mass_10:0.166345 | router_layer_0_time_ratio:0.538574 | router_layer_0_factor_ratio:0.461426 | router_layer_0_collapse_ratio:0.000000 | router_layer_0_entropy_norm:0.943741 | router_layer_0_logit_margin:0.501097 | expert_layer_0_time_expert_norm:15.710591 | expert_layer_0_factor_expert_norm:5.181744 | expert_layer_0_time_contrib_norm:8.486555 | expert_layer_0_factor_contrib_norm:2.391278 | expert_layer_0_contrib_norm_ratio:4.174935 | expert_layer_0_expert_cosine:-0.029400 | expert_layer_0_time_winner_ratio:0.997450 | router_layer_1_time_ratio:0.766406 | router_layer_1_factor_ratio:0.233594 | router_layer_1_collapse_ratio:0.001730 | router_layer_1_entropy_norm:0.768617 | router_layer_1_logit_margin:1.218213 | expert_layer_1_time_expert_norm:26.573174 | expert_layer_1_factor_expert_norm:27.468712 | expert_layer_1_time_contrib_norm:20.421973 | expert_layer_1_factor_contrib_norm:6.598974 | expert_layer_1_contrib_norm_ratio:3.763751 | expert_layer_1_expert_cosine:0.049731 | expert_layer_1_time_winner_ratio:0.961355 | loss_total:1.343217 | loss_main:1.343172 | loss_listmle:4.702292 | loss_mse:1.343172 | loss_ic:-0.164387 | loss_aux:0.000045 | loss_sparsity:0.000000 | valid_ratio:1.000000 | score_std:0.192501 | label_std:1.164681 | score_label_std_ratio:0.166946 | ic_pearson_batch:0.164389 | ic_raw:0.164389 | rank_ic_batch:0.162346 | rank_ic:0.162346 | gate_entropy:0.593458 | time_ratio:0.652490 | grad_norm:5.016991 | grad_norm_other:2.250096 | grad_norm_time_embedding:3.580760 | grad_norm_factor_film:0.098594 | grad_norm_regime_encoder:0.707413 | grad_norm_router:1.128254 | grad_norm_time_expert:0.730971 | grad_norm_factor_expert:0.850907 | grad_norm_pooling_head:1.673279 | grad_nonfinite_tensors:3.000000 | grad_nonfinite_values:14.000000 | optimizer_steps:2978.000000 | grad_attempt_steps:2979.000000 | grad_skipped_steps:1.000000 | grad_nonfinite_steps:1.000000 | grad_skipped_rate:0.000336 | grad_nonfinite_rate:0.000336 | lr:0.000003 | sampler_epoch:20.000000 | sampler_num_days:2979.000000 | sampler_num_batches:2979.000000 | sampler_batch_size:300.000000 | sampler_total_source_samples:856246.000000 | sampler_total_draws:893700.000000 | sampler_unique_samples:566802.000000 | sampler_coverage_ratio:0.661962 | sampler_coverage_gap_vs_full:0.338038 | sampler_duplicate_draws:326898.000000 | sampler_duplicate_rate:0.365780 | sampler_downsample_days:0.000000 | sampler_upsample_days:2877.000000 | sampler_exact_days:102.000000 | sampler_downsample_day_ratio:0.000000 | sampler_upsample_day_ratio:0.965760
| Valid 21 | time_embedding_norm:0.126429 | time_embedding_to_value_norm_ratio:0.701230 | time_tau:5.083285 | time_half_life:3.523464 | time_tau_std:0.000000 | time_tau_p10:5.083285 | time_tau_p90:5.083285 | time_tau_range_util:0.000000 | film_gamma_strength:0.081696 | film_beta_strength:0.011452 | factor_gate_mean:0.998958 | factor_gate_std:0.020702 | factor_gate_entropy:0.948362 | factor_gate_topk_mass_5:0.093614 | factor_gate_topk_mass_10:0.168889 | router_layer_0_time_ratio:0.660106 | router_layer_0_factor_ratio:0.339894 | router_layer_0_collapse_ratio:0.000000 | router_layer_0_entropy_norm:0.895338 | router_layer_0_logit_margin:0.751904 | expert_layer_0_time_expert_norm:16.482725 | expert_layer_0_factor_expert_norm:5.398735 | expert_layer_0_time_contrib_norm:10.895920 | expert_layer_0_factor_contrib_norm:1.833732 | expert_layer_0_contrib_norm_ratio:6.530779 | expert_layer_0_expert_cosine:-0.032157 | expert_layer_0_time_winner_ratio:0.999912 | router_layer_1_time_ratio:0.776072 | router_layer_1_factor_ratio:0.223928 | router_layer_1_collapse_ratio:0.000000 | router_layer_1_entropy_norm:0.760175 | router_layer_1_logit_margin:1.256143 | expert_layer_1_time_expert_norm:29.083689 | expert_layer_1_factor_expert_norm:23.485533 | expert_layer_1_time_contrib_norm:22.606484 | expert_layer_1_factor_contrib_norm:5.376997 | expert_layer_1_contrib_norm_ratio:4.672663 | expert_layer_1_expert_cosine:0.081119 | expert_layer_1_time_winner_ratio:0.984274 | loss_total:0.047774 | loss_main:0.047753 | loss_listmle:4.725561 | loss_mse:0.047753 | loss_ic:-0.060184 | loss_aux:0.000022 | loss_sparsity:0.000000 | valid_ratio:1.000000 | score_std:0.197205 | label_std:0.045755 | score_label_std_ratio:4.477916 | gate_entropy:0.573757 | time_ratio:0.718089 | ic_pearson_daily:0.060190 | rank_ic_daily:0.067232 | ic_raw:0.060190 | rank_ic:0.067232
| Train 22 | time_embedding_norm:0.126603 | time_embedding_to_value_norm_ratio:0.703626 | time_tau:5.369628 | time_half_life:3.721943 | time_tau_std:0.078658 | time_tau_p10:5.271807 | time_tau_p90:5.468119 | time_tau_range_util:0.003966 | film_gamma_strength:0.087694 | film_beta_strength:0.011251 | factor_gate_mean:0.999771 | factor_gate_std:0.022943 | factor_gate_entropy:0.948947 | factor_gate_topk_mass_5:0.091550 | factor_gate_topk_mass_10:0.166237 | router_layer_0_time_ratio:0.536439 | router_layer_0_factor_ratio:0.463561 | router_layer_0_collapse_ratio:0.000000 | router_layer_0_entropy_norm:0.943378 | router_layer_0_logit_margin:0.502593 | expert_layer_0_time_expert_norm:15.665847 | expert_layer_0_factor_expert_norm:5.188367 | expert_layer_0_time_contrib_norm:8.429531 | expert_layer_0_factor_contrib_norm:2.405501 | expert_layer_0_contrib_norm_ratio:4.130735 | expert_layer_0_expert_cosine:-0.029828 | expert_layer_0_time_winner_ratio:0.996604 | router_layer_1_time_ratio:0.779711 | router_layer_1_factor_ratio:0.220289 | router_layer_1_collapse_ratio:0.002051 | router_layer_1_entropy_norm:0.747938 | router_layer_1_logit_margin:1.289922 | expert_layer_1_time_expert_norm:26.608162 | expert_layer_1_factor_expert_norm:28.237694 | expert_layer_1_time_contrib_norm:20.795063 | expert_layer_1_factor_contrib_norm:6.384696 | expert_layer_1_contrib_norm_ratio:3.913726 | expert_layer_1_expert_cosine:0.045124 | expert_layer_1_time_winner_ratio:0.969938 | loss_total:1.346069 | loss_main:1.346034 | loss_listmle:4.702647 | loss_mse:1.346034 | loss_ic:-0.163898 | loss_aux:0.000035 | loss_sparsity:0.000000 | valid_ratio:1.000000 | score_std:0.190812 | label_std:1.165963 | score_label_std_ratio:0.165279 | ic_pearson_batch:0.163899 | ic_raw:0.163899 | rank_ic_batch:0.160967 | rank_ic:0.160967 | gate_entropy:0.586166 | time_ratio:0.658075 | grad_norm:5.190045 | grad_norm_other:2.299864 | grad_norm_time_embedding:3.763936 | grad_norm_factor_film:0.099508 | grad_norm_regime_encoder:0.709591 | grad_norm_router:1.164973 | grad_norm_time_expert:0.748043 | grad_norm_factor_expert:0.879065 | grad_norm_pooling_head:1.670012 | grad_nonfinite_tensors:3.000000 | grad_nonfinite_values:10.000000 | optimizer_steps:2978.000000 | grad_attempt_steps:2979.000000 | grad_skipped_steps:1.000000 | grad_nonfinite_steps:1.000000 | grad_skipped_rate:0.000336 | grad_nonfinite_rate:0.000336 | lr:0.000002 | sampler_epoch:21.000000 | sampler_num_days:2979.000000 | sampler_num_batches:2979.000000 | sampler_batch_size:300.000000 | sampler_total_source_samples:856246.000000 | sampler_total_draws:893700.000000 | sampler_unique_samples:566712.000000 | sampler_coverage_ratio:0.661857 | sampler_coverage_gap_vs_full:0.338143 | sampler_duplicate_draws:326988.000000 | sampler_duplicate_rate:0.365881 | sampler_downsample_days:0.000000 | sampler_upsample_days:2877.000000 | sampler_exact_days:102.000000 | sampler_downsample_day_ratio:0.000000 | sampler_upsample_day_ratio:0.965760
| Valid 22 | time_embedding_norm:0.126253 | time_embedding_to_value_norm_ratio:0.700123 | time_tau:5.085290 | time_half_life:3.524855 | time_tau_std:0.000000 | time_tau_p10:5.085290 | time_tau_p90:5.085290 | time_tau_range_util:0.000000 | film_gamma_strength:0.082023 | film_beta_strength:0.011489 | factor_gate_mean:0.998952 | factor_gate_std:0.020784 | factor_gate_entropy:0.948411 | factor_gate_topk_mass_5:0.093549 | factor_gate_topk_mass_10:0.168789 | router_layer_0_time_ratio:0.660735 | router_layer_0_factor_ratio:0.339265 | router_layer_0_collapse_ratio:0.000000 | router_layer_0_entropy_norm:0.894226 | router_layer_0_logit_margin:0.756016 | expert_layer_0_time_expert_norm:16.528815 | expert_layer_0_factor_expert_norm:5.403773 | expert_layer_0_time_contrib_norm:10.936950 | expert_layer_0_factor_contrib_norm:1.832119 | expert_layer_0_contrib_norm_ratio:6.572610 | expert_layer_0_expert_cosine:-0.032541 | expert_layer_0_time_winner_ratio:0.999841 | router_layer_1_time_ratio:0.765314 | router_layer_1_factor_ratio:0.234686 | router_layer_1_collapse_ratio:0.000000 | router_layer_1_entropy_norm:0.778205 | router_layer_1_logit_margin:1.196471 | expert_layer_1_time_expert_norm:29.485011 | expert_layer_1_factor_expert_norm:22.920069 | expert_layer_1_time_contrib_norm:22.603886 | expert_layer_1_factor_contrib_norm:5.510908 | expert_layer_1_contrib_norm_ratio:4.585689 | expert_layer_1_expert_cosine:0.078959 | expert_layer_1_time_winner_ratio:0.981950 | loss_total:0.050605 | loss_main:0.050575 | loss_listmle:4.728602 | loss_mse:0.050575 | loss_ic:-0.059646 | loss_aux:0.000030 | loss_sparsity:0.000000 | valid_ratio:1.000000 | score_std:0.204777 | label_std:0.045755 | score_label_std_ratio:4.647327 | gate_entropy:0.579620 | time_ratio:0.713025 | ic_pearson_daily:0.059654 | rank_ic_daily:0.065719 | ic_raw:0.059654 | rank_ic:0.065719
| Train 23 | time_embedding_norm:0.126484 | time_embedding_to_value_norm_ratio:0.702850 | time_tau:5.373120 | time_half_life:3.724363 | time_tau_std:0.078858 | time_tau_p10:5.274969 | time_tau_p90:5.471635 | time_tau_range_util:0.003973 | film_gamma_strength:0.087466 | film_beta_strength:0.011267 | factor_gate_mean:0.999775 | factor_gate_std:0.022854 | factor_gate_entropy:0.948874 | factor_gate_topk_mass_5:0.091646 | factor_gate_topk_mass_10:0.166375 | router_layer_0_time_ratio:0.538334 | router_layer_0_factor_ratio:0.461666 | router_layer_0_collapse_ratio:0.000000 | router_layer_0_entropy_norm:0.943055 | router_layer_0_logit_margin:0.504317 | expert_layer_0_time_expert_norm:15.715422 | expert_layer_0_factor_expert_norm:5.183421 | expert_layer_0_time_contrib_norm:8.486160 | expert_layer_0_factor_contrib_norm:2.393437 | expert_layer_0_contrib_norm_ratio:4.181828 | expert_layer_0_expert_cosine:-0.029886 | expert_layer_0_time_winner_ratio:0.997240 | router_layer_1_time_ratio:0.771851 | router_layer_1_factor_ratio:0.228149 | router_layer_1_collapse_ratio:0.001345 | router_layer_1_entropy_norm:0.761391 | router_layer_1_logit_margin:1.244804 | expert_layer_1_time_expert_norm:26.865599 | expert_layer_1_factor_expert_norm:27.668627 | expert_layer_1_time_contrib_norm:20.788912 | expert_layer_1_factor_contrib_norm:6.489313 | expert_layer_1_contrib_norm_ratio:3.863415 | expert_layer_1_expert_cosine:0.046027 | expert_layer_1_time_winner_ratio:0.967543 | loss_total:1.342810 | loss_main:1.342773 | loss_listmle:4.702191 | loss_mse:1.342773 | loss_ic:-0.167165 | loss_aux:0.000036 | loss_sparsity:0.000000 | valid_ratio:1.000000 | score_std:0.197195 | label_std:1.165414 | score_label_std_ratio:0.170960 | ic_pearson_batch:0.167167 | ic_raw:0.167167 | rank_ic_batch:0.164149 | rank_ic:0.164149 | gate_entropy:0.590716 | time_ratio:0.655092 | grad_norm:5.336871 | grad_norm_other:2.374663 | grad_norm_time_embedding:3.890534 | grad_norm_factor_film:0.102582 | grad_norm_regime_encoder:0.731370 | grad_norm_router:1.183229 | grad_norm_time_expert:0.770777 | grad_norm_factor_expert:0.911213 | grad_norm_pooling_head:1.660174 | grad_nonfinite_tensors:3.000000 | grad_nonfinite_values:11.000000 | optimizer_steps:2978.000000 | grad_attempt_steps:2979.000000 | grad_skipped_steps:1.000000 | grad_nonfinite_steps:1.000000 | grad_skipped_rate:0.000336 | grad_nonfinite_rate:0.000336 | lr:0.000001 | sampler_epoch:22.000000 | sampler_num_days:2979.000000 | sampler_num_batches:2979.000000 | sampler_batch_size:300.000000 | sampler_total_source_samples:856246.000000 | sampler_total_draws:893700.000000 | sampler_unique_samples:566419.000000 | sampler_coverage_ratio:0.661514 | sampler_coverage_gap_vs_full:0.338486 | sampler_duplicate_draws:327281.000000 | sampler_duplicate_rate:0.366209 | sampler_downsample_days:0.000000 | sampler_upsample_days:2877.000000 | sampler_exact_days:102.000000 | sampler_downsample_day_ratio:0.000000 | sampler_upsample_day_ratio:0.965760
| Valid 23 | time_embedding_norm:0.126236 | time_embedding_to_value_norm_ratio:0.699974 | time_tau:5.086909 | time_half_life:3.525977 | time_tau_std:0.000000 | time_tau_p10:5.086909 | time_tau_p90:5.086909 | time_tau_range_util:0.000000 | film_gamma_strength:0.082094 | film_beta_strength:0.011504 | factor_gate_mean:0.998950 | factor_gate_std:0.020796 | factor_gate_entropy:0.948372 | factor_gate_topk_mass_5:0.093538 | factor_gate_topk_mass_10:0.168768 | router_layer_0_time_ratio:0.661327 | router_layer_0_factor_ratio:0.338673 | router_layer_0_collapse_ratio:0.000000 | router_layer_0_entropy_norm:0.893562 | router_layer_0_logit_margin:0.758778 | expert_layer_0_time_expert_norm:16.520991 | expert_layer_0_factor_expert_norm:5.403998 | expert_layer_0_time_contrib_norm:10.941672 | expert_layer_0_factor_contrib_norm:1.828940 | expert_layer_0_contrib_norm_ratio:6.589140 | expert_layer_0_expert_cosine:-0.032636 | expert_layer_0_time_winner_ratio:0.999863 | router_layer_1_time_ratio:0.778316 | router_layer_1_factor_ratio:0.221684 | router_layer_1_collapse_ratio:0.000000 | router_layer_1_entropy_norm:0.756246 | router_layer_1_logit_margin:1.269028 | expert_layer_1_time_expert_norm:29.503087 | expert_layer_1_factor_expert_norm:23.317319 | expert_layer_1_time_contrib_norm:22.997861 | expert_layer_1_factor_contrib_norm:5.284588 | expert_layer_1_contrib_norm_ratio:4.832478 | expert_layer_1_expert_cosine:0.078155 | expert_layer_1_time_winner_ratio:0.984909 | loss_total:0.050616 | loss_main:0.050595 | loss_listmle:4.727578 | loss_mse:0.050595 | loss_ic:-0.059757 | loss_aux:0.000021 | loss_sparsity:0.000000 | valid_ratio:1.000000 | score_std:0.199286 | label_std:0.045755 | score_label_std_ratio:4.524672 | gate_entropy:0.571780 | time_ratio:0.719821 | ic_pearson_daily:0.059763 | rank_ic_daily:0.065857 | ic_raw:0.059763 | rank_ic:0.065857
| Train 24 | time_embedding_norm:0.126456 | time_embedding_to_value_norm_ratio:0.702750 | time_tau:5.372990 | time_half_life:3.724273 | time_tau_std:0.078754 | time_tau_p10:5.275210 | time_tau_p90:5.471540 | time_tau_range_util:0.003966 | film_gamma_strength:0.087572 | film_beta_strength:0.011261 | factor_gate_mean:0.999777 | factor_gate_std:0.022890 | factor_gate_entropy:0.948882 | factor_gate_topk_mass_5:0.091619 | factor_gate_topk_mass_10:0.166330 | router_layer_0_time_ratio:0.537828 | router_layer_0_factor_ratio:0.462172 | router_layer_0_collapse_ratio:0.000000 | router_layer_0_entropy_norm:0.942942 | router_layer_0_logit_margin:0.504882 | expert_layer_0_time_expert_norm:15.702727 | expert_layer_0_factor_expert_norm:5.188294 | expert_layer_0_time_contrib_norm:8.471407 | expert_layer_0_factor_contrib_norm:2.398322 | expert_layer_0_contrib_norm_ratio:4.168501 | expert_layer_0_expert_cosine:-0.029992 | expert_layer_0_time_winner_ratio:0.996964 | router_layer_1_time_ratio:0.771806 | router_layer_1_factor_ratio:0.228194 | router_layer_1_collapse_ratio:0.001363 | router_layer_1_entropy_norm:0.761460 | router_layer_1_logit_margin:1.244528 | expert_layer_1_time_expert_norm:26.904640 | expert_layer_1_factor_expert_norm:27.749382 | expert_layer_1_time_contrib_norm:20.819492 | expert_layer_1_factor_contrib_norm:6.516013 | expert_layer_1_contrib_norm_ratio:3.859616 | expert_layer_1_expert_cosine:0.046227 | expert_layer_1_time_winner_ratio:0.967092 | loss_total:1.342854 | loss_main:1.342818 | loss_listmle:4.702194 | loss_mse:1.342818 | loss_ic:-0.166280 | loss_aux:0.000036 | loss_sparsity:0.000000 | valid_ratio:1.000000 | score_std:0.194021 | label_std:1.165395 | score_label_std_ratio:0.168085 | ic_pearson_batch:0.166282 | ic_raw:0.166282 | rank_ic_batch:0.163126 | rank_ic:0.163126 | gate_entropy:0.590701 | time_ratio:0.654817 | grad_norm:5.285004 | grad_norm_other:2.351999 | grad_norm_time_embedding:3.845334 | grad_norm_factor_film:0.101526 | grad_norm_regime_encoder:0.726983 | grad_norm_router:1.175549 | grad_norm_time_expert:0.763888 | grad_norm_factor_expert:0.901096 | grad_norm_pooling_head:1.670110 | grad_nonfinite_tensors:3.000000 | grad_nonfinite_values:13.000000 | optimizer_steps:2978.000000 | grad_attempt_steps:2979.000000 | grad_skipped_steps:1.000000 | grad_nonfinite_steps:1.000000 | grad_skipped_rate:0.000336 | grad_nonfinite_rate:0.000336 | lr:0.000000 | sampler_epoch:23.000000 | sampler_num_days:2979.000000 | sampler_num_batches:2979.000000 | sampler_batch_size:300.000000 | sampler_total_source_samples:856246.000000 | sampler_total_draws:893700.000000 | sampler_unique_samples:566498.000000 | sampler_coverage_ratio:0.661607 | sampler_coverage_gap_vs_full:0.338393 | sampler_duplicate_draws:327202.000000 | sampler_duplicate_rate:0.366121 | sampler_downsample_days:0.000000 | sampler_upsample_days:2877.000000 | sampler_exact_days:102.000000 | sampler_downsample_day_ratio:0.000000 | sampler_upsample_day_ratio:0.965760
| Valid 24 | time_embedding_norm:0.126211 | time_embedding_to_value_norm_ratio:0.699813 | time_tau:5.087897 | time_half_life:3.526662 | time_tau_std:0.000000 | time_tau_p10:5.087897 | time_tau_p90:5.087897 | time_tau_range_util:0.000000 | film_gamma_strength:0.082147 | film_beta_strength:0.011504 | factor_gate_mean:0.998950 | factor_gate_std:0.020813 | factor_gate_entropy:0.948381 | factor_gate_topk_mass_5:0.093522 | factor_gate_topk_mass_10:0.168734 | router_layer_0_time_ratio:0.661451 | router_layer_0_factor_ratio:0.338549 | router_layer_0_collapse_ratio:0.000000 | router_layer_0_entropy_norm:0.893437 | router_layer_0_logit_margin:0.759275 | expert_layer_0_time_expert_norm:16.530371 | expert_layer_0_factor_expert_norm:5.407783 | expert_layer_0_time_contrib_norm:10.949944 | expert_layer_0_factor_contrib_norm:1.829569 | expert_layer_0_contrib_norm_ratio:6.592290 | expert_layer_0_expert_cosine:-0.032826 | expert_layer_0_time_winner_ratio:0.999858 | router_layer_1_time_ratio:0.773607 | router_layer_1_factor_ratio:0.226394 | router_layer_1_collapse_ratio:0.000000 | router_layer_1_entropy_norm:0.764382 | router_layer_1_logit_margin:1.242265 | expert_layer_1_time_expert_norm:29.486879 | expert_layer_1_factor_expert_norm:23.087958 | expert_layer_1_time_contrib_norm:22.847514 | expert_layer_1_factor_contrib_norm:5.348268 | expert_layer_1_contrib_norm_ratio:4.755798 | expert_layer_1_expert_cosine:0.078477 | expert_layer_1_time_winner_ratio:0.984045 | loss_total:0.049486 | loss_main:0.049462 | loss_listmle:4.727995 | loss_mse:0.049462 | loss_ic:-0.059542 | loss_aux:0.000024 | loss_sparsity:0.000000 | valid_ratio:1.000000 | score_std:0.201588 | label_std:0.045755 | score_label_std_ratio:4.576381 | gate_entropy:0.574556 | time_ratio:0.717529 | ic_pearson_daily:0.059549 | rank_ic_daily:0.065731 | ic_raw:0.059549 | rank_ic:0.065731
| Train 25 | time_embedding_norm:0.126444 | time_embedding_to_value_norm_ratio:0.702760 | time_tau:5.373429 | time_half_life:3.724577 | time_tau_std:0.078822 | time_tau_p10:5.275357 | time_tau_p90:5.472006 | time_tau_range_util:0.003973 | film_gamma_strength:0.087614 | film_beta_strength:0.011265 | factor_gate_mean:0.999778 | factor_gate_std:0.022899 | factor_gate_entropy:0.948881 | factor_gate_topk_mass_5:0.091615 | factor_gate_topk_mass_10:0.166324 | router_layer_0_time_ratio:0.538416 | router_layer_0_factor_ratio:0.461584 | router_layer_0_collapse_ratio:0.000000 | router_layer_0_entropy_norm:0.942869 | router_layer_0_logit_margin:0.505176 | expert_layer_0_time_expert_norm:15.715462 | expert_layer_0_factor_expert_norm:5.186387 | expert_layer_0_time_contrib_norm:8.487507 | expert_layer_0_factor_contrib_norm:2.394457 | expert_layer_0_contrib_norm_ratio:4.183574 | expert_layer_0_expert_cosine:-0.030028 | expert_layer_0_time_winner_ratio:0.997132 | router_layer_1_time_ratio:0.771885 | router_layer_1_factor_ratio:0.228115 | router_layer_1_collapse_ratio:0.001349 | router_layer_1_entropy_norm:0.761387 | router_layer_1_logit_margin:1.244728 | expert_layer_1_time_expert_norm:26.910429 | expert_layer_1_factor_expert_norm:27.717271 | expert_layer_1_time_contrib_norm:20.826152 | expert_layer_1_factor_contrib_norm:6.506961 | expert_layer_1_contrib_norm_ratio:3.866551 | expert_layer_1_expert_cosine:0.046198 | expert_layer_1_time_winner_ratio:0.967122 | loss_total:1.342105 | loss_main:1.342070 | loss_listmle:4.701401 | loss_mse:1.342070 | loss_ic:-0.169093 | loss_aux:0.000035 | loss_sparsity:0.000000 | valid_ratio:1.000000 | score_std:0.195495 | label_std:1.165205 | score_label_std_ratio:0.169472 | ic_pearson_batch:0.169094 | ic_raw:0.169094 | rank_ic_batch:0.166859 | rank_ic:0.166859 | gate_entropy:0.590650 | time_ratio:0.655151 | grad_norm:5.402999 | grad_norm_other:2.385853 | grad_norm_time_embedding:3.945582 | grad_norm_factor_film:0.101995 | grad_norm_regime_encoder:0.731226 | grad_norm_router:1.208520 | grad_norm_time_expert:0.775942 | grad_norm_factor_expert:0.921013 | grad_norm_pooling_head:1.705387 | grad_nonfinite_tensors:3.000000 | grad_nonfinite_values:14.000000 | optimizer_steps:2978.000000 | grad_attempt_steps:2979.000000 | grad_skipped_steps:1.000000 | grad_nonfinite_steps:1.000000 | grad_skipped_rate:0.000336 | grad_nonfinite_rate:0.000336 | lr:0.000000 | sampler_epoch:24.000000 | sampler_num_days:2979.000000 | sampler_num_batches:2979.000000 | sampler_batch_size:300.000000 | sampler_total_source_samples:856246.000000 | sampler_total_draws:893700.000000 | sampler_unique_samples:566534.000000 | sampler_coverage_ratio:0.661649 | sampler_coverage_gap_vs_full:0.338351 | sampler_duplicate_draws:327166.000000 | sampler_duplicate_rate:0.366080 | sampler_downsample_days:0.000000 | sampler_upsample_days:2877.000000 | sampler_exact_days:102.000000 | sampler_downsample_day_ratio:0.000000 | sampler_upsample_day_ratio:0.965760
| Valid 25 | time_embedding_norm:0.126206 | time_embedding_to_value_norm_ratio:0.699778 | time_tau:5.087828 | time_half_life:3.526613 | time_tau_std:0.000000 | time_tau_p10:5.087827 | time_tau_p90:5.087827 | time_tau_range_util:0.000000 | film_gamma_strength:0.082164 | film_beta_strength:0.011506 | factor_gate_mean:0.998950 | factor_gate_std:0.020817 | factor_gate_entropy:0.948378 | factor_gate_topk_mass_5:0.093522 | factor_gate_topk_mass_10:0.168733 | router_layer_0_time_ratio:0.661544 | router_layer_0_factor_ratio:0.338456 | router_layer_0_collapse_ratio:0.000000 | router_layer_0_entropy_norm:0.893362 | router_layer_0_logit_margin:0.759574 | expert_layer_0_time_expert_norm:16.533106 | expert_layer_0_factor_expert_norm:5.406715 | expert_layer_0_time_contrib_norm:10.953291 | expert_layer_0_factor_contrib_norm:1.828701 | expert_layer_0_contrib_norm_ratio:6.597277 | expert_layer_0_expert_cosine:-0.032818 | expert_layer_0_time_winner_ratio:0.999885 | router_layer_1_time_ratio:0.773209 | router_layer_1_factor_ratio:0.226791 | router_layer_1_collapse_ratio:0.000000 | router_layer_1_entropy_norm:0.765037 | router_layer_1_logit_margin:1.240055 | expert_layer_1_time_expert_norm:29.494817 | expert_layer_1_factor_expert_norm:23.080229 | expert_layer_1_time_contrib_norm:22.842196 | expert_layer_1_factor_contrib_norm:5.356714 | expert_layer_1_contrib_norm_ratio:4.749067 | expert_layer_1_expert_cosine:0.078527 | expert_layer_1_time_winner_ratio:0.983892 | loss_total:0.049658 | loss_main:0.049634 | loss_listmle:4.728086 | loss_mse:0.049634 | loss_ic:-0.059515 | loss_aux:0.000024 | loss_sparsity:0.000000 | valid_ratio:1.000000 | score_std:0.201824 | label_std:0.045755 | score_label_std_ratio:4.581730 | gate_entropy:0.574757 | time_ratio:0.717376 | ic_pearson_daily:0.059522 | rank_ic_daily:0.065688 | ic_raw:0.059522 | rank_ic:0.065688
>>> [Train] restored best checkpoint (valid_rank_ic=0.069368, epoch=13)
>>> [Phase 1.1] Export Spatio-Temporal Visuals...
>>> [Phase 2] Signal Analysis...
'The following are prediction results of the QlibQuantMoE model.'
                          score
datetime   instrument          
2020-07-01 SH600000    0.151123
           SH600004    0.051270
           SH600009    0.173340
           SH600010    0.030380
           SH600011    0.334473
{'IC': np.float64(0.0598932707003305),
 'ICIR': np.float64(0.4093024397989624),
 'Rank IC': np.float64(0.06936605359680412),
 'Rank ICIR': np.float64(0.4835179607083216)}
>>> [Config] Clip backtest window (pred.pkl datetime range): 2020-07-01~2022-12-31 -> 2020-07-01~2022-12-30
>>> [Phase 3] Backtesting...
'The following are analysis results of benchmark return(1day).'
                       risk
mean              -0.000040
std                0.012572
annualized_return -0.009549
information_ratio -0.049231
max_drawdown      -0.473380
'The following are analysis results of the excess return without cost(1day).'
                       risk
mean               0.001233
std                0.006868
annualized_return  0.293569
information_ratio  2.770674
max_drawdown      -0.060173
'The following are analysis results of the excess return with cost(1day).'
                       risk
mean               0.000579
std                0.006869
annualized_return  0.137742
information_ratio  1.299918
max_drawdown      -0.071639
'The following are analysis results of indicators(1day).'
     value
ffr    1.0
pa     0.0
pos    0.0
>>> [Phase 3.1] Export Qlib Official Graphs...

================================================================================
>>> [Metrics Summary] SignalRecord + PortAnaRecord
================================================================================

[Signal Analysis Metrics]
  IC mean=0.059893, std=0.146330, IR=0.409302
  RankIC mean=0.069366, std=0.143461, IR=0.483518

[Portfolio Analysis Metrics]
                                                  risk
excess_return_without_cost mean               0.001233
                           std                0.006868
                           annualized_return  0.293569
                           information_ratio  2.770674
                           max_drawdown      -0.060173
excess_return_with_cost    mean               0.000579
                           std                0.006869
                           annualized_return  0.137742
                           information_ratio  1.299918
                           max_drawdown      -0.071639

[Indicator Analysis Metrics]
     value
ffr    1.0
pa     0.0
pos    0.0

[Generated Graphs]
  - analysis_position.report_graph: C:\Users\60585\PycharmProjects\qibMacV2\mlruns\988852448800235861\8207a29f9e8c4257b33209c0c0635711/qlib_analysis_position_report_graph.html
  - analysis_position.score_ic_graph: C:\Users\60585\PycharmProjects\qibMacV2\mlruns\988852448800235861\8207a29f9e8c4257b33209c0c0635711/qlib_analysis_position_score_ic_graph.html
  - analysis_position.cumulative_return_graph: C:\Users\60585\PycharmProjects\qibMacV2\mlruns\988852448800235861\8207a29f9e8c4257b33209c0c0635711/qlib_analysis_position_cumulative_return_graph_1.html
  - analysis_position.cumulative_return_graph: C:\Users\60585\PycharmProjects\qibMacV2\mlruns\988852448800235861\8207a29f9e8c4257b33209c0c0635711/qlib_analysis_position_cumulative_return_graph_2.html
  - analysis_position.cumulative_return_graph: C:\Users\60585\PycharmProjects\qibMacV2\mlruns\988852448800235861\8207a29f9e8c4257b33209c0c0635711/qlib_analysis_position_cumulative_return_graph_3.html
  - analysis_position.cumulative_return_graph: C:\Users\60585\PycharmProjects\qibMacV2\mlruns\988852448800235861\8207a29f9e8c4257b33209c0c0635711/qlib_analysis_position_cumulative_return_graph_4.html
  - analysis_position.risk_analysis_graph: C:\Users\60585\PycharmProjects\qibMacV2\mlruns\988852448800235861\8207a29f9e8c4257b33209c0c0635711/qlib_analysis_position_risk_analysis_graph_1.html
  - analysis_position.risk_analysis_graph: C:\Users\60585\PycharmProjects\qibMacV2\mlruns\988852448800235861\8207a29f9e8c4257b33209c0c0635711/qlib_analysis_position_risk_analysis_graph_2.html
  - analysis_position.risk_analysis_graph: C:\Users\60585\PycharmProjects\qibMacV2\mlruns\988852448800235861\8207a29f9e8c4257b33209c0c0635711/qlib_analysis_position_risk_analysis_graph_3.html
  - analysis_position.risk_analysis_graph: C:\Users\60585\PycharmProjects\qibMacV2\mlruns\988852448800235861\8207a29f9e8c4257b33209c0c0635711/qlib_analysis_position_risk_analysis_graph_4.html
  - analysis_position.risk_analysis_graph: C:\Users\60585\PycharmProjects\qibMacV2\mlruns\988852448800235861\8207a29f9e8c4257b33209c0c0635711/qlib_analysis_position_risk_analysis_graph_5.html
  - analysis_position.rank_label_graph: C:\Users\60585\PycharmProjects\qibMacV2\mlruns\988852448800235861\8207a29f9e8c4257b33209c0c0635711/qlib_analysis_position_rank_label_graph_1.html
  - analysis_position.rank_label_graph: C:\Users\60585\PycharmProjects\qibMacV2\mlruns\988852448800235861\8207a29f9e8c4257b33209c0c0635711/qlib_analysis_position_rank_label_graph_2.html
  - analysis_position.rank_label_graph: C:\Users\60585\PycharmProjects\qibMacV2\mlruns\988852448800235861\8207a29f9e8c4257b33209c0c0635711/qlib_analysis_position_rank_label_graph_3.html
  - analysis_model.model_performance_graph: C:\Users\60585\PycharmProjects\qibMacV2\mlruns\988852448800235861\8207a29f9e8c4257b33209c0c0635711/qlib_analysis_model_model_performance_graph_1.html
  - analysis_model.model_performance_graph: C:\Users\60585\PycharmProjects\qibMacV2\mlruns\988852448800235861\8207a29f9e8c4257b33209c0c0635711/qlib_analysis_model_model_performance_graph_2.html
  - analysis_model.model_performance_graph: C:\Users\60585\PycharmProjects\qibMacV2\mlruns\988852448800235861\8207a29f9e8c4257b33209c0c0635711/qlib_analysis_model_model_performance_graph_3.html
  - analysis_model.model_performance_graph: C:\Users\60585\PycharmProjects\qibMacV2\mlruns\988852448800235861\8207a29f9e8c4257b33209c0c0635711/qlib_analysis_model_model_performance_graph_4.html
  - analysis_model.model_performance_graph: C:\Users\60585\PycharmProjects\qibMacV2\mlruns\988852448800235861\8207a29f9e8c4257b33209c0c0635711/qlib_analysis_model_model_performance_graph_5.html
  - analysis_model.model_performance_graph: C:\Users\60585\PycharmProjects\qibMacV2\mlruns\988852448800235861\8207a29f9e8c4257b33209c0c0635711/qlib_analysis_model_model_performance_graph_6.html

[Recorder Objects]
================================================================================

>>> [Diagnostics] Generate minimum required diagnostic matrix...
>>> [Diagnostics] Saved diagnostic_matrix.csv and diagnostic_summary.md
>>> [Phase 4] Generate Paper-level Report...

================================================================================
EXPERIMENT REPORT SUMMARY (8207a29f9e8c4257b33209c0c0635711)
================================================================================
| Model   | Dataset                                   |   IC (mean) |   ICIR |   IC HAC t-stat |   RankIC (mean) |   RankIC IR |   RankIC HAC t-stat | Ann. Return   |   Info Ratio | Max Drawdown   | Turnover   | Gate time_ratio stats                       |
|:--------|:------------------------------------------|------------:|-------:|----------------:|----------------:|------------:|--------------------:|:--------------|-------------:|:---------------|:-----------|:--------------------------------------------|
| RST-MoE | Alpha158 / csi300 / 2008-01-01~2022-12-31 |      0.0599 |   0.41 |             6.6 |          0.0694 |        0.48 |                 7.9 | 13.77%        |          1.3 | -7.16%         | 32.76%     | mean=0.714, std=0.053, p10=0.657, p90=0.755 |
--------------------------------------------------------------------------------
Full Markdown report written to: C:\Users\60585\PycharmProjects\qibMacV2\mlruns\988852448800235861\8207a29f9e8c4257b33209c0c0635711\kdd_report.md
--------------------------------------------------------------------------------
# RST-MoE on Alpha158 / CSI300

## 1. Experimental Setup

- **Data**:
  - Handler: Alpha158
  - Instruments: csi300
  - Train: 2008-01-01 ~ 2020-03-31
  - Valid: 2020-07-01 ~ 2022-12-31
  - Test: 2020-07-01 ~ 2022-12-31
- **Label**: ['Ref($close, -5) / Ref($close, -1) - 1']
  - **Model**:
    - class: QlibQuantMoE
    - d_model=64, n_layers=2, n_heads=4
    - main_loss=mse
    - value_embedding_type=feature_tokenizer
    - feature_tokenizer_add_factor_id=False
    - feature_tokenizer_bias=True
    - feature_tokenizer_init_std=0.02
    - use_feature_selection=False
    - use_alibi=False
- **Training**:
  - lr=5e-05, epochs=25, batch_size=300
  - seed=44
- **Backtest**:
  - strategy: TopkDropoutStrategy, topk=30, n_drop=5
  - benchmark=SH000300, deal_price=close, cost(open/close)=None/None

### 1.1 Full Config (Resolved)

```python
data_conf = {'class': 'TSDatasetH',
 'module_path': 'qlib.data.dataset',
 'kwargs': {'step_len': 8,
            'handler': {'class': 'Alpha158',
                        'module_path': 'qlib.contrib.data.handler',
                        'kwargs': {'start_time': '2008-01-01',
                                   'end_time': '2022-12-31',
                                   'fit_start_time': '2008-01-01',
                                   'fit_end_time': '2020-03-31',
                                   'instruments': 'csi300',
                                   'infer_processors': [{'class': 'RobustZScoreNorm',
                                                         'kwargs': {'fields_group': 'feature',
                                                                    'clip_outlier': True,
                                                                    'fit_start_time': '2008-01-01',
                                                                    'fit_end_time': '2020-03-31'}},
                                                        {'class': 'Fillna', 'kwargs': {'fields_group': 'feature'}}],
                                   'learn_processors': [{'class': 'DropnaLabel'},
                                                        {'class': 'CSZScoreNorm',
                                                         'kwargs': {'fields_group': 'label', 'method': 'robust'}}],
                                   'label': ['Ref($close, -5) / Ref($close, -1) - 1']}},
            'segments': {'train': ('2008-01-01', '2020-03-31'),
                         'valid': ('2020-07-01', '2022-12-31'),
                         'test': ('2020-07-01', '2022-12-31')}}}

model_config = {'d_model': 64,
 'n_heads': 4,
 'n_layers': 2,
 'd_ff': 128,
 'dropout': 0.1,
 'initializer_range': 0.02,
 'num_alphas': 158,
 'context_len': 8,
 'value_embedding_type': 'feature_tokenizer',
 'feature_tokenizer_bias': True,
 'feature_tokenizer_add_factor_id': False,
 'feature_tokenizer_init_std': 0.02,
 'use_regime_time_embedding': True,
 'time_tau_min': 0.5,
 'time_tau_max': 50.0,
 'time_tau_init': 5.0,
 'time_emb_init_std': 0.02,
 'time_decay_normalize': True,
 'use_regime_factor_gate': True,
 'factor_gate_scale': 1.0,
 'factor_gate_shift_scale': 0.2,
 'router_noise': 0.01,
 'router_temperature': 1.0,
 'router_z_loss_coef': 0.01,
 'router_use_layer_summary': True,
 'router_mode': 'learned',
 'use_alibi': False,
 'use_feature_selection': False,
 'selection_reg_lambda': 1e-05,
 'selection_temperature': 0.1,
 'selection_noise_std': 0.5,
 'main_loss': 'mse',
 'loss_weights': {'listmle': 1.0, 'mse': 1.0, 'ic': 1.0, 'rank': 0.0, 'huber': 0.0},
 'mse_normalize': False,
 'rank_topk': 5,
 'huber_delta': 1.0,
 'listmle_tau': 0.8,
 'use_external_macro': True,
 'd_macro_input': 102,
 'regime_macro_dropout': 0.1,
 'regime_internal_mode': 'long',
 'regime_internal_lag': 5,
 'regime_internal_use_batch_stats': False,
 'regime_internal_tail_threshold': 2.0,
 'pooling_alpha': 0.7}

trainer_config = {'lr': 5e-05,
 'n_epochs': 25,
 'batch_size': 300,
 'precision': 'amp_fp16',
 'grad_accum_steps': 1,
 'seed': 44,
 'device': 'auto',
 'deterministic_mode': 'warn',
 'seed_workers': True,
 'train_sampler_mode': 'sampled_daily',
 'sampler_diag': True,
 'train_stop_key': 'loss_main',
 'train_stop_threshold': None,
 'min_epochs': 25,
 'consecutive_k': 999999,
 'num_workers': 0,
 'market_state_path': 'data/market_state_csi300.pkl',
 'market_state_shift': 0,
 'market_state_strict': True,
 'use_warmup': True,
 'warmup_ratio': 0.05,
 'warmup_steps': 0,
 'debug_sanity_check': True,
 'strict_valid_data_key': True,
 'early_stop': 0,
 'min_delta': 0.001,
 'checkpoint_metric': 'valid_rank_ic',
 'checkpoint_mode': 'max',
 'checkpoint_min_delta': 0.0,
 'use_tqdm': False,
 'run_setting': 'tau_scale_20'}

port_conf = {'strategy': {'class': 'TopkDropoutStrategy',
              'module_path': 'qlib.contrib.strategy.signal_strategy',
              'kwargs': {'signal': '<PRED>', 'topk': 30, 'n_drop': 5}},
 'backtest': {'start_time': '2020-07-01',
              'end_time': '2022-12-30',
              'account': 100000000,
              'benchmark': 'SH000300',
              'exchange_kwargs': {'freq': 'day', 'deal_price': 'close'}}}
```

## 2. Cross-sectional Forecasting Performance

- **IC (test)**:
  - mean = 0.0599, std = 0.1463, ICIR = 0.41, HAC t-stat = 6.6 (lags=5)
- **RankIC (test)**:
  - mean = 0.0694, std = 0.1435, IR = 0.48, HAC t-stat = 7.9 (lags=5)
- 注：采用 Newey–West(HAC) t-stat 以处理日度序列的自相关/异方差。

### 2.X Regime Bucket Evaluation (test segment)

基于 `market_state`（与训练时相同的宏观状态文件）对 test 交易日做分桶，观察不同市场状态下的预测质量与路由行为差异。

- market_state: `market_state_csi300.pkl`, shift=0, fit_segments=['train'] (fit_days=2979, test_days=611)

- 2×2 分桶（median@fit）：`market_state_corr_pc1_ratio`=0.004828, `market_state_tail_2sigma`=-2.783e-05

| Regime               |   Days |   RankIC_mean |   RankIC_IR |   IC_mean |    IC_IR |   time_ratio_mean |   time_ratio_p10 |   time_ratio_p50 |   time_ratio_p90 |   gate_entropy_mean |   gate_entropy_p10 |   gate_entropy_p50 |   gate_entropy_p90 |   time_tau_mean |   time_tau_p10 |   time_tau_p50 |   time_tau_p90 |   time_half_life_mean |   time_half_life_p10 |   time_half_life_p50 |   time_half_life_p90 |   factor_gate_mean_mean |   factor_gate_mean_p10 |   factor_gate_mean_p50 |   factor_gate_mean_p90 |   factor_gate_std_mean |   factor_gate_std_p10 |   factor_gate_std_p50 |   factor_gate_std_p90 |   factor_gate_entropy_mean |   factor_gate_entropy_p10 |   factor_gate_entropy_p50 |   factor_gate_entropy_p90 |   factor_gate_topk_mass_5_mean |   factor_gate_topk_mass_5_p10 |   factor_gate_topk_mass_5_p50 |   factor_gate_topk_mass_5_p90 |   factor_gate_topk_mass_10_mean |   factor_gate_topk_mass_10_p10 |   factor_gate_topk_mass_10_p50 |   factor_gate_topk_mass_10_p90 |
|:---------------------|-------:|--------------:|------------:|----------:|---------:|------------------:|-----------------:|-----------------:|-----------------:|--------------------:|-------------------:|-------------------:|-------------------:|----------------:|---------------:|---------------:|---------------:|----------------------:|---------------------:|---------------------:|---------------------:|------------------------:|-----------------------:|-----------------------:|-----------------------:|-----------------------:|----------------------:|----------------------:|----------------------:|---------------------------:|--------------------------:|--------------------------:|--------------------------:|-------------------------------:|------------------------------:|------------------------------:|------------------------------:|--------------------------------:|-------------------------------:|-------------------------------:|-------------------------------:|
| High-PC1 / High-Tail |     56 |     0.0924277 |    0.683014 | 0.0872681 | 0.656067 |          0.672645 |         0.56015  |         0.700977 |         0.73725  |            0.599263 |           0.570501 |           0.59617  |           0.637276 |         5.46168 |        4.70065 |        5.2683  |        6.31549 |               3.78575 |              3.25824 |              3.65171 |              4.37757 |                0.999139 |               0.998119 |               0.998951 |               1.00045  |              0.0195036 |            0.00953697 |             0.0185056 |             0.0318375 |                   0.949234 |                  0.940689 |                  0.949677 |                  0.955812 |                      0.0920848 |                     0.0825897 |                     0.0899338 |                      0.10476  |                        0.166759 |                       0.152604 |                       0.163549 |                       0.187097 |
| High-PC1 / Low-Tail  |    356 |     0.0704126 |    0.470611 | 0.0625948 | 0.405428 |          0.71421  |         0.651036 |         0.730458 |         0.75705  |            0.581725 |           0.548985 |           0.578992 |           0.619981 |         5.10171 |        4.55652 |        4.92996 |        5.86018 |               3.53624 |              3.15834 |              3.41718 |              4.06197 |                0.998615 |               0.997817 |               0.998482 |               0.999544 |              0.0185404 |            0.00950431 |             0.0167228 |             0.0312918 |                   0.94926  |                  0.942129 |                  0.949361 |                  0.957296 |                      0.0924333 |                     0.0822947 |                     0.0918212 |                      0.103736 |                        0.167963 |                       0.15096  |                       0.167589 |                       0.1836   |
| Low-PC1 / High-Tail  |     46 |     0.0910409 |    0.672436 | 0.074871  | 0.49913  |          0.705321 |         0.652951 |         0.726299 |         0.746348 |            0.581495 |           0.562775 |           0.578408 |           0.604206 |         4.8695  |        4.53733 |        4.6718  |        5.40591 |               3.37528 |              3.14504 |              3.23824 |              3.74709 |                0.998966 |               0.998129 |               0.998719 |               0.999994 |              0.0168634 |            0.00985457 |             0.0140622 |             0.0270123 |                   0.949042 |                  0.94208  |                  0.94806  |                  0.959562 |                      0.0923415 |                     0.0810448 |                     0.0927885 |                      0.102206 |                        0.168315 |                       0.147898 |                       0.168597 |                       0.184415 |
| Low-PC1 / Low-Tail   |    153 |     0.0519734 |    0.391609 | 0.0390847 | 0.305204 |          0.731901 |         0.704488 |         0.735634 |         0.757889 |            0.570207 |           0.54945  |           0.569267 |           0.591757 |         4.73082 |        4.47175 |        4.61029 |        5.10613 |               3.27916 |              3.09958 |              3.19561 |              3.5393  |                0.998764 |               0.998131 |               0.99871  |               0.999363 |              0.017501  |            0.0097807  |             0.0156726 |             0.0286615 |                   0.94969  |                  0.941136 |                  0.949386 |                  0.960484 |                      0.0919126 |                     0.0803236 |                     0.0917251 |                      0.103032 |                        0.167277 |                       0.14734  |                       0.169424 |                       0.184176 |

- Terciles by `market_state_corr_pc1_ratio` (Market-mode strength (PC1 ratio)), edges@fit=[-0.4096, 0.4701]

| Bucket   |   Days |   RankIC_mean |   RankIC_IR |   IC_mean |    IC_IR |   time_ratio_mean |   time_ratio_p10 |   time_ratio_p50 |   time_ratio_p90 |   gate_entropy_mean |   gate_entropy_p10 |   gate_entropy_p50 |   gate_entropy_p90 |   time_tau_mean |   time_tau_p10 |   time_tau_p50 |   time_tau_p90 |   time_half_life_mean |   time_half_life_p10 |   time_half_life_p50 |   time_half_life_p90 |   factor_gate_mean_mean |   factor_gate_mean_p10 |   factor_gate_mean_p50 |   factor_gate_mean_p90 |   factor_gate_std_mean |   factor_gate_std_p10 |   factor_gate_std_p50 |   factor_gate_std_p90 |   factor_gate_entropy_mean |   factor_gate_entropy_p10 |   factor_gate_entropy_p50 |   factor_gate_entropy_p90 |   factor_gate_topk_mass_5_mean |   factor_gate_topk_mass_5_p10 |   factor_gate_topk_mass_5_p50 |   factor_gate_topk_mass_5_p90 |   factor_gate_topk_mass_10_mean |   factor_gate_topk_mass_10_p10 |   factor_gate_topk_mass_10_p50 |   factor_gate_topk_mass_10_p90 |
|:---------|-------:|--------------:|------------:|----------:|---------:|------------------:|-----------------:|-----------------:|-----------------:|--------------------:|-------------------:|-------------------:|-------------------:|----------------:|---------------:|---------------:|---------------:|----------------------:|---------------------:|---------------------:|---------------------:|------------------------:|-----------------------:|-----------------------:|-----------------------:|-----------------------:|----------------------:|----------------------:|----------------------:|---------------------------:|--------------------------:|--------------------------:|--------------------------:|-------------------------------:|------------------------------:|------------------------------:|------------------------------:|--------------------------------:|-------------------------------:|-------------------------------:|-------------------------------:|
| Low      |    113 |     0.0496032 |    0.381158 | 0.0336077 | 0.260707 |          0.725829 |         0.700437 |         0.733176 |         0.755071 |            0.573537 |           0.551244 |           0.572409 |           0.596624 |         4.6762  |        4.47865 |        4.58724 |        4.96702 |               3.2413  |              3.10437 |              3.17963 |              3.44287 |                0.998908 |               0.99819  |               0.998886 |               0.999624 |              0.0162441 |            0.00983903 |             0.0148126 |             0.0265053 |                   0.948474 |                  0.940424 |                  0.947674 |                  0.959854 |                      0.0931473 |                     0.080894  |                     0.0938614 |                      0.103246 |                        0.169372 |                       0.148166 |                       0.172282 |                       0.184508 |
| Mid      |    194 |     0.0786498 |    0.561319 | 0.0674757 | 0.483126 |          0.723942 |         0.669987 |         0.734154 |         0.756739 |            0.574466 |           0.549581 |           0.573133 |           0.607241 |         4.97664 |        4.5053  |        4.77379 |        5.76223 |               3.44954 |              3.12284 |              3.30894 |              3.99407 |                0.998681 |               0.997984 |               0.998579 |               0.999454 |              0.0190594 |            0.0101195  |             0.0173236 |             0.0315482 |                   0.950028 |                  0.940931 |                  0.949796 |                  0.959934 |                      0.0914169 |                     0.0806519 |                     0.0909888 |                      0.10447  |                        0.166557 |                       0.147802 |                       0.166652 |                       0.185576 |
| High     |    304 |     0.0707876 |    0.472278 | 0.0648251 | 0.416527 |          0.703582 |         0.620023 |         0.725285 |         0.755144 |            0.5868   |           0.551345 |           0.582945 |           0.625947 |         5.1842  |        4.59492 |        5.05356 |        5.94729 |               3.59342 |              3.18496 |              3.50286 |              4.12234 |                0.998688 |               0.997824 |               0.998491 |               0.999806 |              0.0184633 |            0.00928269 |             0.0165372 |             0.0310119 |                   0.94924  |                  0.942198 |                  0.949387 |                  0.956273 |                      0.0924764 |                     0.0826737 |                     0.0919113 |                      0.103149 |                        0.167823 |                       0.152256 |                       0.167527 |                       0.182865 |

- Terciles by `market_state_tail_2sigma` (Tail intensity (|x|>2)), edges@fit=[-0.4283, 0.5003]

| Bucket   |   Days |   RankIC_mean |   RankIC_IR |   IC_mean |    IC_IR |   time_ratio_mean |   time_ratio_p10 |   time_ratio_p50 |   time_ratio_p90 |   gate_entropy_mean |   gate_entropy_p10 |   gate_entropy_p50 |   gate_entropy_p90 |   time_tau_mean |   time_tau_p10 |   time_tau_p50 |   time_tau_p90 |   time_half_life_mean |   time_half_life_p10 |   time_half_life_p50 |   time_half_life_p90 |   factor_gate_mean_mean |   factor_gate_mean_p10 |   factor_gate_mean_p50 |   factor_gate_mean_p90 |   factor_gate_std_mean |   factor_gate_std_p10 |   factor_gate_std_p50 |   factor_gate_std_p90 |   factor_gate_entropy_mean |   factor_gate_entropy_p10 |   factor_gate_entropy_p50 |   factor_gate_entropy_p90 |   factor_gate_topk_mass_5_mean |   factor_gate_topk_mass_5_p10 |   factor_gate_topk_mass_5_p50 |   factor_gate_topk_mass_5_p90 |   factor_gate_topk_mass_10_mean |   factor_gate_topk_mass_10_p10 |   factor_gate_topk_mass_10_p50 |   factor_gate_topk_mass_10_p90 |
|:---------|-------:|--------------:|------------:|----------:|---------:|------------------:|-----------------:|-----------------:|-----------------:|--------------------:|-------------------:|-------------------:|-------------------:|----------------:|---------------:|---------------:|---------------:|----------------------:|---------------------:|---------------------:|---------------------:|------------------------:|-----------------------:|-----------------------:|-----------------------:|-----------------------:|----------------------:|----------------------:|----------------------:|---------------------------:|--------------------------:|--------------------------:|--------------------------:|-------------------------------:|------------------------------:|------------------------------:|------------------------------:|--------------------------------:|-------------------------------:|-------------------------------:|-------------------------------:|
| Low      |    357 |     0.0635535 |    0.41794  | 0.0540133 | 0.353015 |          0.720973 |         0.660281 |         0.733796 |         0.760427 |            0.577682 |           0.546084 |           0.574773 |           0.615284 |         4.97471 |        4.50127 |        4.81425 |        5.7055  |               3.4482  |              3.12005 |              3.33698 |              3.95475 |                0.99864  |               0.997825 |               0.998579 |               0.999478 |              0.0181377 |            0.00942577 |             0.0161693 |             0.0307999 |                   0.949118 |                  0.941168 |                  0.949095 |                  0.958596 |                      0.0924968 |                     0.0815582 |                     0.0921041 |                      0.103771 |                        0.1682   |                       0.149503 |                       0.169618 |                       0.183784 |
| Mid      |    215 |     0.0705363 |    0.550483 | 0.0623465 | 0.464645 |          0.713356 |         0.665343 |         0.729783 |         0.752491 |            0.581227 |           0.554057 |           0.577651 |           0.61134  |         5.06734 |        4.55652 |        4.8181  |        5.92628 |               3.51241 |              3.15834 |              3.33965 |              4.10779 |                0.998746 |               0.998004 |               0.998591 |               0.999622 |              0.018701  |            0.0101925  |             0.0168511 |             0.0298012 |                   0.949708 |                  0.942043 |                  0.94958  |                  0.958575 |                      0.0917797 |                     0.0813288 |                     0.0904228 |                      0.102948 |                        0.166801 |                       0.14949  |                       0.165461 |                       0.184043 |
| High     |     39 |     0.116122  |    0.848719 | 0.100194  | 0.691641 |          0.656249 |         0.494337 |         0.675326 |         0.730862 |            0.601213 |           0.573498 |           0.59608  |           0.652133 |         5.24172 |        4.55959 |        5.12702 |        6.25318 |               3.63328 |              3.16047 |              3.55378 |              4.33437 |                0.999414 |               0.998212 |               0.999266 |               1.00112  |              0.0166686 |            0.00967524 |             0.0141031 |             0.0279766 |                   0.949475 |                  0.941942 |                  0.949247 |                  0.958357 |                      0.0928034 |                     0.0816916 |                     0.0922187 |                      0.105171 |                        0.1682   |                       0.147936 |                       0.166796 |                       0.184634 |

- Terciles by `market_state_corr_mean_abs` (Crowding (mean abs corr)), edges@fit=[-0.4076, 0.4851]

| Bucket   |   Days |   RankIC_mean |   RankIC_IR |   IC_mean |    IC_IR |   time_ratio_mean |   time_ratio_p10 |   time_ratio_p50 |   time_ratio_p90 |   gate_entropy_mean |   gate_entropy_p10 |   gate_entropy_p50 |   gate_entropy_p90 |   time_tau_mean |   time_tau_p10 |   time_tau_p50 |   time_tau_p90 |   time_half_life_mean |   time_half_life_p10 |   time_half_life_p50 |   time_half_life_p90 |   factor_gate_mean_mean |   factor_gate_mean_p10 |   factor_gate_mean_p50 |   factor_gate_mean_p90 |   factor_gate_std_mean |   factor_gate_std_p10 |   factor_gate_std_p50 |   factor_gate_std_p90 |   factor_gate_entropy_mean |   factor_gate_entropy_p10 |   factor_gate_entropy_p50 |   factor_gate_entropy_p90 |   factor_gate_topk_mass_5_mean |   factor_gate_topk_mass_5_p10 |   factor_gate_topk_mass_5_p50 |   factor_gate_topk_mass_5_p90 |   factor_gate_topk_mass_10_mean |   factor_gate_topk_mass_10_p10 |   factor_gate_topk_mass_10_p50 |   factor_gate_topk_mass_10_p90 |
|:---------|-------:|--------------:|------------:|----------:|---------:|------------------:|-----------------:|-----------------:|-----------------:|--------------------:|-------------------:|-------------------:|-------------------:|----------------:|---------------:|---------------:|---------------:|----------------------:|---------------------:|---------------------:|---------------------:|------------------------:|-----------------------:|-----------------------:|-----------------------:|-----------------------:|----------------------:|----------------------:|----------------------:|---------------------------:|--------------------------:|--------------------------:|--------------------------:|-------------------------------:|------------------------------:|------------------------------:|------------------------------:|--------------------------------:|-------------------------------:|-------------------------------:|-------------------------------:|
| Low      |     84 |     0.035915  |    0.320983 | 0.022006  | 0.200168 |          0.731943 |         0.708517 |         0.733113 |         0.752801 |            0.571334 |           0.552533 |           0.572768 |           0.589985 |         4.71735 |        4.48824 |        4.58532 |        5.05085 |               3.26982 |              3.11101 |              3.1783  |              3.50099 |                0.998768 |               0.998145 |               0.998721 |               0.999381 |              0.0168682 |            0.00994365 |             0.0152783 |             0.0267506 |                   0.949169 |                  0.93992  |                  0.948947 |                  0.960557 |                      0.0920504 |                     0.0808285 |                     0.0922258 |                      0.10108  |                        0.167634 |                       0.147456 |                       0.168958 |                       0.182328 |
| Mid      |    194 |     0.0748238 |    0.523455 | 0.0637643 | 0.452749 |          0.726122 |         0.684146 |         0.736184 |         0.758961 |            0.572656 |           0.54659  |           0.57064  |           0.602373 |         4.94532 |        4.49169 |        4.76802 |        5.71639 |               3.42783 |              3.1134  |              3.30494 |              3.9623  |                0.998732 |               0.998026 |               0.998614 |               0.999602 |              0.0185645 |            0.00998254 |             0.0158606 |             0.031389  |                   0.94992  |                  0.941916 |                  0.949934 |                  0.959054 |                      0.0917284 |                     0.081079  |                     0.0912748 |                      0.104094 |                        0.166836 |                       0.148475 |                       0.166652 |                       0.185216 |
| High     |    333 |     0.0746246 |    0.497734 | 0.0671953 | 0.430487 |          0.702707 |         0.617121 |         0.724588 |         0.754196 |            0.587256 |           0.553903 |           0.583437 |           0.625276 |         5.14783 |        4.57418 |        5.00718 |        5.93717 |               3.5682  |              3.17058 |              3.47072 |              4.11534 |                0.998713 |               0.997825 |               0.99856  |               0.999829 |              0.0184009 |            0.00934541 |             0.0166155 |             0.0308809 |                   0.949061 |                  0.941679 |                  0.949253 |                  0.956932 |                      0.09263   |                     0.0818932 |                     0.0920909 |                      0.103844 |                        0.168234 |                       0.151568 |                       0.168    |                       0.183594 |

- Terciles by `market_vol_20` (Benchmark vol (20d)), edges@fit=[-0.3549, 0.4864]

| Bucket   |   Days |   RankIC_mean |   RankIC_IR |   IC_mean |    IC_IR |   time_ratio_mean |   time_ratio_p10 |   time_ratio_p50 |   time_ratio_p90 |   gate_entropy_mean |   gate_entropy_p10 |   gate_entropy_p50 |   gate_entropy_p90 |   time_tau_mean |   time_tau_p10 |   time_tau_p50 |   time_tau_p90 |   time_half_life_mean |   time_half_life_p10 |   time_half_life_p50 |   time_half_life_p90 |   factor_gate_mean_mean |   factor_gate_mean_p10 |   factor_gate_mean_p50 |   factor_gate_mean_p90 |   factor_gate_std_mean |   factor_gate_std_p10 |   factor_gate_std_p50 |   factor_gate_std_p90 |   factor_gate_entropy_mean |   factor_gate_entropy_p10 |   factor_gate_entropy_p50 |   factor_gate_entropy_p90 |   factor_gate_topk_mass_5_mean |   factor_gate_topk_mass_5_p10 |   factor_gate_topk_mass_5_p50 |   factor_gate_topk_mass_5_p90 |   factor_gate_topk_mass_10_mean |   factor_gate_topk_mass_10_p10 |   factor_gate_topk_mass_10_p50 |   factor_gate_topk_mass_10_p90 |
|:---------|-------:|--------------:|------------:|----------:|---------:|------------------:|-----------------:|-----------------:|-----------------:|--------------------:|-------------------:|-------------------:|-------------------:|----------------:|---------------:|---------------:|---------------:|----------------------:|---------------------:|---------------------:|---------------------:|------------------------:|-----------------------:|-----------------------:|-----------------------:|-----------------------:|----------------------:|----------------------:|----------------------:|---------------------------:|--------------------------:|--------------------------:|--------------------------:|-------------------------------:|------------------------------:|------------------------------:|------------------------------:|--------------------------------:|-------------------------------:|-------------------------------:|-------------------------------:|
| Low      |    305 |     0.0558837 |    0.418707 | 0.051655  | 0.375003 |          0.722013 |         0.686045 |         0.73087  |         0.749185 |            0.579637 |           0.557613 |           0.576535 |           0.607617 |         5.02597 |        4.52352 |        4.86437 |        5.81198 |               3.48374 |              3.13547 |              3.37172 |              4.02855 |                0.998449 |               0.997761 |               0.998385 |               0.999152 |              0.0188521 |            0.0107333  |             0.0171459 |             0.0298772 |                   0.950459 |                  0.942537 |                  0.950128 |                  0.958784 |                      0.0912615 |                     0.0818418 |                     0.0905978 |                      0.100669 |                        0.16566  |                       0.149478 |                       0.164561 |                       0.183017 |
| Mid      |    208 |     0.0873253 |    0.581794 | 0.0721343 | 0.477248 |          0.702766 |         0.631699 |         0.721581 |         0.75562  |            0.585638 |           0.549019 |           0.584593 |           0.623327 |         5.079   |        4.51431 |        4.82774 |        5.94573 |               3.5205  |              3.12908 |              3.34633 |              4.12127 |                0.99892  |               0.998165 |               0.998732 |               0.999897 |              0.0182579 |            0.0094271  |             0.0162369 |             0.0314112 |                   0.948664 |                  0.940894 |                  0.948471 |                  0.958448 |                      0.0929163 |                     0.080719  |                     0.0931779 |                      0.104594 |                        0.168933 |                       0.149098 |                       0.169558 |                       0.185285 |
| High     |     98 |     0.0732091 |    0.470175 | 0.0595516 | 0.370004 |          0.713909 |         0.580949 |         0.743206 |         0.769664 |            0.571853 |           0.531171 |           0.563027 |           0.635163 |         4.90329 |        4.53119 |        4.74298 |        5.51486 |               3.3987  |              3.14078 |              3.28759 |              3.82261 |                0.999181 |               0.998396 |               0.999043 |               1.00025  |              0.0163101 |            0.00876722 |             0.0124802 |             0.031635  |                   0.947348 |                  0.941268 |                  0.94592  |                  0.956935 |                      0.0939999 |                     0.0822038 |                     0.094654  |                      0.103893 |                        0.171478 |                       0.153114 |                       0.174669 |                       0.184812 |

- Spearman correlations (market_state vs metrics), top 12 by |ρ|:

| Feature                     | Metric                   |   N |   SpearmanR |   t_stat |     p_value |
|:----------------------------|:-------------------------|----:|------------:|---------:|------------:|
| market_state_corr_pc1_ratio | time_tau                 | 611 |    0.447625 | 12.3531  | 1.93127e-31 |
| market_state_corr_pc1_ratio | time_half_life           | 611 |    0.447625 | 12.3531  | 1.93127e-31 |
| market_state_corr_mean_abs  | time_tau                 | 611 |    0.392282 | 10.5243  | 6.51934e-24 |
| market_state_corr_mean_abs  | time_half_life           | 611 |    0.392282 | 10.5243  | 6.51934e-24 |
| market_state_corr_mean_abs  | gate_entropy             | 611 |    0.298791 |  7.7265  | 4.57489e-14 |
| market_state_tail_2sigma    | time_ratio               | 611 |   -0.254359 | -6.49051 | 1.77453e-10 |
| market_state_corr_mean_abs  | time_ratio               | 611 |   -0.233202 | -5.91813 | 5.43723e-09 |
| market_vol_20               | factor_gate_entropy      | 611 |   -0.230588 | -5.84802 | 8.11909e-09 |
| market_state_corr_pc1_ratio | gate_entropy             | 611 |    0.228451 |  5.79084 | 1.1226e-08  |
| market_state_tail_2sigma    | gate_entropy             | 611 |    0.210158 |  5.30473 | 1.5816e-07  |
| market_vol_20               | factor_gate_topk_mass_10 | 611 |    0.188076 |  4.72566 | 2.85119e-06 |
| market_state_corr_pc1_ratio | time_ratio               | 611 |   -0.148    | -3.69301 | 0.000241529 |

- Full table: `regime_corr_spearman.csv`

![Regime scatter (performance)](regime_scatter_perf.png)

![Regime scatter (routing)](regime_scatter_router.png)

#### 2.X.1 指标释义（读表指南）

- `market_state_corr_pc1_ratio`：市场“单一主导因子/同涨同跌”强度（越高越像单一市场因子驱动）。
- `market_state_tail_2sigma`：尾部/冲击强度（越高表示极端波动占比越高）。
- `market_state_corr_mean_abs`：拥挤度/相关性水平（越高越拥挤，alpha 更难独立发挥）。
- `market_vol_20`：基准 20 日波动（通常已标准化，解读为相对高/低波动）。
- `RankIC/IC`：预测排序/线性相关质量；`IR` 为日度均值/标准差（样本少时不稳定）。
- `time_ratio`：路由对 time-expert 的权重（高→更偏时序专家，低→更偏截面因子专家）。
- `gate_entropy`：路由不确定性（接近 0.693，约等于两专家均匀；越低越“果断”）。
- `time_tau/time_half_life`：时间记忆尺度（越大→更长记忆/更慢衰减）。
- `factor_gate_entropy/topk_mass`：因子重加权是否集中（topk_mass 高/entropy 低→更集中）。



#### 2.X.2 观测到的差异（test）

- RankIC daily range: -0.3421~0.5242

- IC daily range: -0.3406~0.5947

- time_ratio daily range: 0.4317~0.7833

- gate_entropy daily range: 0.5162~0.6818

- time_tau daily range: 4.3764~7.8288

- 2×2 regimes: RankIC_mean: best=High-PC1 / High-Tail(0.0924), worst=Low-PC1 / Low-Tail(0.0520), spread=0.0405

- 2×2 routing: time_ratio_mean: best=Low-PC1 / Low-Tail(0.7319), worst=High-PC1 / High-Tail(0.6726), spread=0.0593

- `market_state_corr_pc1_ratio` terciles: RankIC_mean Δ(High-Low)=0.0212, time_ratio_mean Δ(High-Low)=-0.0222

- `market_state_tail_2sigma` terciles: RankIC_mean Δ(High-Low)=0.0526, time_ratio_mean Δ(High-Low)=-0.0647

- `market_state_corr_mean_abs` terciles: RankIC_mean Δ(High-Low)=0.0387, time_ratio_mean Δ(High-Low)=-0.0292

- `market_vol_20` terciles: RankIC_mean Δ(High-Low)=0.0173, time_ratio_mean Δ(High-Low)=-0.0081

- Routing ↔ quality coupling (Spearman, test): time_ratio↔rank_ic: ρ=-0.04 (n=611); gate_entropy↔rank_ic: ρ=0.03 (n=611); time_tau↔rank_ic: ρ=0.05 (n=611); factor_gate_entropy↔rank_ic: ρ=0.00 (n=611)

- Strongest state↔performance: `market_state_corr_mean_abs` vs `ic` ρ=0.06 (n=611).

- Strongest state↔routing: `market_state_corr_pc1_ratio` vs `time_tau` ρ=0.45 (n=611).


- 解释建议：若“预测质量差异”显著但 `time_ratio/gate_entropy/time_tau` 基本不变，说明路由/时间尺度未随宏观状态自适应；反之若路由显著变化但 RankIC 不变，可能是“在动但没带来收益”。
- 注意：test 天数通常较少，分桶后的 `IR` 与相关性更偏诊断用途；建议在更长窗口/多次 run 上复核。 


## 3. Training Dynamics & Portfolio Backtest

### 3.1 Training Dynamics (MSE vs. RankIC)

训练阶段采用 **MSE 主 loss**（基于 rank-label），这里展示 train/mse 与 valid/rank_ic 随 epoch 的演化，并粗略量化二者的相关性：

- Peak valid RankIC approx 0.0694 at epoch 13
- Corr(-train MSE, valid RankIC) approx 0.876

![Training dynamics (MSE vs RankIC)](train_curves_mse_rankic.png)

### 3.2 Portfolio Backtest (2020-07-01~2022-12-30, csi300 universe)

- 年化收益 (excess return with cost): 13.77% (如果为 nan 请检查 portfolio_analysis/port_analysis_1day.pkl)
- 信息比 (Information Ratio): 1.30
- 最大回撤: -7.16%
- 成交换手率 (Turnover): 32.76%

## 3.3 Qlib Official Graphs

使用 Qlib 官方 report 模块生成的图表：

### analysis_position.report_graph

- [analysis_position.report_graph](qlib_analysis_position_report_graph.html)

### analysis_position.risk_analysis_graph

- [analysis_position.risk_analysis_graph](qlib_analysis_position_risk_analysis_graph_1.html)

- [analysis_position.risk_analysis_graph](qlib_analysis_position_risk_analysis_graph_2.html)

- [analysis_position.risk_analysis_graph](qlib_analysis_position_risk_analysis_graph_3.html)

- [analysis_position.risk_analysis_graph](qlib_analysis_position_risk_analysis_graph_4.html)

- [analysis_position.risk_analysis_graph](qlib_analysis_position_risk_analysis_graph_5.html)

### analysis_position.score_ic_graph

- [analysis_position.score_ic_graph](qlib_analysis_position_score_ic_graph.html)

### analysis_model.model_performance_graph

- [analysis_model.model_performance_graph](qlib_analysis_model_model_performance_graph_1.html)

- [analysis_model.model_performance_graph](qlib_analysis_model_model_performance_graph_2.html)

- [analysis_model.model_performance_graph](qlib_analysis_model_model_performance_graph_3.html)

- [analysis_model.model_performance_graph](qlib_analysis_model_model_performance_graph_4.html)

- [analysis_model.model_performance_graph](qlib_analysis_model_model_performance_graph_5.html)

- [analysis_model.model_performance_graph](qlib_analysis_model_model_performance_graph_6.html)

### analysis_position.cumulative_return_graph

- [analysis_position.cumulative_return_graph](qlib_analysis_position_cumulative_return_graph_1.html)

- [analysis_position.cumulative_return_graph](qlib_analysis_position_cumulative_return_graph_2.html)

- [analysis_position.cumulative_return_graph](qlib_analysis_position_cumulative_return_graph_3.html)

- [analysis_position.cumulative_return_graph](qlib_analysis_position_cumulative_return_graph_4.html)

### analysis_position.rank_label_graph

- [analysis_position.rank_label_graph](qlib_analysis_position_rank_label_graph_1.html)

- [analysis_position.rank_label_graph](qlib_analysis_position_rank_label_graph_2.html)

- [analysis_position.rank_label_graph](qlib_analysis_position_rank_label_graph_3.html)

## 4. Spatio-Temporal Disentanglement Diagnostics

### 4.1 Router Gate over Time (time vs. cross-sectional experts)

- Gate time_ratio (time-expert weight) stats on test set: mean=0.714, std=0.053, p10=0.657, p90=0.755

- Gate entropy stats on test set: mean=0.580, std=0.027, p10=0.551, p90=0.617

- time_ratio 接近 1 表示更信任「时间 expert」，接近 0 表示更信任「截面 expert」。
- 若 mean 在 (0.3, 0.7) 且 std > 0，说明路由器确实在不同阶段做非平凡决策；
  若长期贴近 0 或 1，则 MoE 退化为单专家模型。

![Gate time_ratio series](st_disentangle_gate_series_test.png)

![Gate entropy series](st_disentangle_gate_entropy_series_test.png)

### 4.1.1 Regime-Adaptive Time Scale (tau / half-life)

- time_tau stats on test set: mean=5.024, std=0.553, p10=4.526, p90=5.860

- time_half_life stats on test set: mean=3.483, std=0.383, p10=3.137, p90=4.062

![time_tau series](st_disentangle_time_tau_series_test.png)

![time_half_life series](st_disentangle_time_half_life_series_test.png)

- `time_tau` 来自 regime-adaptive time embedding 的时间尺度参数（越大越偏长记忆，越小越偏短记忆）。
- `time_half_life = time_tau * ln(2)`（单位为窗口时间步，若 1 步=1 天则可视作“天数半衰期”）。

### 4.1.1.1 tau vs time_ratio (same-day overlay)

![tau vs time_ratio](st_disentangle_tau_vs_time_ratio_test.png)

### 4.1.2 Regime-Adaptive Factor Gate (concentration)

- factor_gate_mean stats on test set: mean=0.999, std=0.001, p10=0.998, p90=1.000

- factor_gate_std stats on test set: mean=0.018, std=0.008, p10=0.010, p90=0.030

- factor_gate_entropy stats on test set: mean=0.949, std=0.006, p10=0.941, p90=0.959

- factor_gate_topk_mass_5 stats on test set: mean=0.092, std=0.008, p10=0.081, p90=0.104

- factor_gate_topk_mass_10 stats on test set: mean=0.168, std=0.013, p10=0.149, p90=0.184

![factor_gate_mean series](st_disentangle_factor_gate_mean_series_test.png)

![factor_gate_std series](st_disentangle_factor_gate_std_series_test.png)

![factor_gate_entropy series](st_disentangle_factor_gate_entropy_series_test.png)

![factor_gate_topk_mass_5 series](st_disentangle_factor_gate_topk_mass_5_series_test.png)

![factor_gate_topk_mass_10 series](st_disentangle_factor_gate_topk_mass_10_series_test.png)

- `factor_gate_mean` / `factor_gate_std`：regime-adaptive factor gate 权重的日均值/标准差，反映因子重加权的整体幅度和波动。
- `factor_gate_entropy` 是把 per-sample 的 factor gate 归一化后得到的分布熵（再除以 log(N) 做归一化到 0~1）。
  越低表示 gate 越“集中”，即 regime 对因子组合的重加权更强、更具结构性。
- `factor_gate_topk_mass_5` / `factor_gate_topk_mass_10` 表示前 5 / 10 个因子（按 gate 权重排序）的累计质量占比；越高说明越稀疏/越集中。

### 4.2 Temporal Attention (Heatmap + Locality)

基于若干代表性交易日的 **time-attention heatmap**，统计对角/邻近对角的注意力质量：

- 2020-07-01: diag_mass=0.119, local_band_mass=0.341
- 2021-02-09: diag_mass=0.120, local_band_mass=0.342
- 2021-09-28: diag_mass=0.120, local_band_mass=0.342
- 2022-12-30: diag_mass=0.121, local_band_mass=0.343

![Time attention (2020-07-01)](st_disentangle_attn_time_2020-07-01.png)

![Time attention (2021-02-09)](st_disentangle_attn_time_2021-02-09.png)

![Time attention (2021-09-28)](st_disentangle_attn_time_2021-09-28.png)

![Time attention (2022-12-30)](st_disentangle_attn_time_2022-12-30.png)

- diag_mass 衡量注意力在完全对齐的时间步 (i=j) 上的质量；
- local_band_mass 衡量注意力在 |i-j| ≤ 1 的近邻时间步上的质量。
- 越高说明模型更偏向「局部时序模式」（类似 AR / 局部卷积），
  越低说明模型依赖更长程的时序依赖。

### 4.3 Factor Attention (Heatmap + Concentration)

基于同一批交易日的 **factor-attention heatmap**（默认取窗口最后一个时间步），统计注意力的集中度：

- 2020-07-01: diag_mass=0.006, top5_mass=0.041, entropy=0.997
- 2021-02-09: diag_mass=0.006, top5_mass=0.041, entropy=0.998
- 2021-09-28: diag_mass=0.006, top5_mass=0.040, entropy=0.998
- 2022-12-30: diag_mass=0.006, top5_mass=0.041, entropy=0.997

#### 4.3.1 Factor Attention Top-K (ids)

- 2020-07-01: top10 ids=[43, 81, 129, 144, 143, 134, 133, 44, 130, 52]
- 2021-02-09: top10 ids=[144, 129, 143, 134, 146, 70, 48, 157, 63, 43]
- 2021-09-28: top10 ids=[146, 144, 134, 133, 129, 157, 143, 66, 52, 6]
- 2022-12-30: top10 ids=[157, 144, 146, 43, 134, 137, 147, 129, 66, 143]

![Factor attention (2020-07-01)](st_disentangle_attn_factor_2020-07-01.png)

![Factor attention (2021-02-09)](st_disentangle_attn_factor_2021-02-09.png)

![Factor attention (2021-09-28)](st_disentangle_attn_factor_2021-09-28.png)

![Factor attention (2022-12-30)](st_disentangle_attn_factor_2022-12-30.png)

- diag_mass：因子对自身的注意力质量（越高说明更“自回归/自保留”）；
- top5_mass：每个因子行向量中 Top-5 权重质量的均值（越高说明更稀疏、更“专家化”）；
- entropy：归一化熵 (0~1)，越低越尖锐，越高越均匀。
- 注意：因子维度没有天然顺序，因此不像时间维那样用“邻近对角带”解释；我们更关心“是否稀疏/是否可解释地集中在少数因子交互上”。

### 4.4 Factor Pooling Attention (Heatmap + Top-K)

来自 attention pooling 的 `factor_attention_weights`（模型输出 `factor_pool_weights`），按日对 batch 做均值后导出 heatmap 与 Top-K：

#### 4.4.1 Factor Pooling Top-K (ids)

- 2020-07-01: top10 ids=[18, 53, 13, 28, 0, 6, 17, 39, 63, 119]
- 2021-02-09: top10 ids=[18, 53, 13, 44, 6, 45, 28, 0, 43, 119]
- 2021-09-28: top10 ids=[44, 13, 45, 18, 43, 53, 0, 28, 70, 46]
- 2022-12-30: top10 ids=[13, 18, 28, 44, 0, 53, 45, 70, 6, 17]

![Factor pooling attention (2020-07-01)](st_disentangle_attn_pool_factor_2020-07-01.png)

![Factor pooling attention (2021-02-09)](st_disentangle_attn_pool_factor_2021-02-09.png)

![Factor pooling attention (2021-09-28)](st_disentangle_attn_pool_factor_2021-09-28.png)

![Factor pooling attention (2022-12-30)](st_disentangle_attn_pool_factor_2022-12-30.png)

## 5. Summary

RST-MoE 在官方 Alpha158 / CSI300 框架下，兼顾了稳健的日频预测性能 （IC / RankIC / 信息比）和可解释的时空解耦结构（gate 曲线 + attention 局部性），同时通过 MSE 训练曲线与 RankIC 的联动，展示了从 rank-label → MSE 优化 → 截面预测 → 组合收益的一条清晰传导链。

================================================================================
